Downloading: A0A075F932
Downloading: A0A0C5B5G6
Downloading: A0A0K3AV08
Downloading: A0A0N9E2K8
Downloading: A0A0R4IBK5
Downloading: A0AVF1
Downloading: A0FGR8
Downloading: A0FGR9
Downloading: A0FLQ6
Downloading: A0JMQ9
Downloading: A0JPF9
Downloading: A0MS83
Downloading: A0MSJ1
Downloading: A0MWD1
Downloading: A0PJK1
Downloading: A0PK84
Downloading: A1A547
Downloading: A1A5H6
Downloading: A1A5V7
Downloading: A1IGX5
Downloading: A1L224
Downloading: A1L2F3
Downloading: A1XQX0
Downloading: A1XQX1
Downloading: A1Z198
Downloading: A1Z9R4
Downloading: A1ZB42
Downloading: A2A432
Downloading: A2A690
Downloading: A2AJN7
Downloading: A2AKQ8
Downloading: A2ATD1
Downloading: A2ATU0
Downloading: A2BE76
Downloading: A2BID5
Downloading: A2QD49
Downloading: A2QIL5
Downloading: A2QJF9
Downloading: A2QPN1
Downloading: A2R3L3
Downloading: A2RA94
Downloading: A2RSY6
Downloading: A2RUS2
Downloading: A2RVP7
Downloading: A2SWM2
Downloading: A2T928
Downloading: A2VD23
Downloading: A3KFX0
Downloading: A3KMN5
Downloading: A3KNL5
Downloading: A3KNX5
Downloading: A3KPQ7
Downloading: A3QJU3
Downloading: A4D126
Downloading: A4DA85
Downloading: A4GVE9
Downloading: A4GZV0
Downloading: A4IFW2
Downloading: A4IG62
Downloading: A4Q9F4
Downloading: A4RGT4
Downloading: A5GFW1
Downloading: A5PMY6
Downloading: A5PN09
Downloading: A5PN28
Downloading: A6H730
Downloading: A6ND01
Downloading: A6P7H6
Downloading: A7BJS7
Downloading: A7KVC2
Downloading: A7LFZ6
Downloading: A7UA95
Downloading: A7UDM9
Downloading: A7UKY7
Downloading: A7XGN8
Downloading: A7XYQ1
Downloading: A8E0Y8
Downloading: A8HUA1
Downloading: A8IVX2
Downloading: A8J1V4
Downloading: A8JUP7
Downloading: A8K010
Downloading: A8MQA5
Downloading: A8MQX3
Downloading: A8MR93
Downloading: A8MSA6
Downloading: A8MXD5
Downloading: A8WE67
Downloading: A8WGP3
Downloading: A9JRC7
Downloading: A9JRD8
Downloading: A9JTG5
Downloading: A9LMC0
Downloading: A9ULB4
Downloading: A9ZLL8
Downloading: B0R0I6
Downloading: B0UYF2
Downloading: B0UZC8
Downloading: B0ZTE1
Downloading: B0ZTE2
Downloading: B1AYB6
Downloading: B1WC58
Downloading: B2GUX4
Downloading: B2GUY2
Downloading: B2GV87
Downloading: B2RSH2
Downloading: B2RXV4
Downloading: B2RY50
Downloading: B2RY83
Downloading: B2ZFP3
Downloading: B2ZGJ1
Downloading: B2ZX90
Downloading: B3A0M3
Downloading: B3A0M6
Downloading: B3A0M7
Downloading: B3A0N0
Downloading: B3A0P0
Downloading: B3DHH5
Downloading: B3DHU2
Downloading: B3DIV9
Downloading: B3DJT0
Downloading: B3DK56
Downloading: B3EWQ1
Downloading: B3EWQ2
Downloading: B3EWQ3
Downloading: B3EWR6
Downloading: B3EWY2
Downloading: B3EWY3
Downloading: B3H5A8
Downloading: B3VZU2
Downloading: B3VZU4
Downloading: B4F7C5
Downloading: B5BT18
Downloading: B5BUZ8
Downloading: B5LUQ7
Downloading: B5LUQ8
Downloading: B5LUQ9
Downloading: B5TVM2
Downloading: B6KG46
Downloading: B6RSP1
Downloading: B6SFA4
Downloading: B6TYV8
Downloading: B6TZ45
Downloading: B7EZJ7
Downloading: B7SY83
Downloading: B7ZRU9
Downloading: B7ZSG3
Downloading: B8PYG1
Downloading: B8XY56
Downloading: B9DHD3
Downloading: B9DI20
Downloading: B9F4I8
Downloading: B9FJG3
Downloading: C0HJH3
Downloading: C0LGG6
Downloading: C0LGP2
Downloading: C0LQF3
Downloading: C0SUT9
Downloading: C0SUU6
Downloading: C0SVG5
Downloading: C0SVM5
Downloading: C4LWQ8
Downloading: C4NZN9
Downloading: C5H5C4
Downloading: C6KYS2
Downloading: C7DZK3
Downloading: C7SFP6
Downloading: C8V329
Downloading: C8V8H4
Downloading: C8VBH4
Downloading: C8VE79
Downloading: C8VE82
Downloading: C8VQ61
Downloading: C8VQ62
Downloading: C8VQ65
Downloading: C8VQ71
Downloading: C8VQ92
Downloading: C8VQ93
Downloading: C8VQ98
Downloading: D0PRN2
Downloading: D0PRN4
Downloading: D2CLZ9
Downloading: D2XNR0
Downloading: D3YWE6
Downloading: D3Z2R5
Downloading: D3Z4R1
Downloading: D3Z752
Downloading: D3ZE55
Downloading: D3ZKX9
Downloading: D3ZLZ7
Downloading: D3ZQF4
Downloading: D3ZQF9
Downloading: D3ZTQ1
Downloading: D3ZZ80
Downloading: D4ABB4
Downloading: D7SFH9
Downloading: D9IX97
Downloading: E0ZS45
Downloading: E0ZS46
Downloading: E0ZS47
Downloading: E1C3S7
Downloading: E1JI63
Downloading: E2R1I5
Downloading: E7C196
Downloading: E7F0Z8
Downloading: E7F6T8
Downloading: E7FAM5
Downloading: E7FEC4
Downloading: E9PT37
Downloading: E9PYY5
Downloading: E9Q4F7
Downloading: E9Q555
Downloading: E9Q649
Downloading: E9Q8Q8
Downloading: E9QIN8
Downloading: E9QJ30
Downloading: E9RD40
Downloading: F1DLK1
Downloading: F1N3B8
Downloading: F1ND48
Downloading: F1Q8W0
Downloading: F1QCC6
Downloading: F1QEG2
Downloading: F1QGZ6
Downloading: F1QIK8
Downloading: F1QQC3
Downloading: F1QWZ4
Downloading: F1R777
Downloading: F1RA39
Downloading: F1RBN2
Downloading: F1RDG9
Downloading: F1RDM5
Downloading: F1REV3
Downloading: F2Z461
Downloading: F4HNU8
Downloading: F4HPZ9
Downloading: F4HW17
Downloading: F4HYR6
Downloading: F4I1H5
Downloading: F4I460
Downloading: F4I562
Downloading: F4I594
Downloading: F4I5Q6
Downloading: F4I878
Downloading: F4I8R6
Downloading: F4I9E1
Downloading: F4IA73
Downloading: F4IDI6
Downloading: F4IGZ2
Downloading: F4IJV4
Downloading: F4ILF8
Downloading: F4IP69
Downloading: F4IQG2
Downloading: F4IUG9
Downloading: F4IVR7
Downloading: F4J0C0
Downloading: F4J2J6
Downloading: F4J3P7
Downloading: F4JH53
Downloading: F4JJH4
Downloading: F4JLI5
Downloading: F4JM19
Downloading: F4JSH1
Downloading: F4JVA9
Downloading: F4JVI3
Downloading: F4JYZ8
Downloading: F4K4R6
Downloading: F4K5K6
Downloading: F4K5X6
Downloading: F4KBF5
Downloading: F4KD38
Downloading: F4KFT7
Downloading: F4KHH8
Downloading: F4KIF3
Downloading: F7C0L1
Downloading: F7EQ49
Downloading: F8VPN2
Downloading: G1FC92
Downloading: G3X9J0
Downloading: G3XA57
Downloading: G4MTF8
Downloading: G4NK46
Downloading: G5E870
Downloading: G5EB76
Downloading: G5EBT1
Downloading: G5EBZ8
Downloading: G5EC68
Downloading: G5ED44
Downloading: G5ED65
Downloading: G5EDJ4
Downloading: G5EED4
Downloading: G5EFV5
Downloading: G5EFV8
Downloading: G5EGH7
Downloading: H2KZU7
Downloading: H2L002
Downloading: I6V1W0
Downloading: K9JA28
Downloading: L7VG99
Downloading: L7YAI7
Downloading: L8BRS3
Downloading: M1GL27
Downloading: M3TYT0
Downloading: N1NVB7
Downloading: O00089
Downloading: O00264
Downloading: O00445
Downloading: O00458
Downloading: O00835
Downloading: O01322
Downloading: O01395
Downloading: O01510
Downloading: O01658
Downloading: O01775
Downloading: O01805
Downloading: O01839
Downloading: O01884
Downloading: O01925
Downloading: O01929
Downloading: O01930
Downloading: O01931
Downloading: O02056
Downloading: O02100
Downloading: O02194
Downloading: O02639
Downloading: O02840
Downloading: O04005
Downloading: O04161
Downloading: O04195
Downloading: O04312
Downloading: O04319
Downloading: O04336
Downloading: O04351
Downloading: O04488
Downloading: O04590
Downloading: O04608
Downloading: O04951
Downloading: O08550
Downloading: O08619
Downloading: O08638
Downloading: O08680
Downloading: O08786
Downloading: O08843
Downloading: O08856
Downloading: O08918
Downloading: O08934
Downloading: O08954
Downloading: O08957
Downloading: O08983
Downloading: O09009
Downloading: O09037
Downloading: O09105
Downloading: O09107
Downloading: O09113
Downloading: O09173
Downloading: O09198
Downloading: O12948
Downloading: O12990
Downloading: O13023
Downloading: O13034
Downloading: O13125
Downloading: O13168
Downloading: O13306
Downloading: O13332
Downloading: O13345
Downloading: O13410
Downloading: O13543
Downloading: O13704
Downloading: O13740
Downloading: O13829
Downloading: O13879
Downloading: O13950
Downloading: O13987
Downloading: O14055
Downloading: O14109
Downloading: O14137
Downloading: O14223
Downloading: O14296
Downloading: O14464
Downloading: O14558
Downloading: O14579
Downloading: O14609
Downloading: O14683
Downloading: O14874
Downloading: O15031
Downloading: O15034
Downloading: O15042
Downloading: O15047
Downloading: O15529
Downloading: O15819
Downloading: O16425
Downloading: O16662
Downloading: O16868
Downloading: O17956
Downloading: O18211
Downloading: O18391
Downloading: O18475
Downloading: O18836
Downloading: O21050
Downloading: O22207
Downloading: O22230
Downloading: O22693
Downloading: O22718
Downloading: O22759
Downloading: O22768
Downloading: O22800
Downloading: O22833
Downloading: O22864
Downloading: O22866
Downloading: O22874
Downloading: O22900
Downloading: O22967
Downloading: O23053
Downloading: O23076
Downloading: O23164
Downloading: O23208
Downloading: O23210
Downloading: O23239
Downloading: O23341
Downloading: O23463
Downloading: O23624
Downloading: O24370
Downloading: O24521
Downloading: O24598
Downloading: O35130
Downloading: O35149
Downloading: O35207
Downloading: O35256
Downloading: O35276
Downloading: O35367
Downloading: O35368
Downloading: O35393
Downloading: O35474
Downloading: O35485
Downloading: O35566
Downloading: O35595
Downloading: O35602
Downloading: O35622
Downloading: O35719
Downloading: O35779
Downloading: O35878
Downloading: O35881
Downloading: O35949
Downloading: O35969
Downloading: O42115
Downloading: O42145
Downloading: O42182
Downloading: O42202
Downloading: O42221
Downloading: O42261
Downloading: O42273
Downloading: O42280
Downloading: O42356
Downloading: O42357
Downloading: O42358
Downloading: O42479
Downloading: O42569
Downloading: O42617
Downloading: O42656
Downloading: O43077
Downloading: O43100
Downloading: O43155
Downloading: O43169
Downloading: O43292
Downloading: O43493
Downloading: O43653
Downloading: O43761
Downloading: O43790
Downloading: O43827
Downloading: O43895
Downloading: O43908
Downloading: O44169
Downloading: O44476
Downloading: O44502
Downloading: O44757
Downloading: O44827
Downloading: O44959
Downloading: O45499
Downloading: O45523
Downloading: O45539
Downloading: O45876
Downloading: O46037
Downloading: O46072
Downloading: O46080
Downloading: O46098
Downloading: O46107
Downloading: O46341
Downloading: O46404
Downloading: O46680
Downloading: O48573
Downloading: O48582
Downloading: O48711
Downloading: O48780
Downloading: O48848
Downloading: O48916
Downloading: O49139
Downloading: O49250
Downloading: O49286
Downloading: O49312
Downloading: O49323
Downloading: O49347
Downloading: O49404
Downloading: O49436
Downloading: O49550
Downloading: O49608
Downloading: O49743
Downloading: O49782
Downloading: O54714
Downloading: O54715
Downloading: O54804
Downloading: O54836
Downloading: O54862
Downloading: O54901
Downloading: O54922
Downloading: O55006
Downloading: O55100
Downloading: O55123
Downloading: O55192
Downloading: O55226
Downloading: O57337
Downloading: O57374
Downloading: O57409
Downloading: O57521
Downloading: O57598
Downloading: O57682
Downloading: O59735
Downloading: O59753
Downloading: O60111
Downloading: O60143
Downloading: O60183
Downloading: O60259
Downloading: O60437
Downloading: O60658
Downloading: O60667
Downloading: O60784
Downloading: O60806
Downloading: O60902
Downloading: O61219
Downloading: O61345
Downloading: O61742
Downloading: O62106
Downloading: O62680
Downloading: O64380
Downloading: O64483
Downloading: O64564
Downloading: O64687
Downloading: O64692
Downloading: O64700
Downloading: O64738
Downloading: O64747
Downloading: O64749
Downloading: O64812
Downloading: O64817
Downloading: O65090
Downloading: O65270
Downloading: O65420
Downloading: O65426
Downloading: O65431
Downloading: O65440
Downloading: O65499
Downloading: O65515
Downloading: O65621
Downloading: O65704
Downloading: O65784
Downloading: O65788
Downloading: O70131
Downloading: O70137
Downloading: O70167
Downloading: O70172
Downloading: O70303
Downloading: O70340
Downloading: O70367
Downloading: O70479
Downloading: O70540
Downloading: O70552
Downloading: O70554
Downloading: O70556
Downloading: O70584
Downloading: O70600
Downloading: O73612
Downloading: O73727
Downloading: O73791
Downloading: O73792
Downloading: O73823
Downloading: O73874
Downloading: O74261
Downloading: O74351
Downloading: O74364
Downloading: O74450
Downloading: O74454
Downloading: O74683
Downloading: O74684
Downloading: O74711
Downloading: O74802
Downloading: O74874
Downloading: O74952
Downloading: O74955
Downloading: O74970
Downloading: O74988
Downloading: O75061
Downloading: O75310
Downloading: O75333
Downloading: O75354
Downloading: O75356
Downloading: O75437
Downloading: O75829
Downloading: O75920
Downloading: O76009
Downloading: O76013
Downloading: O76014
Downloading: O76015
Downloading: O76411
Downloading: O76511
Downloading: O76695
Downloading: O76767
Downloading: O76878
Downloading: O76879
Downloading: O77741
Downloading: O80337
Downloading: O80483
Downloading: O80560
Downloading: O80612
Downloading: O80622
Downloading: O80695
Downloading: O80742
Downloading: O80807
Downloading: O80877
Downloading: O80912
Downloading: O80932
Downloading: O80983
Downloading: O80990
Downloading: O81037
Downloading: O81081
Downloading: O81291
Downloading: O81346
Downloading: O81415
Downloading: O81778
Downloading: O81791
Downloading: O82171
Downloading: O82333
Downloading: O82498
Downloading: O82617
Downloading: O82632
Downloading: O88188
Downloading: O88277
Downloading: O88335
Downloading: O88346
Downloading: O88407
Downloading: O88445
Downloading: O88450
Downloading: O88454
Downloading: O88472
Downloading: O88477
Downloading: O88502
Downloading: O88553
Downloading: O88582
Downloading: O88593
Downloading: O88677
Downloading: O88689
Downloading: O88708
Downloading: O88741
Downloading: O88777
Downloading: O88786
Downloading: O88808
Downloading: O88842
Downloading: O88854
Downloading: O88870
Downloading: O88875
Downloading: O88878
Downloading: O88888
Downloading: O89029
Downloading: O89042
Downloading: O89104
Downloading: O89117
Downloading: O93257
Downloading: O93464
Downloading: O93529
Downloading: O93574
Downloading: O94251
Downloading: O94306
Downloading: O94350
Downloading: O94411
Downloading: O94702
Downloading: O94712
Downloading: O94779
Downloading: O94856
Downloading: O94886
Downloading: O94919
Downloading: O94956
Downloading: O95057
Downloading: O95208
Downloading: O95238
Downloading: O95274
Downloading: O95372
Downloading: O95377
Downloading: O95389
Downloading: O95415
Downloading: O95475
Downloading: O95490
Downloading: O95674
Downloading: O95678
Downloading: O95757
Downloading: O95772
Downloading: O95777
Downloading: O95965
Downloading: O95972
Downloading: O96382
Downloading: O96612
Downloading: O96863
Downloading: O97176
Downloading: O97177
Downloading: O97420
Downloading: O99019
Downloading: P00046
Downloading: P00156
Downloading: P00399
Downloading: P00403
Downloading: P00406
Downloading: P00698
Downloading: P01005
Downloading: P01017
Downloading: P01109
Downloading: P01216
Downloading: P01227
Downloading: P01231
Downloading: P01266
Downloading: P01274
Downloading: P01304
Downloading: P02104
Downloading: P02315
Downloading: P02407
Downloading: P02470
Downloading: P02513
Downloading: P02515
Downloading: P02604
Downloading: P02724
Downloading: P02750
Downloading: P02803
Downloading: P02840
Downloading: P02843
Downloading: P04143
Downloading: P04186
Downloading: P04216
Downloading: P04230
Downloading: P04231
Downloading: P04247
Downloading: P04345
Downloading: P04354
Downloading: P04444
Downloading: P04466
Downloading: P04627
Downloading: P04711
Downloading: P04828
Downloading: P04921
Downloading: P04938
Downloading: P04988
Downloading: P05122
Downloading: P05178
Downloading: P05389
Downloading: P05504
Downloading: P05506
Downloading: P05508
Downloading: P05527
Downloading: P05787
Downloading: P05812
Downloading: P06028
Downloading: P06302
Downloading: P06349
Downloading: P06467
Downloading: P06581
Downloading: P06684
Downloading: P06796
Downloading: P07064
Downloading: P07244
Downloading: P07285
Downloading: P07438
Downloading: P07480
Downloading: P07846
Downloading: P07857
Downloading: P08124
Downloading: P08155
Downloading: P08158
Downloading: P08217
Downloading: P08290
Downloading: P08570
Downloading: P08729
Downloading: P09007
Downloading: P09013
Downloading: P09014
Downloading: P09015
Downloading: P09023
Downloading: P09066
Downloading: P09092
Downloading: P09495
Downloading: P09497
Downloading: P09531
Downloading: P09584
Downloading: P09632
Downloading: P09633
Downloading: P09656
Downloading: P09858
Downloading: P09923
Downloading: P09937
Downloading: P0C0A9
Downloading: P0C0L6
Downloading: P0C0M2
Downloading: P0C0M3
Downloading: P0C0P7
Downloading: P0C0P8
Downloading: P0C1T1
Downloading: P0C5J4
Downloading: P0C6A2
Downloading: P0C6B2
Downloading: P0C8M2
Downloading: P0CAT2
Downloading: P0CAY6
Downloading: P0CB65
Downloading: P0CE95
Downloading: P0CF52
Downloading: P0CF95
Downloading: P0CH32
Downloading: P0CH95
Downloading: P0CI65
Downloading: P0CK98
Downloading: P0CM46
Downloading: P0CP18
Downloading: P0CT49
Downloading: P0CW18
Downloading: P0CW78
Downloading: P0CX15
Downloading: P0CX31
Downloading: P0CX32
Downloading: P0CX51
Downloading: P0CX52
Downloading: P0CY15
Downloading: P0CY22
Downloading: P0CY34
Downloading: P0DI11
Downloading: P0DKI8
Downloading: P0DKI9
Downloading: P0DKJ0
Downloading: P0DKJ1
Downloading: P0DKJ2
Downloading: P0DM41
Downloading: P0DMW0
Downloading: P10065
Downloading: P10066
Downloading: P10068
Downloading: P10157
Downloading: P10184
Downloading: P10508
Downloading: P10629
Downloading: P10648
Downloading: P10842
Downloading: P10888
Downloading: P11029
Downloading: P11216
Downloading: P11490
Downloading: P11678
Downloading: P11716
Downloading: P12025
Downloading: P12226
Downloading: P12345
Downloading: P12428
Downloading: P12657
Downloading: P12675
Downloading: P12790
Downloading: P13054
Downloading: P13130
Downloading: P13264
Downloading: P13373
Downloading: P13438
Downloading: P13471
Downloading: P13562
Downloading: P13678
Downloading: P13727
Downloading: P13745
Downloading: P13904
Downloading: P14010
Downloading: P14083
Downloading: P14127
Downloading: P14130
Downloading: P14318
Downloading: P15144
Downloading: P15280
Downloading: P15370
Downloading: P15392
Downloading: P15620
Downloading: P15656
Downloading: P15814
Downloading: P15863
Downloading: P16083
Downloading: P16163
Downloading: P16294
Downloading: P16296
Downloading: P16642
Downloading: P16643
Downloading: P16646
Downloading: P16911
Downloading: P17012
Downloading: P17251
Downloading: P17343
Downloading: P17438
Downloading: P17511
Downloading: P17654
Downloading: P17657
Downloading: P17704
Downloading: P17870
Downloading: P17897
Downloading: P18173
Downloading: P18211
Downloading: P18238
Downloading: P18293
Downloading: P18469
Downloading: P18612
Downloading: P18627
Downloading: P18708
Downloading: P18835
Downloading: P18865
Downloading: P18908
Downloading: P18935
Downloading: P19098
Downloading: P19139
Downloading: P19335
Downloading: P19397
Downloading: P19620
Downloading: P19626
Downloading: P19639
Downloading: P19874
Downloading: P19889
Downloading: P19957
Downloading: P20028
Downloading: P20154
Downloading: P20288
Downloading: P20348
Downloading: P20349
Downloading: P20615
Downloading: P20674
Downloading: P20720
Downloading: P20850
Downloading: P20852
Downloading: P21129
Downloading: P21183
Downloading: P21524
Downloading: P21581
Downloading: P21592
Downloading: P21595
Downloading: P21614
Downloading: P21658
Downloading: P21750
Downloading: P22005
Downloading: P22028
Downloading: P22197
Downloading: P22209
Downloading: P22226
Downloading: P22389
Downloading: P22531
Downloading: P22532
Downloading: P22702
Downloading: P22944
Downloading: P22977
Downloading: P22979
Downloading: P23060
Downloading: P23180
Downloading: P23248
Downloading: P23336
Downloading: P23435
Downloading: P23463
Downloading: P23493
Downloading: P23527
Downloading: P23563
Downloading: P23591
Downloading: P23614
Downloading: P23683
Downloading: P23748
Downloading: P23767
Downloading: P23813
Downloading: P24257
Downloading: P24526
Downloading: P24534
Downloading: P24585
Downloading: P24634
Downloading: P24721
Downloading: P24853
Downloading: P24865
Downloading: P25035
Downloading: P25040
Downloading: P25162
Downloading: P25236
Downloading: P25305
Downloading: P25318
Downloading: P25335
Downloading: P25341
Downloading: P25380
Downloading: P25444
Downloading: P25455
Downloading: P25585
Downloading: P25608
Downloading: P25611
Downloading: P25616
Downloading: P25991
Downloading: P26011
Downloading: P26436
Downloading: P26446
Downloading: P26632
Downloading: P26794
Downloading: P26802
Downloading: P26889
Downloading: P26893
Downloading: P27005
Downloading: P27398
Downloading: P27420
Downloading: P27633
Downloading: P27645
Downloading: P27659
Downloading: P27674
Downloading: P27777
Downloading: P27792
Downloading: P27933
Downloading: P28235
Downloading: P28293
Downloading: P28312
Downloading: P28327
Downloading: P28665
Downloading: P28667
Downloading: P28668
Downloading: P28682
Downloading: P28684
Downloading: P28799
Downloading: P28817
Downloading: P29322
Downloading: P29383
Downloading: P29518
Downloading: P29524
Downloading: P29525
Downloading: P29536
Downloading: P29616
Downloading: P29621
Downloading: P29699
Downloading: P29746
Downloading: P29755
Downloading: P29776
Downloading: P29830
Downloading: P30049
Downloading: P30549
Downloading: P30584
Downloading: P30645
Downloading: P30740
Downloading: P31009
Downloading: P31170
Downloading: P31257
Downloading: P31313
Downloading: P31394
Downloading: P31533
Downloading: P31597
Downloading: P31673
Downloading: P31720
Downloading: P31725
Downloading: P31924
Downloading: P31996
Downloading: P32043
Downloading: P32047
Downloading: P32394
Downloading: P32443
Downloading: P32450
Downloading: P32460
Downloading: P32463
Downloading: P32488
Downloading: P32572
Downloading: P32626
Downloading: P32634
Downloading: P32645
Downloading: P32838
Downloading: P32875
Downloading: P32926
Downloading: P32972
Downloading: P33078
Downloading: P33175
Downloading: P33181
Downloading: P33267
Downloading: P33270
Downloading: P33315
Downloading: P33442
Downloading: P33579
Downloading: P33609
Downloading: P33757
Downloading: P33778
Downloading: P33890
Downloading: P34183
Downloading: P34212
Downloading: P34231
Downloading: P34259
Downloading: P34281
Downloading: P34284
Downloading: P34285
Downloading: P34329
Downloading: P34339
Downloading: P34341
Downloading: P34342
Downloading: P34346
Downloading: P34355
Downloading: P34375
Downloading: P34389
Downloading: P34409
Downloading: P34449
Downloading: P34517
Downloading: P34528
Downloading: P34546
Downloading: P34641
Downloading: P34660
Downloading: P34666
Downloading: P34681
Downloading: P34688
Downloading: P34722
Downloading: P34810
Downloading: P34820
Downloading: P34890
Downloading: P34914
Downloading: P34928
Downloading: P35209
Downloading: P35230
Downloading: P35266
Downloading: P35326
Downloading: P35363
Downloading: P35375
Downloading: P35383
Downloading: P35407
Downloading: P35413
Downloading: P35487
Downloading: P35573
Downloading: P35689
Downloading: P35737
Downloading: P35748
Downloading: P36002
Downloading: P36023
Downloading: P36038
Downloading: P36156
Downloading: P36157
Downloading: P36170
Downloading: P36196
Downloading: P36198
Downloading: P36211
Downloading: P36367
Downloading: P36508
Downloading: P36537
Downloading: P36625
Downloading: P37159
Downloading: P37193
Downloading: P37293
Downloading: P37398
Downloading: P37898
Downloading: P38096
Downloading: P38109
Downloading: P38113
Downloading: P38241
Downloading: P38254
Downloading: P38314
Downloading: P38343
Downloading: P38571
Downloading: P38622
Downloading: P38656
Downloading: P38694
Downloading: P38765
Downloading: P38767
Downloading: P38772
Downloading: P38776
Downloading: P38804
Downloading: P38814
Downloading: P38839
Downloading: P38970
Downloading: P38973
Downloading: P39011
Downloading: P39018
Downloading: P39110
Downloading: P39205
Downloading: P39677
Downloading: P39712
Downloading: P39945
Downloading: P39988
Downloading: P40041
Downloading: P40063
Downloading: P40156
Downloading: P40187
Downloading: P40188
Downloading: P40201
Downloading: P40226
Downloading: P40307
Downloading: P40320
Downloading: P40426
Downloading: P40446
Downloading: P40463
Downloading: P40504
Downloading: P40526
Downloading: P40534
Downloading: P40550
Downloading: P40647
Downloading: P40753
Downloading: P40920
Downloading: P40987
Downloading: P41572
Downloading: P41846
Downloading: P41913
Downloading: P41990
Downloading: P42098
Downloading: P42126
Downloading: P42170
Downloading: P42212
Downloading: P42339
Downloading: P42524
Downloading: P42571
Downloading: P42682
Downloading: P42794
Downloading: P42883
Downloading: P42934
Downloading: P43117
Downloading: P43248
Downloading: P43300
Downloading: P43352
Downloading: P43480
Downloading: P43507
Downloading: P43544
Downloading: P43604
Downloading: P43610
Downloading: P43611
Downloading: P43687
Downloading: P43688
Downloading: P45376
Downloading: P45447
Downloading: P45657
Downloading: P45820
Downloading: P45843
Downloading: P45897
Downloading: P46062
Downloading: P46411
Downloading: P46500
Downloading: P46520
Downloading: P46555
Downloading: P46589
Downloading: P46601
Downloading: P46656
Downloading: P46687
Downloading: P46690
Downloading: P46794
Downloading: P46897
Downloading: P46955
Downloading: P46958
Downloading: P46974
Downloading: P47009
Downloading: P47031
Downloading: P47034
Downloading: P47044
Downloading: P47055
Downloading: P47056
Downloading: P47101
Downloading: P47146
Downloading: P47155
Downloading: P47157
Downloading: P47175
Downloading: P47183
Downloading: P47208
Downloading: P47739
Downloading: P47740
Downloading: P47793
Downloading: P47853
Downloading: P47856
Downloading: P47874
Downloading: P47936
Downloading: P47951
Downloading: P47955
Downloading: P48024
Downloading: P48026
Downloading: P48035
Downloading: P48060
Downloading: P48298
Downloading: P48299
Downloading: P48317
Downloading: P48433
Downloading: P48435
Downloading: P48441
Downloading: P48456
Downloading: P48457
Downloading: P48479
Downloading: P48533
Downloading: P48588
Downloading: P48591
Downloading: P48592
Downloading: P48611
Downloading: P48742
Downloading: P48805
Downloading: P48831
Downloading: P48966
Downloading: P49011
Downloading: P49071
Downloading: P49135
Downloading: P49300
Downloading: P49337
Downloading: P49431
Downloading: P49572
Downloading: P49630
Downloading: P49681
Downloading: P49749
Downloading: P49866
Downloading: P49906
Downloading: P49928
Downloading: P49929
Downloading: P50084
Downloading: P50125
Downloading: P50228
Downloading: P50283
Downloading: P50543
Downloading: P50574
Downloading: P50576
Downloading: P50652
Downloading: P50700
Downloading: P50857
Downloading: P50860
Downloading: P50867
Downloading: P50876
Downloading: P51030
Downloading: P51126
Downloading: P51160
Downloading: P51162
Downloading: P51175
Downloading: P51418
Downloading: P51485
Downloading: P51538
Downloading: P51583
Downloading: P51658
Downloading: P51661
Downloading: P51670
Downloading: P51870
Downloading: P51871
Downloading: P51918
Downloading: P52302
Downloading: P52481
Downloading: P52498
Downloading: P52709
Downloading: P52722
Downloading: P52742
Downloading: P52751
Downloading: P52844
Downloading: P52872
Downloading: P52889
Downloading: P52924
Downloading: P52944
Downloading: P52949
Downloading: P52950
Downloading: P52954
Downloading: P53012
Downloading: P53020
Downloading: P53036
Downloading: P53060
Downloading: P53075
Downloading: P53094
Downloading: P53121
Downloading: P53172
Downloading: P53214
Downloading: P53246
Downloading: P53272
Downloading: P53336
Downloading: P53338
Downloading: P53406
Downloading: P53407
Downloading: P53410
Downloading: P53544
Downloading: P53597
Downloading: P53727
Downloading: P53745
Downloading: P53808
Downloading: P53809
Downloading: P53810
Downloading: P53811
Downloading: P53823
Downloading: P53836
Downloading: P53903
Downloading: P53913
Downloading: P53958
Downloading: P53966
Downloading: P54108
Downloading: P54120
Downloading: P54130
Downloading: P54218
Downloading: P54244
Downloading: P54267
Downloading: P54269
Downloading: P54726
Downloading: P54816
Downloading: P55043
Downloading: P55062
Downloading: P55098
Downloading: P55113
Downloading: P55145
Downloading: P55231
Downloading: P55249
Downloading: P55259
Downloading: P55271
Downloading: P55823
Downloading: P55878
Downloading: P55954
Downloading: P56175
Downloading: P56192
Downloading: P56278
Downloading: P56386
Downloading: P56478
Downloading: P56536
Downloading: P56538
Downloading: P56553
Downloading: P56670
Downloading: P56702
Downloading: P56721
Downloading: P56745
Downloading: P56818
Downloading: P56819
Downloading: P57074
Downloading: P57095
Downloading: P57724
Downloading: P57764
Downloading: P58107
Downloading: P58196
Downloading: P58421
Downloading: P58434
Downloading: P58446
Downloading: P58451
Downloading: P58465
Downloading: P58742
Downloading: P58743
Downloading: P58798
Downloading: P58876
Downloading: P58905
Downloading: P58953
Downloading: P58956
Downloading: P58957
Downloading: P58958
Downloading: P58959
Downloading: P59047
Downloading: P59101
Downloading: P59178
Downloading: P59528
Downloading: P59532
Downloading: P59536
Downloading: P59539
Downloading: P59542
Downloading: P59551
Downloading: P59723
Downloading: P59769
Downloading: P60154
Downloading: P60370
Downloading: P60409
Downloading: P60508
Downloading: P60572
Downloading: P60755
Downloading: P60756
Downloading: P60825
Downloading: P60838
Downloading: P60896
Downloading: P61009
Downloading: P61025
Downloading: P61080
Downloading: P61236
Downloading: P61249
Downloading: P61375
Downloading: P61485
Downloading: P61620
Downloading: P61622
Downloading: P61804
Downloading: P61805
Downloading: P61857
Downloading: P61924
Downloading: P62069
Downloading: P62082
Downloading: P62084
Downloading: P62247
Downloading: P62489
Downloading: P62697
Downloading: P62812
Downloading: P62986
Downloading: P63014
Downloading: P63029
Downloading: P63032
Downloading: P63057
Downloading: P63078
Downloading: P63149
Downloading: P63155
Downloading: P63249
Downloading: P63271
Downloading: P63292
Downloading: P63301
Downloading: P67930
Downloading: P68136
Downloading: P68259
Downloading: P68349
Downloading: P68497
Downloading: P68500
Downloading: P69130
Downloading: P69781
Downloading: P70122
Downloading: P70174
Downloading: P70180
Downloading: P70255
Downloading: P70270
Downloading: P70289
Downloading: P70368
Downloading: P70390
Downloading: P70397
Downloading: P70490
Downloading: P70505
Downloading: P70580
Downloading: P70627
Downloading: P70668
Downloading: P78316
Downloading: P78367
Downloading: P78411
Downloading: P78413
Downloading: P78612
Downloading: P79058
Downloading: P79255
Downloading: P79263
Downloading: P79331
Downloading: P79401
Downloading: P79621
Downloading: P79728
Downloading: P79741
Downloading: P79763
Downloading: P79765
Downloading: P79772
Downloading: P79958
Downloading: P79996
Downloading: P80663
Downloading: P80664
Downloading: P81066
Downloading: P81068
Downloading: P81128
Downloading: P81605
Downloading: P81910
Downloading: P81923
Downloading: P81925
Downloading: P81928
Downloading: P82020
Downloading: P82270
Downloading: P82271
Downloading: P82295
Downloading: P82535
Downloading: P82615
Downloading: P82712
Downloading: P83101
Downloading: P83120
Downloading: P83137
Downloading: P83138
Downloading: P83139
Downloading: P83140
Downloading: P83141
Downloading: P83142
Downloading: P83143
Downloading: P83171
Downloading: P83186
Downloading: P83187
Downloading: P83188
Downloading: P83189
Downloading: P83190
Downloading: P83191
Downloading: P83253
Downloading: P83254
Downloading: P83282
Downloading: P83305
Downloading: P83306
Downloading: P83307
Downloading: P83328
Downloading: P83332
Downloading: P83335
Downloading: P83343
Downloading: P83503
Downloading: P83519
Downloading: P83545
Downloading: P83546
Downloading: P83547
Downloading: P83572
Downloading: P83573
Downloading: P83719
Downloading: P83732
Downloading: P83835
Downloading: P83840
Downloading: P83863
Downloading: P83865
Downloading: P83939
Downloading: P83960
Downloading: P83961
Downloading: P84029
Downloading: P84086
Downloading: P84099
Downloading: P84245
Downloading: P84282
Downloading: P84408
Downloading: P84637
Downloading: P84638
Downloading: P84639
Downloading: P84640
Downloading: P84641
Downloading: P84642
Downloading: P84643
Downloading: P84644
Downloading: P84645
Downloading: P84760
Downloading: P84785
Downloading: P84796
Downloading: P84797
Downloading: P84866
Downloading: P84868
Downloading: P84869
Downloading: P84884
Downloading: P85001
Downloading: P85002
Downloading: P85003
Downloading: P85008
Downloading: P85231
Downloading: P85411
Downloading: P85524
Downloading: P85857
Downloading: P86148
Downloading: P86164
Downloading: P86165
Downloading: P86176
Downloading: P86363
Downloading: P86387
Downloading: P86413
Downloading: P86415
Downloading: P86416
Downloading: P86781
Downloading: P86783
Downloading: P86791
Downloading: P86839
Downloading: P86922
Downloading: P86934
Downloading: P86972
Downloading: P86973
Downloading: P87056
Downloading: P87126
Downloading: P87138
Downloading: P87148
Downloading: P87379
Downloading: P89113
Downloading: P90680
Downloading: P90859
Downloading: P91079
Downloading: P91119
Downloading: P91252
Downloading: P91253
Downloading: P91303
Downloading: P91390
Downloading: P91428
Downloading: P91660
Downloading: P91828
Downloading: P91931
Downloading: P92006
Downloading: P92029
Downloading: P93013
Downloading: P93043
Downloading: P93771
Downloading: P93835
Downloading: P94063
Downloading: P97292
Downloading: P97297
Downloading: P97334
Downloading: P97355
Downloading: P97361
Downloading: P97393
Downloading: P97425
Downloading: P97468
Downloading: P97484
Downloading: P97499
Downloading: P97525
Downloading: P97578
Downloading: P97584
Downloading: P97586
Downloading: P97587
Downloading: P97737
Downloading: P97829
Downloading: P97831
Downloading: P97868
Downloading: P97926
Downloading: P98060
Downloading: P98105
Downloading: P98153
Downloading: P98163
Downloading: P98196
Downloading: Q00314
Downloading: Q00372
Downloading: Q00449
Downloading: Q00495
Downloading: Q00637
Downloading: Q00690
Downloading: Q00706
Downloading: Q00707
Downloading: Q00727
Downloading: Q00737
Downloading: Q00784
Downloading: Q00887
Downloading: Q00898
Downloading: Q00939
Downloading: Q00981
Downloading: Q01065
Downloading: Q01546
Downloading: Q01642
Downloading: Q01643
Downloading: Q01644
Downloading: Q01645
Downloading: Q01684
Downloading: Q01703
Downloading: Q01713
Downloading: Q01859
Downloading: Q02221
Downloading: Q02328
Downloading: Q02330
Downloading: Q02398
Downloading: Q02738
Downloading: Q02739
Downloading: Q02747
Downloading: Q02771
Downloading: Q02820
Downloading: Q02926
Downloading: Q03061
Downloading: Q03085
Downloading: Q03088
Downloading: Q03214
Downloading: Q03233
Downloading: Q03263
Downloading: Q03356
Downloading: Q03419
Downloading: Q03496
Downloading: Q03602
Downloading: Q03603
Downloading: Q03652
Downloading: Q03669
Downloading: Q03697
Downloading: Q03734
Downloading: Q03740
Downloading: Q03771
Downloading: Q03772
Downloading: Q04182
Downloading: Q04231
Downloading: Q04299
Downloading: Q04399
Downloading: Q04406
Downloading: Q04418
Downloading: Q04429
Downloading: Q04667
Downloading: Q04688
Downloading: Q04742
Downloading: Q04744
Downloading: Q04745
Downloading: Q04773
Downloading: Q04807
Downloading: Q04867
Downloading: Q04902
Downloading: Q04952
Downloading: Q05031
Downloading: Q05036
Downloading: Q05159
Downloading: Q05186
Downloading: Q05215
Downloading: Q05337
Downloading: Q05515
Downloading: Q05717
Downloading: Q05722
Downloading: Q05764
Downloading: Q05778
Downloading: Q05791
Downloading: Q05812
Downloading: Q05816
Downloading: Q05895
Downloading: Q05909
Downloading: Q05928
Downloading: Q05996
Downloading: Q05A36
Downloading: Q05A80
Downloading: Q05CL8
Downloading: Q06108
Downloading: Q06109
Downloading: Q06200
Downloading: Q06214
Downloading: Q06325
Downloading: Q06350
Downloading: Q06640
Downloading: Q06646
Downloading: Q06665
Downloading: Q06674
Downloading: Q06676
Downloading: Q06688
Downloading: Q06725
Downloading: Q06726
Downloading: Q06915
Downloading: Q07152
Downloading: Q071E0
Downloading: Q07283
Downloading: Q07424
Downloading: Q07655
Downloading: Q07660
Downloading: Q07798
Downloading: Q07843
Downloading: Q07949
Downloading: Q07959
Downloading: Q08045
Downloading: Q08093
Downloading: Q08202
Downloading: Q08226
Downloading: Q08237
Downloading: Q08351
Downloading: Q08376
Downloading: Q08479
Downloading: Q08480
Downloading: Q08522
Downloading: Q08535
Downloading: Q08554
Downloading: Q08648
Downloading: Q08693
Downloading: Q08726
Downloading: Q08731
Downloading: Q08732
Downloading: Q08750
Downloading: Q08755
Downloading: Q08756
Downloading: Q08820
Downloading: Q08914
Downloading: Q08929
Downloading: Q08A72
Downloading: Q08CI8
Downloading: Q09165
Downloading: Q09200
Downloading: Q09253
Downloading: Q09265
Downloading: Q09306
Downloading: Q09309
Downloading: Q09314
Downloading: Q09324
Downloading: Q09353
Downloading: Q09364
Downloading: Q09369
Downloading: Q09435
Downloading: Q09440
Downloading: Q09499
Downloading: Q09512
Downloading: Q09541
Downloading: Q09596
Downloading: Q09607
Downloading: Q09630
Downloading: Q09639
Downloading: Q09647
Downloading: Q09718
Downloading: Q09760
Downloading: Q09810
Downloading: Q09996
Downloading: Q0D3S3
Downloading: Q0DY72
Downloading: Q0GGL7
Downloading: Q0GKD5
Downloading: Q0GNC1
Downloading: Q0J9J6
Downloading: Q0JDC5
Downloading: Q0JMB2
Downloading: Q0KHT7
Downloading: Q0KIC3
Downloading: Q0MWV8
Downloading: Q0P031
Downloading: Q0P436
Downloading: Q0P487
Downloading: Q0PMG2
Downloading: Q0PW40
Downloading: Q0V967
Downloading: Q0VB07
Downloading: Q0VD83
Downloading: Q0VET5
Downloading: Q0VF58
Downloading: Q0VFP6
Downloading: Q0VIL3
Downloading: Q0WNP3
Downloading: Q0WNR2
Downloading: Q0WPW4
Downloading: Q0WPX9
Downloading: Q0WPY0
Downloading: Q0WSY2
Downloading: Q0WT40
Downloading: Q0WUQ1
Downloading: Q0WV12
Downloading: Q0WVU3
Downloading: Q0WVW7
Downloading: Q10017
Downloading: Q10079
Downloading: Q10120
Downloading: Q10312
Downloading: Q10473
Downloading: Q10743
Downloading: Q109R6
Downloading: Q10B79
Downloading: Q10CI8
Downloading: Q10G56
Downloading: Q10MQ0
Downloading: Q10P60
Downloading: Q10PL5
Downloading: Q10PQ9
Downloading: Q10RX7
Downloading: Q11067
Downloading: Q11068
Downloading: Q11088
Downloading: Q11131
Downloading: Q11174
Downloading: Q11180
Downloading: Q11182
Downloading: Q12003
Downloading: Q12035
Downloading: Q12048
Downloading: Q12066
Downloading: Q12103
Downloading: Q12129
Downloading: Q12150
Downloading: Q12167
Downloading: Q12194
Downloading: Q12212
Downloading: Q12247
Downloading: Q12276
Downloading: Q12296
Downloading: Q12310
Downloading: Q12374
Downloading: Q12393
Downloading: Q12397
Downloading: Q12398
Downloading: Q12428
Downloading: Q12479
Downloading: Q12516
Downloading: Q12520
Downloading: Q12578
Downloading: Q12609
Downloading: Q13046
Downloading: Q13099
Downloading: Q13319
Downloading: Q13474
Downloading: Q13491
Downloading: Q13796
Downloading: Q14002
Downloading: Q14019
Downloading: Q14314
Downloading: Q14533
Downloading: Q14585
Downloading: Q14586
Downloading: Q147F9
Downloading: Q149C3
Downloading: Q149R9
Downloading: Q14B62
Downloading: Q14B71
Downloading: Q14CN4
Downloading: Q15040
Downloading: Q15477
Downloading: Q15486
Downloading: Q15513
Downloading: Q15818
Downloading: Q15928
Downloading: Q15KI9
Downloading: Q16517
Downloading: Q16533
Downloading: Q16557
Downloading: Q16651
Downloading: Q16653
Downloading: Q17217
Downloading: Q17389
Downloading: Q17392
Downloading: Q17638
Downloading: Q17684
Downloading: Q17745
Downloading: Q17754
Downloading: Q17QL5
Downloading: Q18060
Downloading: Q18163
Downloading: Q18192
Downloading: Q18206
Downloading: Q18211
Downloading: Q18217
Downloading: Q18246
Downloading: Q18273
Downloading: Q18312
Downloading: Q18486
Downloading: Q18678
Downloading: Q18691
Downloading: Q18823
Downloading: Q18967
Downloading: Q18PI6
Downloading: Q19005
Downloading: Q19052
Downloading: Q19127
Downloading: Q19189
Downloading: Q19319
Downloading: Q19408
Downloading: Q19493
Downloading: Q19722
Downloading: Q19825
Downloading: Q19951
Downloading: Q19KC1
Downloading: Q19MC2
Downloading: Q1ECS0
Downloading: Q1ECW2
Downloading: Q1EHB4
Downloading: Q1G3T1
Downloading: Q1JPZ3
Downloading: Q1L8J7
Downloading: Q1L8L9
Downloading: Q1L8X9
Downloading: Q1LU99
Downloading: Q1LVF0
Downloading: Q1LVQ7
Downloading: Q1LVZ2
Downloading: Q1LWJ6
Downloading: Q1LWV4
Downloading: Q1LYB6
Downloading: Q1LYE3
Downloading: Q1LYG0
Downloading: Q1LZ50
Downloading: Q1PF17
Downloading: Q1PF50
Downloading: Q1PFW3
Downloading: Q1RLX4
Downloading: Q1RLY6
Downloading: Q20054
Downloading: Q20443
Downloading: Q20502
Downloading: Q20507
Downloading: Q20574
Downloading: Q20605
Downloading: Q20689
Downloading: Q20751
Downloading: Q20798
Downloading: Q21038
Downloading: Q21041
Downloading: Q21059
Downloading: Q21230
Downloading: Q21270
Downloading: Q21346
Downloading: Q21444
Downloading: Q21489
Downloading: Q21653
Downloading: Q21752
Downloading: Q22006
Downloading: Q22099
Downloading: Q22236
Downloading: Q22307
Downloading: Q22639
Downloading: Q22708
Downloading: Q22720
Downloading: Q22918
Downloading: Q23356
Downloading: Q23424
Downloading: Q23430
Downloading: Q23445
Downloading: Q23497
Downloading: Q23651
Downloading: Q23681
Downloading: Q23682
Downloading: Q24154
Downloading: Q24488
Downloading: Q24595
Downloading: Q24760
Downloading: Q26734
Downloading: Q27371
Downloading: Q27395
Downloading: Q27IK6
Downloading: Q27IV2
Downloading: Q28283
Downloading: Q28588
Downloading: Q28832
Downloading: Q28862
Downloading: Q28CH2
Downloading: Q28ET4
Downloading: Q28GD5
Downloading: Q28GQ2
Downloading: Q29118
Downloading: Q29426
Downloading: Q29PV4
Downloading: Q29RW1
Downloading: Q2A865
Downloading: Q2HXK8
Downloading: Q2IAL6
Downloading: Q2KHK6
Downloading: Q2KIS7
Downloading: Q2KMM4
Downloading: Q2KN93
Downloading: Q2LKV2
Downloading: Q2LKV5
Downloading: Q2LKW6
Downloading: Q2LKX9
Downloading: Q2M2I5
Downloading: Q2MJB4
Downloading: Q2MV58
Downloading: Q2PG84
Downloading: Q2PW47
Downloading: Q2PYN8
Downloading: Q2QM77
Downloading: Q2QNC3
Downloading: Q2R3B4
Downloading: Q2R480
Downloading: Q2R482
Downloading: Q2TA14
Downloading: Q2TA51
Downloading: Q2TX26
Downloading: Q2U5H9
Downloading: Q2U6A1
Downloading: Q2ULT1
Downloading: Q2UNT7
Downloading: Q2UUD6
Downloading: Q2V3I3
Downloading: Q2V3L3
Downloading: Q2V4E2
Downloading: Q2Y0W8
Downloading: Q2YDP8
Downloading: Q30D77
Downloading: Q32KZ1
Downloading: Q32LQ4
Downloading: Q32MK0
Downloading: Q32PP9
Downloading: Q32PX2
Downloading: Q36736
Downloading: Q38824
Downloading: Q38828
Downloading: Q38840
Downloading: Q38841
Downloading: Q38850
Downloading: Q38851
Downloading: Q38864
Downloading: Q38909
Downloading: Q38960
Downloading: Q38961
Downloading: Q39010
Downloading: Q39013
Downloading: Q39061
Downloading: Q39092
Downloading: Q39134
Downloading: Q39199
Downloading: Q39238
Downloading: Q39261
Downloading: Q39575
Downloading: Q3E6P4
Downloading: Q3E764
Downloading: Q3E785
Downloading: Q3E8L0
Downloading: Q3E8X3
Downloading: Q3E965
Downloading: Q3E9B4
Downloading: Q3EAI1
Downloading: Q3EAL1
Downloading: Q3EAQ5
Downloading: Q3EAV6
Downloading: Q3EDH0
Downloading: Q3HS83
Downloading: Q3KRE8
Downloading: Q3L254
Downloading: Q3LGD4
Downloading: Q3LI64
Downloading: Q3LRZ1
Downloading: Q3MIW9
Downloading: Q3MNT0
Downloading: Q3SX44
Downloading: Q3SXY7
Downloading: Q3SZK1
Downloading: Q3T052
Downloading: Q3TCV3
Downloading: Q3TDK6
Downloading: Q3TFK5
Downloading: Q3TGF2
Downloading: Q3TJ91
Downloading: Q3TLH4
Downloading: Q3TRM4
Downloading: Q3TSG4
Downloading: Q3TVA9
Downloading: Q3TXU5
Downloading: Q3TXX3
Downloading: Q3U0P1
Downloading: Q3U128
Downloading: Q3U285
Downloading: Q3U2P1
Downloading: Q3U5Q7
Downloading: Q3UEZ8
Downloading: Q3UG20
Downloading: Q3UGP8
Downloading: Q3UH53
Downloading: Q3UH66
Downloading: Q3UHC0
Downloading: Q3UHK8
Downloading: Q3UHX8
Downloading: Q3ULB5
Downloading: Q3UM45
Downloading: Q3UPR7
Downloading: Q3URE9
Downloading: Q3URY2
Downloading: Q3US41
Downloading: Q3USS3
Downloading: Q3UU96
Downloading: Q3UUQ7
Downloading: Q3UVY1
Downloading: Q3UW53
Downloading: Q3UYG8
Downloading: Q3UYV8
Downloading: Q3V0T4
Downloading: Q3V1N9
Downloading: Q3V3E1
Downloading: Q3V3F6
Downloading: Q3Y4E2
Downloading: Q3YBM2
Downloading: Q3ZCJ8
Downloading: Q3ZCM7
Downloading: Q3ZCV2
Downloading: Q402F3
Downloading: Q41220
Downloading: Q41560
Downloading: Q42202
Downloading: Q42328
Downloading: Q42381
Downloading: Q42431
Downloading: Q42485
Downloading: Q42565
Downloading: Q42569
Downloading: Q43349
Downloading: Q43592
Downloading: Q45FX5
Downloading: Q498H0
Downloading: Q499D0
Downloading: Q499E0
Downloading: Q49GP3
Downloading: Q49GP5
Downloading: Q4AEG6
Downloading: Q4G017
Downloading: Q4G073
Downloading: Q4G0F5
Downloading: Q4GZK2
Downloading: Q4GZK3
Downloading: Q4GZK4
Downloading: Q4GZK7
Downloading: Q4GZK8
Downloading: Q4GZK9
Downloading: Q4GZL0
Downloading: Q4KLY4
Downloading: Q4KMA2
Downloading: Q4KMQ1
Downloading: Q4PZA2
Downloading: Q4QFD3
Downloading: Q4QFD4
Downloading: Q4QQM5
Downloading: Q4QQV3
Downloading: Q4QRC6
Downloading: Q4QY64
Downloading: Q4TVV3
Downloading: Q4V5I9
Downloading: Q4V7A6
Downloading: Q4V8A8
Downloading: Q4V920
Downloading: Q4V9H3
Downloading: Q4VA61
Downloading: Q4VBD2
Downloading: Q4VC12
Downloading: Q4VC17
Downloading: Q4VK74
Downloading: Q4VP09
Downloading: Q4VP10
Downloading: Q4VSN1
Downloading: Q4VY51
Downloading: Q4W945
Downloading: Q4W946
Downloading: Q4WAW3
Downloading: Q4WAY3
Downloading: Q4WAY8
Downloading: Q4WAZ9
Downloading: Q4WF53
Downloading: Q4WF61
Downloading: Q4WHU1
Downloading: Q4WI96
Downloading: Q4WMJ7
Downloading: Q4WMK0
Downloading: Q4WPQ8
Downloading: Q4WQL4
Downloading: Q4WQZ3
Downloading: Q4WQZ4
Downloading: Q4WQZ5
Downloading: Q4WQZ6
Downloading: Q4WRY5
Downloading: Q4WSF6
Downloading: Q4WUL6
Downloading: Q4WUN7
Downloading: Q4WXK4
Downloading: Q4WXX9
Downloading: Q4WY82
Downloading: Q4WYG2
Downloading: Q4WZ61
Downloading: Q4WZ63
Downloading: Q4WZB3
Downloading: Q4WZB4
Downloading: Q501D8
Downloading: Q502B3
Downloading: Q502I9
Downloading: Q503E1
Downloading: Q503F2
Downloading: Q504H8
Downloading: Q504Q3
Downloading: Q52KL1
Downloading: Q52PJ5
Downloading: Q53GA4
Downloading: Q53M11
Downloading: Q53P49
Downloading: Q53QV2
Downloading: Q54BC6
Downloading: Q54BK2
Downloading: Q54BT5
Downloading: Q54CT1
Downloading: Q54D13
Downloading: Q54DK1
Downloading: Q54DT1
Downloading: Q54DT8
Downloading: Q54EP3
Downloading: Q54F87
Downloading: Q54FQ2
Downloading: Q54G14
Downloading: Q54GH2
Downloading: Q54GU4
Downloading: Q54HV7
Downloading: Q54IX3
Downloading: Q54J26
Downloading: Q54JP5
Downloading: Q54JT7
Downloading: Q54K24
Downloading: Q54KG7
Downloading: Q54ME1
Downloading: Q54MH8
Downloading: Q54MY9
Downloading: Q54N80
Downloading: Q54N81
Downloading: Q54NC6
Downloading: Q54NP8
Downloading: Q54NU5
Downloading: Q54P00
Downloading: Q54P69
Downloading: Q54PN5
Downloading: Q54R52
Downloading: Q54RK5
Downloading: Q54RN1
Downloading: Q54SD4
Downloading: Q54SK5
Downloading: Q54SP4
Downloading: Q54T81
Downloading: Q54TV1
Downloading: Q54U75
Downloading: Q54UB5
Downloading: Q54VI4
Downloading: Q54VV5
Downloading: Q54W52
Downloading: Q54WK1
Downloading: Q54WW7
Downloading: Q54X53
Downloading: Q54XP4
Downloading: Q54XS3
Downloading: Q54YF2
Downloading: Q551S9
Downloading: Q555Z5
Downloading: Q556W2
Downloading: Q556Y2
Downloading: Q556Y7
Downloading: Q556Y9
Downloading: Q557G4
Downloading: Q558X5
Downloading: Q55AX0
Downloading: Q55BN9
Downloading: Q55BR7
Downloading: Q55CA9
Downloading: Q55CZ1
Downloading: Q55D61
Downloading: Q55DA7
Downloading: Q55DM7
Downloading: Q55E44
Downloading: Q55FE0
Downloading: Q55FS3
Downloading: Q55G11
Downloading: Q55G45
Downloading: Q55G81
Downloading: Q55GB1
Downloading: Q561S0
Downloading: Q561X9
Downloading: Q562E7
Downloading: Q563C3
Downloading: Q566V9
Downloading: Q566X8
Downloading: Q567G2
Downloading: Q567J8
Downloading: Q569C4
Downloading: Q56WM6
Downloading: Q56XR0
Downloading: Q570U6
Downloading: Q587J7
Downloading: Q587N6
Downloading: Q588V7
Downloading: Q58EN8
Downloading: Q58FS3
Downloading: Q58G82
Downloading: Q58NQ4
Downloading: Q59KJ7
Downloading: Q59LX5
Downloading: Q59MA6
Downloading: Q59MJ1
Downloading: Q59MN0
Downloading: Q59NX5
Downloading: Q59P50
Downloading: Q59PL9
Downloading: Q59PW0
Downloading: Q59R35
Downloading: Q59RA0
Downloading: Q59SN6
Downloading: Q59ST8
Downloading: Q59T36
Downloading: Q59TB2
Downloading: Q59WI7
Downloading: Q59WV0
Downloading: Q59XP0
Downloading: Q59YF0
Downloading: Q59YK4
Downloading: Q59Z14
Downloading: Q59ZW4
Downloading: Q5A201
Downloading: Q5A2V2
Downloading: Q5A310
Downloading: Q5A3Y5
Downloading: Q5A3Z5
Downloading: Q5A3Z6
Downloading: Q5A4H9
Downloading: Q5A4X0
Downloading: Q5A4X5
Downloading: Q5A644
Downloading: Q5A687
Downloading: Q5A6M0
Downloading: Q5A960
Downloading: Q5ACK7
Downloading: Q5ACL7
Downloading: Q5ACW8
Downloading: Q5AD13
Downloading: Q5AD72
Downloading: Q5ADL8
Downloading: Q5AFT2
Downloading: Q5AGC1
Downloading: Q5AH87
Downloading: Q5AHD6
Downloading: Q5AI86
Downloading: Q5AI97
Downloading: Q5AK54
Downloading: Q5ALL8
Downloading: Q5ALW2
Downloading: Q5ALX3
Downloading: Q5ALX5
Downloading: Q5ANA8
Downloading: Q5ANB1
Downloading: Q5ANC8
Downloading: Q5ANC9
Downloading: Q5AP90
Downloading: Q5APF0
Downloading: Q5APF2
Downloading: Q5AQ36
Downloading: Q5AR21
Downloading: Q5AR31
Downloading: Q5AR32
Downloading: Q5AR34
Downloading: Q5AS82
Downloading: Q5ASP0
Downloading: Q5ATN7
Downloading: Q5AUW5
Downloading: Q5AV81
Downloading: Q5AVF8
Downloading: Q5AVI2
Downloading: Q5AVS0
Downloading: Q5AW46
Downloading: Q5B041
Downloading: Q5B0C0
Downloading: Q5B5C1
Downloading: Q5B601
Downloading: Q5B6H7
Downloading: Q5B998
Downloading: Q5BAX8
Downloading: Q5BB76
Downloading: Q5BBM1
Downloading: Q5BEJ4
Downloading: Q5BEJ7
Downloading: Q5BEJ8
Downloading: Q5BEK7
Downloading: Q5BFM4
Downloading: Q5BGE2
Downloading: Q5BGH1
Downloading: Q5BGR2
Downloading: Q5BH30
Downloading: Q5BH31
Downloading: Q5BH32
Downloading: Q5BH33
Downloading: Q5BK84
Downloading: Q5BKR2
Downloading: Q5BKX8
Downloading: Q5BPT4
Downloading: Q5C8U3
Downloading: Q5C8U4
Downloading: Q5D7I0
Downloading: Q5D892
Downloading: Q5DRQ8
Downloading: Q5DT21
Downloading: Q5E9F2
Downloading: Q5EAP5
Downloading: Q5EGE1
Downloading: Q5FBC3
Downloading: Q5FBC4
Downloading: Q5FWK6
Downloading: Q5G1T1
Downloading: Q5GIG6
Downloading: Q5GJ75
Downloading: Q5H7C0
Downloading: Q5H7N4
Downloading: Q5H7N5
Downloading: Q5H7N6
Downloading: Q5H8C1
Downloading: Q5I012
Downloading: Q5I2A0
Downloading: Q5I2D0
Downloading: Q5JS37
Downloading: Q5K2P8
Downloading: Q5K4L6
Downloading: Q5K651
Downloading: Q5KQH7
Downloading: Q5M939
Downloading: Q5MYT9
Downloading: Q5MYU0
Downloading: Q5N8Q4
Downloading: Q5NAZ7
Downloading: Q5NB25
Downloading: Q5NCP0
Downloading: Q5NCS9
Downloading: Q5NDE5
Downloading: Q5PNP1
Downloading: Q5PNY6
Downloading: Q5PP62
Downloading: Q5PP65
Downloading: Q5PQN7
Downloading: Q5PR67
Downloading: Q5QNV8
Downloading: Q5R1U3
Downloading: Q5R2I8
Downloading: Q5R328
Downloading: Q5RFU5
Downloading: Q5RFW2
Downloading: Q5RGL7
Downloading: Q5RH51
Downloading: Q5RH95
Downloading: Q5RHI5
Downloading: Q5RHQ8
Downloading: Q5RI56
Downloading: Q5RIC0
Downloading: Q5RIW8
Downloading: Q5RJ80
Downloading: Q5RJA1
Downloading: Q5RJG7
Downloading: Q5RKG2
Downloading: Q5RKL5
Downloading: Q5RZ65
Downloading: Q5SDA5
Downloading: Q5SNQ9
Downloading: Q5SPC5
Downloading: Q5SPR8
Downloading: Q5SPW0
Downloading: Q5SSZ5
Downloading: Q5SV77
Downloading: Q5SV97
Downloading: Q5T1R4
Downloading: Q5T481
Downloading: Q5T4B2
Downloading: Q5TH69
Downloading: Q5TYV4
Downloading: Q5TYW4
Downloading: Q5U2Y1
Downloading: Q5U367
Downloading: Q5U385
Downloading: Q5U3A7
Downloading: Q5U3G1
Downloading: Q5U3H2
Downloading: Q5U3I2
Downloading: Q5U3T3
Downloading: Q5U3W1
Downloading: Q5U405
Downloading: Q5U431
Downloading: Q5U4X3
Downloading: Q5U651
Downloading: Q5UU75
Downloading: Q5VMP0
Downloading: Q5VRD1
Downloading: Q5VRR0
Downloading: Q5VRY1
Downloading: Q5VX71
Downloading: Q5VXT5
Downloading: Q5VY09
Downloading: Q5VZ89
Downloading: Q5W186
Downloading: Q5W670
Downloading: Q5W8I8
Downloading: Q5XEZ1
Downloading: Q5XJ13
Downloading: Q5XJ36
Downloading: Q5XJ54
Downloading: Q5XJX1
Downloading: Q5XJY6
Downloading: Q5XKE5
Downloading: Q5XLR4
Downloading: Q5XPI4
Downloading: Q5XUX6
Downloading: Q5Y5T3
Downloading: Q5Z5I4
Downloading: Q5Z749
Downloading: Q5Z9N5
Downloading: Q5ZC82
Downloading: Q5ZI23
Downloading: Q5ZIV9
Downloading: Q5ZJB4
Downloading: Q5ZKL9
Downloading: Q5ZLC5
Downloading: Q5ZLN1
Downloading: Q60519
Downloading: Q60544
Downloading: Q60554
Downloading: Q60753
Downloading: Q60756
Downloading: Q60963
Downloading: Q60EJ6
Downloading: Q60EY1
Downloading: Q61012
Downloading: Q61038
Downloading: Q61161
Downloading: Q61470
Downloading: Q61500
Downloading: Q61575
Downloading: Q61627
Downloading: Q61657
Downloading: Q61670
Downloading: Q61711
Downloading: Q61716
Downloading: Q61809
Downloading: Q61826
Downloading: Q61878
Downloading: Q61907
Downloading: Q62052
Downloading: Q62053
Downloading: Q62087
Downloading: Q62092
Downloading: Q62130
Downloading: Q62178
Downloading: Q62192
Downloading: Q62205
Downloading: Q62240
Downloading: Q62255
Downloading: Q62282
Downloading: Q62302
Downloading: Q62376
Downloading: Q62407
Downloading: Q62421
Downloading: Q62426
Downloading: Q62443
Downloading: Q62445
Downloading: Q62463
Downloading: Q62481
Downloading: Q62649
Downloading: Q62682
Downloading: Q62687
Downloading: Q62715
Downloading: Q62739
Downloading: Q62803
Downloading: Q62845
Downloading: Q62880
Downloading: Q62923
Downloading: Q62930
Downloading: Q62975
Downloading: Q63118
Downloading: Q63135
Downloading: Q63175
Downloading: Q63247
Downloading: Q63302
Downloading: Q63315
Downloading: Q63341
Downloading: Q63357
Downloading: Q63364
Downloading: Q63415
Downloading: Q63429
Downloading: Q63481
Downloading: Q63517
Downloading: Q63528
Downloading: Q63619
Downloading: Q63679
Downloading: Q63811
Downloading: Q64010
Downloading: Q64112
Downloading: Q64152
Downloading: Q641F2
Downloading: Q64285
Downloading: Q64291
Downloading: Q642A2
Downloading: Q642H9
Downloading: Q64323
Downloading: Q64464
Downloading: Q64612
Downloading: Q64637
Downloading: Q64638
Downloading: Q64687
Downloading: Q64695
Downloading: Q64716
Downloading: Q64HC7
Downloading: Q64HY3
Downloading: Q64HY5
Downloading: Q652A1
Downloading: Q652V8
Downloading: Q654M1
Downloading: Q66GP4
Downloading: Q66GP9
Downloading: Q66GQ6
Downloading: Q66GR3
Downloading: Q66H76
Downloading: Q66HA4
Downloading: Q66HD3
Downloading: Q66HE7
Downloading: Q66HV4
Downloading: Q66I21
Downloading: Q66IC9
Downloading: Q66IE4
Downloading: Q66IF1
Downloading: Q66JF8
Downloading: Q66KI8
Downloading: Q66T47
Downloading: Q66WV0
Downloading: Q674R7
Downloading: Q674X7
Downloading: Q67ES7
Downloading: Q67FY3
Downloading: Q67X83
Downloading: Q67YE6
Downloading: Q682D3
Downloading: Q683D7
Downloading: Q68EH7
Downloading: Q68EI0
Downloading: Q68EK2
Downloading: Q68EK9
Downloading: Q68EL6
Downloading: Q68FQ2
Downloading: Q68FX9
Downloading: Q695T8
Downloading: Q69XJ4
Downloading: Q69Z28
Downloading: Q69ZK0
Downloading: Q69ZK6
Downloading: Q69ZN6
Downloading: Q69ZX8
Downloading: Q6A0D4
Downloading: Q6AT10
Downloading: Q6AT33
Downloading: Q6AVI0
Downloading: Q6AWN0
Downloading: Q6AXJ2
Downloading: Q6AY80
Downloading: Q6AYE8
Downloading: Q6AZ54
Downloading: Q6B0V8
Downloading: Q6B6R4
Downloading: Q6B959
Downloading: Q6BEA0
Downloading: Q6BER5
Downloading: Q6DBU5
Downloading: Q6DBW0
Downloading: Q6DBX4
Downloading: Q6DBY2
Downloading: Q6DC04
Downloading: Q6DC39
Downloading: Q6DCQ1
Downloading: Q6DDA1
Downloading: Q6DE87
Downloading: Q6DEF6
Downloading: Q6DEJ6
Downloading: Q6DFY8
Downloading: Q6DG36
Downloading: Q6DGD3
Downloading: Q6DGF8
Downloading: Q6DGH9
Downloading: Q6DGW9
Downloading: Q6DHC1
Downloading: Q6DHG0
Downloading: Q6DHH7
Downloading: Q6DHI2
Downloading: Q6DHL4
Downloading: Q6DHP1
Downloading: Q6DHR8
Downloading: Q6DI92
Downloading: Q6DKF0
Downloading: Q6DLV9
Downloading: Q6DRF9
Downloading: Q6DRG1
Downloading: Q6DRH5
Downloading: Q6DRJ4
Downloading: Q6DRJ9
Downloading: Q6DRL4
Downloading: Q6DRM0
Downloading: Q6DRP2
Downloading: Q6DRP4
Downloading: Q6DUW6
Downloading: Q6DUW8
Downloading: Q6DUW9
Downloading: Q6E804
Downloading: Q6EIG3
Downloading: Q6EJB6
Downloading: Q6EMB2
Downloading: Q6EPZ2
Downloading: Q6ET36
Downloading: Q6F2Y7
Downloading: Q6F4F5
Downloading: Q6FRM0
Downloading: Q6FRS9
Downloading: Q6GLY5
Downloading: Q6GMG5
Downloading: Q6GMI0
Downloading: Q6GMI9
Downloading: Q6GN29
Downloading: Q6GNB7
Downloading: Q6GPJ9
Downloading: Q6GQD3
Downloading: Q6GQX6
Downloading: Q6GV12
Downloading: Q6GV28
Downloading: Q6GXJ1
Downloading: Q6H543
Downloading: Q6H795
Downloading: Q6I581
Downloading: Q6ICY4
Downloading: Q6IEK5
Downloading: Q6IFV4
Downloading: Q6IMT1
Downloading: Q6IMY1
Downloading: Q6IN84
Downloading: Q6INC4
Downloading: Q6IQ22
Downloading: Q6IWL4
Downloading: Q6IZA3
Downloading: Q6J1Y9
Downloading: Q6JAN0
Downloading: Q6JIY4
Downloading: Q6JIY5
Downloading: Q6JWV8
Downloading: Q6K7E9
Downloading: Q6K7V6
Downloading: Q6K846
Downloading: Q6K991
Downloading: Q6K9C3
Downloading: Q6K9G3
Downloading: Q6KAS7
Downloading: Q6KAU8
Downloading: Q6KB66
Downloading: Q6KF10
Downloading: Q6KFX9
Downloading: Q6L4V0
Downloading: Q6MFY8
Downloading: Q6MG88
Downloading: Q6MGD0
Downloading: Q6MZN7
Downloading: Q6NLB0
Downloading: Q6NPQ1
Downloading: Q6NS45
Downloading: Q6NS65
Downloading: Q6NSN5
Downloading: Q6NUK4
Downloading: Q6NV04
Downloading: Q6NV25
Downloading: Q6NW95
Downloading: Q6NW96
Downloading: Q6NWB6
Downloading: Q6NWD4
Downloading: Q6NWF1
Downloading: Q6NWI4
Downloading: Q6NWL1
Downloading: Q6NXT6
Downloading: Q6NXW6
Downloading: Q6NY74
Downloading: Q6NYE2
Downloading: Q6NYU3
Downloading: Q6NYV5
Downloading: Q6NYV8
Downloading: Q6NZ04
Downloading: Q6NZ13
Downloading: Q6P0D0
Downloading: Q6P0E7
Downloading: Q6P0U3
Downloading: Q6P1C6
Downloading: Q6P1D7
Downloading: Q6P1E7
Downloading: Q6P205
Downloading: Q6P268
Downloading: Q6P3A9
Downloading: Q6P3D7
Downloading: Q6P3H7
Downloading: Q6P3L0
Downloading: Q6P461
Downloading: Q6P5G3
Downloading: Q6P5L3
Downloading: Q6P7C7
Downloading: Q6P7D3
Downloading: Q6P7D5
Downloading: Q6P7S1
Downloading: Q6P9P6
Downloading: Q6P9X9
Downloading: Q6PAM1
Downloading: Q6PAW2
Downloading: Q6PBI4
Downloading: Q6PBT8
Downloading: Q6PBY1
Downloading: Q6PC29
Downloading: Q6PD31
Downloading: Q6PDG8
Downloading: Q6PEH5
Downloading: Q6PEH8
Downloading: Q6PFE3
Downloading: Q6PFL0
Downloading: Q6PFM0
Downloading: Q6PFP3
Downloading: Q6PFY8
Downloading: Q6PGP7
Downloading: Q6PH18
Downloading: Q6PH57
Downloading: Q6PHF0
Downloading: Q6PHG2
Downloading: Q6PHH3
Downloading: Q6PHI9
Downloading: Q6PI98
Downloading: Q6PIU2
Downloading: Q6PJP8
Downloading: Q6PRD1
Downloading: Q6PV61
Downloading: Q6PV68
Downloading: Q6PZD9
Downloading: Q6PZE0
Downloading: Q6Q1P4
Downloading: Q6Q415
Downloading: Q6Q487
Downloading: Q6QI89
Downloading: Q6QLR2
Downloading: Q6QMT2
Downloading: Q6QNU9
Downloading: Q6QU75
Downloading: Q6R0H0
Downloading: Q6R1L1
Downloading: Q6R5J1
Downloading: Q6R5J2
Downloading: Q6R653
Downloading: Q6R8J2
Downloading: Q6RET7
Downloading: Q6RHW0
Downloading: Q6RI45
Downloading: Q6RVD7
Downloading: Q6RY07
Downloading: Q6RZZ9
Downloading: Q6S001
Downloading: Q6S592
Downloading: Q6S5G3
Downloading: Q6SJP8
Downloading: Q6T3U4
Downloading: Q6T486
Downloading: Q6TA49
Downloading: Q6TCG8
Downloading: Q6TEL3
Downloading: Q6TGS6
Downloading: Q6TJY3
Downloading: Q6TLE6
Downloading: Q6TMJ3
Downloading: Q6TMK2
Downloading: Q6TNU4
Downloading: Q6U841
Downloading: Q6UIL3
Downloading: Q6UWW8
Downloading: Q6UXB3
Downloading: Q6UXV4
Downloading: Q6UXZ4
Downloading: Q6VN46
Downloading: Q6VNZ9
Downloading: Q6VUC1
Downloading: Q6VVA6
Downloading: Q6WAY2
Downloading: Q6WRH9
Downloading: Q6XHA5
Downloading: Q6XR72
Downloading: Q6YAT4
Downloading: Q6YV88
Downloading: Q6Z5I0
Downloading: Q6Z7V2
Downloading: Q6Z8P4
Downloading: Q6ZFZ4
Downloading: Q6ZHJ5
Downloading: Q6ZLA3
Downloading: Q6ZLA7
Downloading: Q6ZMJ2
Downloading: Q6ZMY3
Downloading: Q6ZMZ0
Downloading: Q6ZQA0
Downloading: Q6ZQK0
Downloading: Q6ZQN7
Downloading: Q6ZUJ8
Downloading: Q6ZUT9
Downloading: Q700D9
Downloading: Q700E3
Downloading: Q700E4
Downloading: Q703I1
Downloading: Q70DX9
Downloading: Q70II3
Downloading: Q71A38
Downloading: Q71KU9
Downloading: Q71M36
Downloading: Q71S46
Downloading: Q75GK0
Downloading: Q75GK1
Downloading: Q75HC2
Downloading: Q75KV9
Downloading: Q75N62
Downloading: Q75NR7
Downloading: Q766Z3
Downloading: Q76KB2
Downloading: Q76LW2
Downloading: Q76M68
Downloading: Q76MX4
Downloading: Q76NT9
Downloading: Q76NW2
Downloading: Q78XR0
Downloading: Q794C0
Downloading: Q7DNC3
Downloading: Q7EZ57
Downloading: Q7F8U7
Downloading: Q7FK82
Downloading: Q7JUR5
Downloading: Q7JVA5
Downloading: Q7JVE7
Downloading: Q7JVR7
Downloading: Q7JXV9
Downloading: Q7JZB4
Downloading: Q7K0S9
Downloading: Q7K0Y1
Downloading: Q7K284
Downloading: Q7K2Y9
Downloading: Q7K4V4
Downloading: Q7K7A9
Downloading: Q7KKH3
Downloading: Q7KPA5
Downloading: Q7KQL5
Downloading: Q7KR10
Downloading: Q7L014
Downloading: Q7M6Z0
Downloading: Q7M712
Downloading: Q7M717
Downloading: Q7M725
Downloading: Q7M767
Downloading: Q7RTR8
Downloading: Q7RTS3
Downloading: Q7SX85
Downloading: Q7SXL7
Downloading: Q7SXM7
Downloading: Q7SXW0
Downloading: Q7SY24
Downloading: Q7SY48
Downloading: Q7SY54
Downloading: Q7SYB5
Downloading: Q7SYD5
Downloading: Q7SZE5
Downloading: Q7SZN2
Downloading: Q7SZR5
Downloading: Q7T070
Downloading: Q7T322
Downloading: Q7T346
Downloading: Q7T3A4
Downloading: Q7T3B2
Downloading: Q7T3C7
Downloading: Q7T3E6
Downloading: Q7T3H1
Downloading: Q7T3I0
Downloading: Q7T3Q2
Downloading: Q7T3X9
Downloading: Q7T3Y0
Downloading: Q7TMA2
Downloading: Q7TMJ8
Downloading: Q7TMS5
Downloading: Q7TN75
Downloading: Q7TNF0
Downloading: Q7TPE5
Downloading: Q7TPG5
Downloading: Q7TPQ9
Downloading: Q7TPS0
Downloading: Q7TQ20
Downloading: Q7TQ48
Downloading: Q7TQ95
Downloading: Q7TQI7
Downloading: Q7TQK4
Downloading: Q7TQP4
Downloading: Q7TS75
Downloading: Q7TSK3
Downloading: Q7TSX5
Downloading: Q7TT00
Downloading: Q7TT37
Downloading: Q7X7A9
Downloading: Q7X8R0
Downloading: Q7XEY9
Downloading: Q7XJE5
Downloading: Q7XJM8
Downloading: Q7XKU5
Downloading: Q7XLD4
Downloading: Q7XQ12
Downloading: Q7XUW5
Downloading: Q7XZF5
Downloading: Q7Y021
Downloading: Q7Y0F6
Downloading: Q7Y0S0
Downloading: Q7Y0W5
Downloading: Q7Y1H8
Downloading: Q7Y1I7
Downloading: Q7Y1V5
Downloading: Q7Y214
Downloading: Q7YR24
Downloading: Q7YR25
Downloading: Q7YTU4
Downloading: Q7YXD4
Downloading: Q7Z3B1
Downloading: Q7Z3Y7
Downloading: Q7Z3Y8
Downloading: Q7Z3Y9
Downloading: Q7Z401
Downloading: Q7Z403
Downloading: Q7Z4R8
Downloading: Q7Z5Y6
Downloading: Q7Z6M4
Downloading: Q7Z6V5
Downloading: Q7Z794
Downloading: Q7Z996
Downloading: Q7ZSY6
Downloading: Q7ZTI3
Downloading: Q7ZTW4
Downloading: Q7ZTY4
Downloading: Q7ZU13
Downloading: Q7ZU92
Downloading: Q7ZU99
Downloading: Q7ZUC2
Downloading: Q7ZUM8
Downloading: Q7ZUQ3
Downloading: Q7ZUV2
Downloading: Q7ZUY3
Downloading: Q7ZV50
Downloading: Q7ZV55
Downloading: Q7ZV82
Downloading: Q7ZVE0
Downloading: Q7ZVM1
Downloading: Q7ZVY5
Downloading: Q7ZW16
Downloading: Q7ZW33
Downloading: Q7ZW47
Downloading: Q7ZW63
Downloading: Q7ZWG9
Downloading: Q7ZX36
Downloading: Q7ZXF3
Downloading: Q800G5
Downloading: Q800G8
Downloading: Q801E0
Downloading: Q801F7
Downloading: Q803A0
Downloading: Q803A8
Downloading: Q803C3
Downloading: Q803E0
Downloading: Q803G5
Downloading: Q803I4
Downloading: Q803L0
Downloading: Q803T2
Downloading: Q804Q5
Downloading: Q805B4
Downloading: Q805F7
Downloading: Q80SS6
Downloading: Q80T91
Downloading: Q80TA6
Downloading: Q80TL0
Downloading: Q80TR1
Downloading: Q80TR8
Downloading: Q80U19
Downloading: Q80UJ7
Downloading: Q80V85
Downloading: Q80W85
Downloading: Q80WA4
Downloading: Q80WC9
Downloading: Q80WG5
Downloading: Q80WV3
Downloading: Q80WY3
Downloading: Q80X50
Downloading: Q80X76
Downloading: Q80YA3
Downloading: Q80YA8
Downloading: Q80YF6
Downloading: Q80YR5
Downloading: Q80YR6
Downloading: Q80Z96
Downloading: Q80ZD9
Downloading: Q80ZF2
Downloading: Q810B7
Downloading: Q810B8
Downloading: Q810B9
Downloading: Q810C0
Downloading: Q811A3
Downloading: Q811B1
Downloading: Q811Q9
Downloading: Q811R2
Downloading: Q811S7
Downloading: Q812A5
Downloading: Q812B2
Downloading: Q84J37
Downloading: Q84J50
Downloading: Q84JP1
Downloading: Q84JR9
Downloading: Q84JZ8
Downloading: Q84L09
Downloading: Q84N28
Downloading: Q84N29
Downloading: Q84N34
Downloading: Q84Q72
Downloading: Q84Q77
Downloading: Q84R36
Downloading: Q84RD0
Downloading: Q84RF2
Downloading: Q84RQ7
Downloading: Q84TF4
Downloading: Q84TH4
Downloading: Q84TK0
Downloading: Q84TK1
Downloading: Q84UT5
Downloading: Q84VG7
Downloading: Q84WI0
Downloading: Q84WK0
Downloading: Q84WP6
Downloading: Q869W9
Downloading: Q86AG7
Downloading: Q86AT9
Downloading: Q86B91
Downloading: Q86BN8
Downloading: Q86JP5
Downloading: Q86K86
Downloading: Q86KP5
Downloading: Q86SM8
Downloading: Q86SX6
Downloading: Q86TJ2
Downloading: Q86U90
Downloading: Q86UV5
Downloading: Q86V15
Downloading: Q86VH5
Downloading: Q86W24
Downloading: Q86W28
Downloading: Q86W56
Downloading: Q86WG5
Downloading: Q86X29
Downloading: Q86XI6
Downloading: Q870L2
Downloading: Q870L3
Downloading: Q874I4
Downloading: Q8AWW7
Downloading: Q8AWZ0
Downloading: Q8AWZ2
Downloading: Q8AXB4
Downloading: Q8AXW8
Downloading: Q8AYB8
Downloading: Q8AYG3
Downloading: Q8BFQ3
Downloading: Q8BFX1
Downloading: Q8BFZ6
Downloading: Q8BG47
Downloading: Q8BG55
Downloading: Q8BG58
Downloading: Q8BGA3
Downloading: Q8BGB2
Downloading: Q8BGC4
Downloading: Q8BGG6
Downloading: Q8BGN5
Downloading: Q8BGW3
Downloading: Q8BGX3
Downloading: Q8BGY6
Downloading: Q8BH57
Downloading: Q8BH59
Downloading: Q8BHA1
Downloading: Q8BHB3
Downloading: Q8BHD7
Downloading: Q8BHE5
Downloading: Q8BHN7
Downloading: Q8BI69
Downloading: Q8BIY3
Downloading: Q8BJ34
Downloading: Q8BJ48
Downloading: Q8BJI1
Downloading: Q8BJQ2
Downloading: Q8BJQ9
Downloading: Q8BJW6
Downloading: Q8BJZ3
Downloading: Q8BK03
Downloading: Q8BK06
Downloading: Q8BK75
Downloading: Q8BKK5
Downloading: Q8BLF2
Downloading: Q8BLK3
Downloading: Q8BLX4
Downloading: Q8BLX7
Downloading: Q8BM75
Downloading: Q8BMA3
Downloading: Q8BMB3
Downloading: Q8BMF4
Downloading: Q8BMI3
Downloading: Q8BMJ8
Downloading: Q8BMW7
Downloading: Q8BNU0
Downloading: Q8BP67
Downloading: Q8BQY8
Downloading: Q8BRE0
Downloading: Q8BRF7
Downloading: Q8BRH0
Downloading: Q8BRM2
Downloading: Q8BS95
Downloading: Q8BTW3
Downloading: Q8BUB6
Downloading: Q8BUE1
Downloading: Q8BUL6
Downloading: Q8BV49
Downloading: Q8BVK9
Downloading: Q8BVM9
Downloading: Q8BW10
Downloading: Q8BW41
Downloading: Q8BW74
Downloading: Q8BW96
Downloading: Q8BWA8
Downloading: Q8BWJ4
Downloading: Q8BWP8
Downloading: Q8BWY9
Downloading: Q8BX07
Downloading: Q8BX10
Downloading: Q8BX32
Downloading: Q8BX79
Downloading: Q8BXQ3
Downloading: Q8BY87
Downloading: Q8BYR2
Downloading: Q8BZ03
Downloading: Q8BZ71
Downloading: Q8BZ81
Downloading: Q8BZ98
Downloading: Q8BZF2
Downloading: Q8BZH1
Downloading: Q8BZQ7
Downloading: Q8C025
Downloading: Q8C0M8
Downloading: Q8C0P0
Downloading: Q8C0T0
Downloading: Q8C181
Downloading: Q8C196
Downloading: Q8C1E7
Downloading: Q8C1Z8
Downloading: Q8C261
Downloading: Q8C2Q3
Downloading: Q8C2S7
Downloading: Q8C567
Downloading: Q8C570
Downloading: Q8C581
Downloading: Q8C5L3
Downloading: Q8C726
Downloading: Q8C754
Downloading: Q8C767
Downloading: Q8C7G5
Downloading: Q8C9V1
Downloading: Q8CB14
Downloading: Q8CB67
Downloading: Q8CB93
Downloading: Q8CBC6
Downloading: Q8CCN1
Downloading: Q8CDV6
Downloading: Q8CEE6
Downloading: Q8CFC1
Downloading: Q8CFD1
Downloading: Q8CFD5
Downloading: Q8CFF0
Downloading: Q8CFK2
Downloading: Q8CG50
Downloading: Q8CG79
Downloading: Q8CGB6
Downloading: Q8CGK5
Downloading: Q8CGU6
Downloading: Q8CGU9
Downloading: Q8CGW4
Downloading: Q8CHC8
Downloading: Q8CHE4
Downloading: Q8CHX7
Downloading: Q8CHY6
Downloading: Q8CI15
Downloading: Q8CIA5
Downloading: Q8CIP3
Downloading: Q8CIQ6
Downloading: Q8CIT0
Downloading: Q8CIX1
Downloading: Q8GUL1
Downloading: Q8GUU2
Downloading: Q8GV05
Downloading: Q8GW17
Downloading: Q8GW32
Downloading: Q8GWK6
Downloading: Q8GWL1
Downloading: Q8GWQ2
Downloading: Q8GX46
Downloading: Q8GX92
Downloading: Q8GXC2
Downloading: Q8GXG6
Downloading: Q8GXI9
Downloading: Q8GXU5
Downloading: Q8GXU9
Downloading: Q8GXV2
Downloading: Q8GY25
Downloading: Q8GY54
Downloading: Q8GYF4
Downloading: Q8GYJ2
Downloading: Q8GYM1
Downloading: Q8GYM6
Downloading: Q8GYX3
Downloading: Q8H159
Downloading: Q8H174
Downloading: Q8H1F5
Downloading: Q8H1H9
Downloading: Q8H1Q5
Downloading: Q8H398
Downloading: Q8H5T6
Downloading: Q8HWB0
Downloading: Q8HZK2
Downloading: Q8HZN9
Downloading: Q8I7J4
Downloading: Q8I7Z2
Downloading: Q8IA44
Downloading: Q8IH00
Downloading: Q8IKW2
Downloading: Q8ILW6
Downloading: Q8INT5
Downloading: Q8IR79
Downloading: Q8IRC7
Downloading: Q8IRE4
Downloading: Q8IRI6
Downloading: Q8IUH8
Downloading: Q8IUN9
Downloading: Q8IV48
Downloading: Q8IV53
Downloading: Q8IVL6
Downloading: Q8IVV2
Downloading: Q8IWN7
Downloading: Q8IY50
Downloading: Q8IYX1
Downloading: Q8JFR5
Downloading: Q8JGR4
Downloading: Q8JGR7
Downloading: Q8JGS0
Downloading: Q8JGS9
Downloading: Q8JGW0
Downloading: Q8JH68
Downloading: Q8JH92
Downloading: Q8JHF0
Downloading: Q8JHF2
Downloading: Q8JHI6
Downloading: Q8JHJ1
Downloading: Q8JI10
Downloading: Q8JI14
Downloading: Q8JIM3
Downloading: Q8JIR0
Downloading: Q8JIR6
Downloading: Q8JJ26
Downloading: Q8JJC0
Downloading: Q8JZM8
Downloading: Q8JZV7
Downloading: Q8JZZ7
Downloading: Q8K0F1
Downloading: Q8K0G8
Downloading: Q8K0S5
Downloading: Q8K1Q3
Downloading: Q8K1Z6
Downloading: Q8K298
Downloading: Q8K2J0
Downloading: Q8K2Y0
Downloading: Q8K377
Downloading: Q8K394
Downloading: Q8K3A9
Downloading: Q8K3P4
Downloading: Q8K467
Downloading: Q8K480
Downloading: Q8K4N3
Downloading: Q8K4P7
Downloading: Q8K4Q8
Downloading: Q8K560
Downloading: Q8L4B2
Downloading: Q8L4N1
Downloading: Q8L727
Downloading: Q8L730
Downloading: Q8L7M0
Downloading: Q8L7S4
Downloading: Q8L7T3
Downloading: Q8L7T6
Downloading: Q8L7W2
Downloading: Q8L8A6
Downloading: Q8L8A7
Downloading: Q8L925
Downloading: Q8L981
Downloading: Q8L9T5
Downloading: Q8LAL0
Downloading: Q8LAL2
Downloading: Q8LAP8
Downloading: Q8LAT0
Downloading: Q8LAX3
Downloading: Q8LBA0
Downloading: Q8LC30
Downloading: Q8LC79
Downloading: Q8LDI5
Downloading: Q8LEZ4
Downloading: Q8LF99
Downloading: Q8LFN9
Downloading: Q8LG76
Downloading: Q8LHH9
Downloading: Q8LL17
Downloading: Q8LLV8
Downloading: Q8LMR2
Downloading: Q8LPI9
Downloading: Q8LQ74
Downloading: Q8LQM5
Downloading: Q8LRK9
Downloading: Q8MKK4
Downloading: Q8MKL1
Downloading: Q8MLZ5
Downloading: Q8MSF5
Downloading: Q8MYY6
Downloading: Q8N0X2
Downloading: Q8N100
Downloading: Q8N157
Downloading: Q8N1N4
Downloading: Q8N2G8
Downloading: Q8N3V7
Downloading: Q8N4F0
Downloading: Q8N4P2
Downloading: Q8N5D6
Downloading: Q8N9U0
Downloading: Q8NA29
Downloading: Q8NAV1
Downloading: Q8NB78
Downloading: Q8NBA8
Downloading: Q8NBM8
Downloading: Q8NBX0
Downloading: Q8NBZ0
Downloading: Q8NCC5
Downloading: Q8NEG7
Downloading: Q8NFP4
Downloading: Q8NG48
Downloading: Q8NGK2
Downloading: Q8NHM4
Downloading: Q8NHP6
Downloading: Q8NI29
Downloading: Q8QFQ8
Downloading: Q8QFR2
Downloading: Q8QGQ8
Downloading: Q8QGU6
Downloading: Q8QGV2
Downloading: Q8QHJ9
Downloading: Q8QZY9
Downloading: Q8R003
Downloading: Q8R071
Downloading: Q8R0K2
Downloading: Q8R0T6
Downloading: Q8R0W0
Downloading: Q8R0X7
Downloading: Q8R1C9
Downloading: Q8R1H8
Downloading: Q8R235
Downloading: Q8R2I0
Downloading: Q8R2J9
Downloading: Q8R2T8
Downloading: Q8R2U0
Downloading: Q8R412
Downloading: Q8R414
Downloading: Q8R448
Downloading: Q8R493
Downloading: Q8R4C0
Downloading: Q8R4V5
Downloading: Q8R4Y8
Downloading: Q8R4Z1
Downloading: Q8R574
Downloading: Q8RUS5
Downloading: Q8RW98
Downloading: Q8RWI9
Downloading: Q8RWK8
Downloading: Q8RWQ4
Downloading: Q8RWZ3
Downloading: Q8RWZ6
Downloading: Q8RXH2
Downloading: Q8RY17
Downloading: Q8RY99
Downloading: Q8RYC6
Downloading: Q8S3D1
Downloading: Q8S3D2
Downloading: Q8S3D5
Downloading: Q8S3F1
Downloading: Q8S7M7
Downloading: Q8S8A0
Downloading: Q8S8I4
Downloading: Q8S8N0
Downloading: Q8S924
Downloading: Q8S949
Downloading: Q8S9H7
Downloading: Q8S9L0
Downloading: Q8SSQ3
Downloading: Q8SWR2
Downloading: Q8SY61
Downloading: Q8SYS7
Downloading: Q8SZ16
Downloading: Q8T088
Downloading: Q8T0B1
Downloading: Q8T1G5
Downloading: Q8T1G6
Downloading: Q8T3X9
Downloading: Q8T664
Downloading: Q8T673
Downloading: Q8T6B4
Downloading: Q8T6J1
Downloading: Q8T8P3
Downloading: Q8TA03
Downloading: Q8TA83
Downloading: Q8TAT5
Downloading: Q8TB24
Downloading: Q8TBB6
Downloading: Q8TBN0
Downloading: Q8TC07
Downloading: Q8TC36
Downloading: Q8TC41
Downloading: Q8TCB0
Downloading: Q8TD16
Downloading: Q8TD94
Downloading: Q8TDB8
Downloading: Q8TDG4
Downloading: Q8TE60
Downloading: Q8TEA1
Downloading: Q8TF09
Downloading: Q8TF47
Downloading: Q8TF62
Downloading: Q8TFG6
Downloading: Q8TFG9
Downloading: Q8TFH0
Downloading: Q8TFH4
Downloading: Q8UUW7
Downloading: Q8UUZ1
Downloading: Q8UVR3
Downloading: Q8UW00
Downloading: Q8UW72
Downloading: Q8UW74
Downloading: Q8VBS7
Downloading: Q8VBW5
Downloading: Q8VC28
Downloading: Q8VCC2
Downloading: Q8VCF1
Downloading: Q8VCS0
Downloading: Q8VCX2
Downloading: Q8VDF3
Downloading: Q8VE10
Downloading: Q8VE92
Downloading: Q8VE97
Downloading: Q8VEB1
Downloading: Q8VEB3
Downloading: Q8VEM1
Downloading: Q8VHB5
Downloading: Q8VHC5
Downloading: Q8VHE0
Downloading: Q8VHG0
Downloading: Q8VHI8
Downloading: Q8VHK5
Downloading: Q8VHK8
Downloading: Q8VHQ3
Downloading: Q8VHZ4
Downloading: Q8VHZ7
Downloading: Q8VHZ8
Downloading: Q8VHZ9
Downloading: Q8VIC9
Downloading: Q8VID5
Downloading: Q8VIH3
Downloading: Q8VIJ8
Downloading: Q8VWH2
Downloading: Q8VXV4
Downloading: Q8VY90
Downloading: Q8VYA1
Downloading: Q8VYD2
Downloading: Q8VYG9
Downloading: Q8VYH2
Downloading: Q8VYR7
Downloading: Q8VZ02
Downloading: Q8VZ52
Downloading: Q8VZJ9
Downloading: Q8VZL4
Downloading: Q8VZR7
Downloading: Q8VZT8
Downloading: Q8VZW3
Downloading: Q8W103
Downloading: Q8W1D5
Downloading: Q8W1Y0
Downloading: Q8W595
Downloading: Q8W5R5
Downloading: Q8WTM6
Downloading: Q8WU66
Downloading: Q8WUA7
Downloading: Q8WVE0
Downloading: Q8WVF1
Downloading: Q8WVS4
Downloading: Q8WWI1
Downloading: Q8WWL2
Downloading: Q8WYN3
Downloading: Q90267
Downloading: Q90419
Downloading: Q90421
Downloading: Q90435
Downloading: Q90459
Downloading: Q90478
Downloading: Q90481
Downloading: Q90486
Downloading: Q90487
Downloading: Q90660
Downloading: Q90690
Downloading: Q90722
Downloading: Q90873
Downloading: Q90923
Downloading: Q90X44
Downloading: Q90X46
Downloading: Q90XH3
Downloading: Q90Y54
Downloading: Q90YB1
Downloading: Q90YK5
Downloading: Q90Z05
Downloading: Q90Z10
Downloading: Q90ZE4
Downloading: Q91029
Downloading: Q91250
Downloading: Q91770
Downloading: Q91905
Downloading: Q91981
Downloading: Q91994
Downloading: Q91UZ5
Downloading: Q91V01
Downloading: Q91V80
Downloading: Q91V81
Downloading: Q91V82
Downloading: Q91VC4
Downloading: Q91VC7
Downloading: Q91VD6
Downloading: Q91WC9
Downloading: Q91WF7
Downloading: Q91WG1
Downloading: Q91WG8
Downloading: Q91WS2
Downloading: Q91WT4
Downloading: Q91WW3
Downloading: Q91X72
Downloading: Q91X88
Downloading: Q91XT9
Downloading: Q91Y47
Downloading: Q91Y94
Downloading: Q91YD1
Downloading: Q91YE3
Downloading: Q91YQ1
Downloading: Q91ZA8
Downloading: Q91ZF7
Downloading: Q91ZH7
Downloading: Q91ZQ1
Downloading: Q91ZV0
Downloading: Q92048
Downloading: Q92090
Downloading: Q920C1
Downloading: Q920D7
Downloading: Q920I9
Downloading: Q920P3
Downloading: Q921A3
Downloading: Q921K8
Downloading: Q921L3
Downloading: Q921Z5
Downloading: Q92203
Downloading: Q922M3
Downloading: Q922V4
Downloading: Q923I8
Downloading: Q923L3
Downloading: Q924D0
Downloading: Q924P3
Downloading: Q924T9
Downloading: Q92519
Downloading: Q92527
Downloading: Q92563
Downloading: Q925K9
Downloading: Q925Q8
Downloading: Q92778
Downloading: Q92782
Downloading: Q92820
Downloading: Q92935
Downloading: Q92954
Downloading: Q92979
Downloading: Q93079
Downloading: Q93083
Downloading: Q93459
Downloading: Q93538
Downloading: Q93575
Downloading: Q93761
Downloading: Q93971
Downloading: Q93W88
Downloading: Q93WC4
Downloading: Q93WI9
Downloading: Q93WN0
Downloading: Q93WP7
Downloading: Q93WP8
Downloading: Q93Z01
Downloading: Q93ZB1
Downloading: Q93ZE9
Downloading: Q93ZF5
Downloading: Q93ZH9
Downloading: Q93ZJ3
Downloading: Q93ZS9
Downloading: Q94071
Downloading: Q940Q2
Downloading: Q940Q4
Downloading: Q940Y3
Downloading: Q94166
Downloading: Q94177
Downloading: Q941C7
Downloading: Q941I2
Downloading: Q94231
Downloading: Q94263
Downloading: Q94398
Downloading: Q943E6
Downloading: Q943E7
Downloading: Q943Q3
Downloading: Q94490
Downloading: Q94497
Downloading: Q944S3
Downloading: Q94511
Downloading: Q94519
Downloading: Q94529
Downloading: Q94546
Downloading: Q94554
Downloading: Q945M9
Downloading: Q947G8
Downloading: Q94890
Downloading: Q949U2
Downloading: Q94A05
Downloading: Q94A21
Downloading: Q94AD8
Downloading: Q94AQ9
Downloading: Q94B40
Downloading: Q94BP7
Downloading: Q94BS8
Downloading: Q94CI7
Downloading: Q94CK4
Downloading: Q94DG6
Downloading: Q94F27
Downloading: Q94FL5
Downloading: Q94G86
Downloading: Q94JM2
Downloading: Q94JW8
Downloading: Q95028
Downloading: Q95J68
Downloading: Q95L14
Downloading: Q95LI0
Downloading: Q95N27
Downloading: Q95PZ9
Downloading: Q95Q34
Downloading: Q95R48
Downloading: Q95RC0
Downloading: Q95RU0
Downloading: Q95T64
Downloading: Q95V77
Downloading: Q95XZ0
Downloading: Q95XZ5
Downloading: Q95Y89
Downloading: Q95Y90
Downloading: Q95ZV7
Downloading: Q960A1
Downloading: Q96320
Downloading: Q96323
Downloading: Q96324
Downloading: Q96331
Downloading: Q96502
Downloading: Q969P5
Downloading: Q96A61
Downloading: Q96AJ1
Downloading: Q96AX2
Downloading: Q96B18
Downloading: Q96BA8
Downloading: Q96BD0
Downloading: Q96BM9
Downloading: Q96BQ1
Downloading: Q96C11
Downloading: Q96C45
Downloading: Q96D71
Downloading: Q96DN6
Downloading: Q96DR4
Downloading: Q96DR5
Downloading: Q96DW6
Downloading: Q96EF6
Downloading: Q96EK6
Downloading: Q96EQ8
Downloading: Q96EX3
Downloading: Q96F45
Downloading: Q96FJ0
Downloading: Q96FV0
Downloading: Q96G21
Downloading: Q96GX1
Downloading: Q96HD1
Downloading: Q96HU8
Downloading: Q96IU2
Downloading: Q96JC9
Downloading: Q96JQ0
Downloading: Q96MC2
Downloading: Q96MG2
Downloading: Q96P63
Downloading: Q96PH6
Downloading: Q96PP4
Downloading: Q96Q04
Downloading: Q96Q91
Downloading: Q96QS1
Downloading: Q96RU3
Downloading: Q96S53
Downloading: Q96SD1
Downloading: Q96SU4
Downloading: Q96SZ6
Downloading: Q96T37
Downloading: Q96T51
Downloading: Q96UL8
Downloading: Q96WY0
Downloading: Q98862
Downloading: Q98864
Downloading: Q98875
Downloading: Q98877
Downloading: Q98878
Downloading: Q98998
Downloading: Q98SJ5
Downloading: Q98SR9
Downloading: Q98UK5
Downloading: Q99248
Downloading: Q99382
Downloading: Q99393
Downloading: Q99440
Downloading: Q99457
Downloading: Q99467
Downloading: Q99592
Downloading: Q99674
Downloading: Q99717
Downloading: Q99877
Downloading: Q99879
Downloading: Q99880
Downloading: Q99J21
Downloading: Q99J79
Downloading: Q99J93
Downloading: Q99J94
Downloading: Q99JB3
Downloading: Q99JF8
Downloading: Q99JH8
Downloading: Q99KE8
Downloading: Q99KG3
Downloading: Q99KL7
Downloading: Q99KR6
Downloading: Q99KW3
Downloading: Q99L85
Downloading: Q99LI9
Downloading: Q99LJ0
Downloading: Q99ME9
Downloading: Q99MH9
Downloading: Q99MM4
Downloading: Q99MQ5
Downloading: Q99MR9
Downloading: Q99MU1
Downloading: Q99N02
Downloading: Q99NB1
Downloading: Q99NB2
Downloading: Q99P27
Downloading: Q99P50
Downloading: Q99P88
Downloading: Q99PK0
Downloading: Q99PR8
Downloading: Q99PT0
Downloading: Q9ASX9
Downloading: Q9AVB0
Downloading: Q9BDB7
Downloading: Q9BDI7
Downloading: Q9BIG4
Downloading: Q9BQC3
Downloading: Q9BQI4
Downloading: Q9BQI5
Downloading: Q9BR10
Downloading: Q9BRC7
Downloading: Q9BRF8
Downloading: Q9BRV3
Downloading: Q9BSJ8
Downloading: Q9BTV6
Downloading: Q9BU76
Downloading: Q9BUU2
Downloading: Q9BV20
Downloading: Q9BVI4
Downloading: Q9BW72
Downloading: Q9BWJ5
Downloading: Q9BX10
Downloading: Q9BXB5
Downloading: Q9BXJ8
Downloading: Q9BY07
Downloading: Q9BYT1
Downloading: Q9BZ72
Downloading: Q9BZB8
Downloading: Q9BZC1
Downloading: Q9BZF3
Downloading: Q9BZG8
Downloading: Q9BZX2
Downloading: Q9C010
Downloading: Q9C086
Downloading: Q9C0E8
Downloading: Q9C0J8
Downloading: Q9C102
Downloading: Q9C3Y4
Downloading: Q9C517
Downloading: Q9C587
Downloading: Q9C5L3
Downloading: Q9C5P0
Downloading: Q9C5S8
Downloading: Q9C5X0
Downloading: Q9C5X2
Downloading: Q9C5Z7
Downloading: Q9C616
Downloading: Q9C635
Downloading: Q9C6C8
Downloading: Q9C6M1
Downloading: Q9C6M5
Downloading: Q9C6S2
Downloading: Q9C776
Downloading: Q9C7C1
Downloading: Q9C7C3
Downloading: Q9C7E8
Downloading: Q9C7G4
Downloading: Q9C7I9
Downloading: Q9C7N2
Downloading: Q9C7Q8
Downloading: Q9C7W2
Downloading: Q9C7X5
Downloading: Q9C8D1
Downloading: Q9C8K1
Downloading: Q9C8K2
Downloading: Q9C8M3
Downloading: Q9C8M4
Downloading: Q9C8N7
Downloading: Q9C8N9
Downloading: Q9C8W3
Downloading: Q9C8Y1
Downloading: Q9C952
Downloading: Q9C966
Downloading: Q9C9F4
Downloading: Q9C9F6
Downloading: Q9C9I8
Downloading: Q9C9K4
Downloading: Q9C9M8
Downloading: Q9C9Q5
Downloading: Q9C9Q6
Downloading: Q9CA57
Downloading: Q9CA66
Downloading: Q9CAB7
Downloading: Q9CAH0
Downloading: Q9CAK1
Downloading: Q9CAQ8
Downloading: Q9CAS6
Downloading: Q9CAT7
Downloading: Q9CAV7
Downloading: Q9CAX8
Downloading: Q9CAY1
Downloading: Q9CPY1
Downloading: Q9CPZ6
Downloading: Q9CQ56
Downloading: Q9CQ65
Downloading: Q9CQD1
Downloading: Q9CQI3
Downloading: Q9CQP8
Downloading: Q9CQZ1
Downloading: Q9CRA8
Downloading: Q9CTH6
Downloading: Q9CTN4
Downloading: Q9CWI3
Downloading: Q9CWL2
Downloading: Q9CWM4
Downloading: Q9CWR7
Downloading: Q9CWY3
Downloading: Q9CX11
Downloading: Q9CX62
Downloading: Q9CX92
Downloading: Q9CXH7
Downloading: Q9CXM0
Downloading: Q9CXV3
Downloading: Q9CXX9
Downloading: Q9CY00
Downloading: Q9CYC6
Downloading: Q9CYN9
Downloading: Q9CYV5
Downloading: Q9CZ52
Downloading: Q9CZ62
Downloading: Q9CZX0
Downloading: Q9D0K0
Downloading: Q9D0S9
Downloading: Q9D0T1
Downloading: Q9D0U9
Downloading: Q9D103
Downloading: Q9D154
Downloading: Q9D159
Downloading: Q9D256
Downloading: Q9D275
Downloading: Q9D2F7
Downloading: Q9D2H2
Downloading: Q9D2H6
Downloading: Q9D2V7
Downloading: Q9D309
Downloading: Q9D311
Downloading: Q9D379
Downloading: Q9D3G5
Downloading: Q9D4G9
Downloading: Q9D4I2
Downloading: Q9D4M9
Downloading: Q9D531
Downloading: Q9D5A9
Downloading: Q9D5H4
Downloading: Q9D5Y1
Downloading: Q9D611
Downloading: Q9D658
Downloading: Q9D6F4
Downloading: Q9D6G9
Downloading: Q9D6J4
Downloading: Q9D7H4
Downloading: Q9D7P9
Downloading: Q9D994
Downloading: Q9D995
Downloading: Q9D9C6
Downloading: Q9D9I4
Downloading: Q9DA57
Downloading: Q9DA69
Downloading: Q9DAA4
Downloading: Q9DB25
Downloading: Q9DBG6
Downloading: Q9DBH5
Downloading: Q9DBL2
Downloading: Q9DBX2
Downloading: Q9DCD2
Downloading: Q9DDJ0
Downloading: Q9DE24
Downloading: Q9DEX7
Downloading: Q9DFD6
Downloading: Q9DGH0
Downloading: Q9DGI3
Downloading: Q9EP51
Downloading: Q9EP64
Downloading: Q9EP79
Downloading: Q9EP93
Downloading: Q9EPB8
Downloading: Q9EPI1
Downloading: Q9EPL0
Downloading: Q9EPQ1
Downloading: Q9EPU0
Downloading: Q9EQ44
Downloading: Q9EQ45
Downloading: Q9EQ46
Downloading: Q9EQ47
Downloading: Q9EQ48
Downloading: Q9EQ51
Downloading: Q9EQ52
Downloading: Q9EQB9
Downloading: Q9EQK5
Downloading: Q9EQL5
Downloading: Q9EQM6
Downloading: Q9EQR6
Downloading: Q9EQV6
Downloading: Q9EQZ1
Downloading: Q9ER42
Downloading: Q9ERL9
Downloading: Q9ERQ6
Downloading: Q9ERR2
Downloading: Q9ERS7
Downloading: Q9ES45
Downloading: Q9ES90
Downloading: Q9ESC2
Downloading: Q9ESD6
Downloading: Q9ESE2
Downloading: Q9ESH5
Downloading: Q9ESJ4
Downloading: Q9ESK3
Downloading: Q9ESS0
Downloading: Q9ET39
Downloading: Q9ET54
Downloading: Q9FDX8
Downloading: Q9FED2
Downloading: Q9FF18
Downloading: Q9FF79
Downloading: Q9FFF9
Downloading: Q9FFI5
Downloading: Q9FFJ3
Downloading: Q9FFK8
Downloading: Q9FFN1
Downloading: Q9FFP1
Downloading: Q9FFX4
Downloading: Q9FG05
Downloading: Q9FG30
Downloading: Q9FG77
Downloading: Q9FGB0
Downloading: Q9FGD2
Downloading: Q9FGF8
Downloading: Q9FGH9
Downloading: Q9FH09
Downloading: Q9FH31
Downloading: Q9FH32
Downloading: Q9FHE1
Downloading: Q9FHG4
Downloading: Q9FHH2
Downloading: Q9FHH5
Downloading: Q9FHH8
Downloading: Q9FHX3
Downloading: Q9FI14
Downloading: Q9FI19
Downloading: Q9FI31
Downloading: Q9FI94
Downloading: Q9FIA9
Downloading: Q9FIB2
Downloading: Q9FII7
Downloading: Q9FIN7
Downloading: Q9FIQ0
Downloading: Q9FIT4
Downloading: Q9FIX5
Downloading: Q9FIZ3
Downloading: Q9FJ00
Downloading: Q9FJ21
Downloading: Q9FJ70
Downloading: Q9FJ92
Downloading: Q9FJB8
Downloading: Q9FJD1
Downloading: Q9FJG2
Downloading: Q9FJH9
Downloading: Q9FJL0
Downloading: Q9FJY7
Downloading: Q9FJZ9
Downloading: Q9FK66
Downloading: Q9FKB0
Downloading: Q9FKM7
Downloading: Q9FKN7
Downloading: Q9FKQ6
Downloading: Q9FKT9
Downloading: Q9FLF4
Downloading: Q9FLH5
Downloading: Q9FLI1
Downloading: Q9FLI3
Downloading: Q9FLM6
Downloading: Q9FLR5
Downloading: Q9FLU8
Downloading: Q9FLU9
Downloading: Q9FLX9
Downloading: Q9FM64
Downloading: Q9FMB6
Downloading: Q9FMC8
Downloading: Q9FME5
Downloading: Q9FME8
Downloading: Q9FMF4
Downloading: Q9FMP8
Downloading: Q9FMS7
Downloading: Q9FMV7
Downloading: Q9FMX2
Downloading: Q9FNB5
Downloading: Q9FNI3
Downloading: Q9FNI6
Downloading: Q9FNK5
Downloading: Q9FNL8
Downloading: Q9FNV8
Downloading: Q9FNV9
Downloading: Q9FPN0
Downloading: Q9FQ20
Downloading: Q9FT70
Downloading: Q9FT74
Downloading: Q9FUG4
Downloading: Q9FUS6
Downloading: Q9FUS9
Downloading: Q9FUT0
Downloading: Q9FVN0
Downloading: Q9FWW9
Downloading: Q9FX64
Downloading: Q9FXA3
Downloading: Q9FXH6
Downloading: Q9FY69
Downloading: Q9FYB7
Downloading: Q9FYE2
Downloading: Q9FYE3
Downloading: Q9FYE6
Downloading: Q9FZC7
Downloading: Q9FZK0
Downloading: Q9GK12
Downloading: Q9GLX8
Downloading: Q9GM70
Downloading: Q9GM97
Downloading: Q9GNL3
Downloading: Q9GPQ9
Downloading: Q9GT50
Downloading: Q9GTN7
Downloading: Q9GV36
Downloading: Q9H094
Downloading: Q9H0L4
Downloading: Q9H1C7
Downloading: Q9H1P3
Downloading: Q9H2I8
Downloading: Q9H2P9
Downloading: Q9H3F6
Downloading: Q9H4B6
Downloading: Q9H4L5
Downloading: Q9H4M3
Downloading: Q9H6R4
Downloading: Q9H7X7
Downloading: Q9H7Z7
Downloading: Q9H832
Downloading: Q9H8G1
Downloading: Q9H8H3
Downloading: Q9H981
Downloading: Q9H9E1
Downloading: Q9H9J4
Downloading: Q9HA47
Downloading: Q9HAJ7
Downloading: Q9HAP2
Downloading: Q9HAP6
Downloading: Q9HAW0
Downloading: Q9HB20
Downloading: Q9HBJ0
Downloading: Q9HC36
Downloading: Q9HCQ7
Downloading: Q9HD89
Downloading: Q9I7W5
Downloading: Q9I841
Downloading: Q9I8G4
Downloading: Q9I8K8
Downloading: Q9I8T7
Downloading: Q9I9K7
Downloading: Q9I9N5
Downloading: Q9IA31
Downloading: Q9IA96
Downloading: Q9IAB2
Downloading: Q9JHG7
Downloading: Q9JHY3
Downloading: Q9JIC3
Downloading: Q9JIE3
Downloading: Q9JIL2
Downloading: Q9JIL9
Downloading: Q9JIQ8
Downloading: Q9JIR3
Downloading: Q9JIT0
Downloading: Q9JIW4
Downloading: Q9JIY7
Downloading: Q9JIZ9
Downloading: Q9JJ06
Downloading: Q9JJ25
Downloading: Q9JJC9
Downloading: Q9JJJ3
Downloading: Q9JK79
Downloading: Q9JK81
Downloading: Q9JKE2
Downloading: Q9JKK7
Downloading: Q9JKQ4
Downloading: Q9JKV1
Downloading: Q9JKY5
Downloading: Q9JKZ2
Downloading: Q9JL25
Downloading: Q9JL61
Downloading: Q9JL70
Downloading: Q9JLI6
Downloading: Q9JLJ5
Downloading: Q9JLL3
Downloading: Q9JLZ8
Downloading: Q9JMA7
Downloading: Q9JMB8
Downloading: Q9JMD1
Downloading: Q9JMG2
Downloading: Q9JMH9
Downloading: Q9JMJ2
Downloading: Q9LD37
Downloading: Q9LDA9
Downloading: Q9LDG2
Downloading: Q9LDV4
Downloading: Q9LDY2
Downloading: Q9LE15
Downloading: Q9LEA7
Downloading: Q9LET0
Downloading: Q9LEX5
Downloading: Q9LF10
Downloading: Q9LFD2
Downloading: Q9LFG8
Downloading: Q9LFR1
Downloading: Q9LFU0
Downloading: Q9LG86
Downloading: Q9LHA1
Downloading: Q9LHD2
Downloading: Q9LHF0
Downloading: Q9LHH5
Downloading: Q9LHH7
Downloading: Q9LHL6
Downloading: Q9LI00
Downloading: Q9LID0
Downloading: Q9LJ44
Downloading: Q9LJ69
Downloading: Q9LJH5
Downloading: Q9LJJ5
Downloading: Q9LJL4
Downloading: Q9LJM4
Downloading: Q9LJQ9
Downloading: Q9LJR7
Downloading: Q9LJY0
Downloading: Q9LKC0
Downloading: Q9LKW0
Downloading: Q9LLR6
Downloading: Q9LMA1
Downloading: Q9LMG8
Downloading: Q9LMH5
Downloading: Q9LMH6
Downloading: Q9LML2
Downloading: Q9LMM8
Downloading: Q9LMP1
Downloading: Q9LMU1
Downloading: Q9LN01
Downloading: Q9LN94
Downloading: Q9LNA5
Downloading: Q9LNC4
Downloading: Q9LND0
Downloading: Q9LND4
Downloading: Q9LNW3
Downloading: Q9LP07
Downloading: Q9LPL5
Downloading: Q9LPT1
Downloading: Q9LPU9
Downloading: Q9LPV4
Downloading: Q9LQ48
Downloading: Q9LQE8
Downloading: Q9LQM3
Downloading: Q9LQQ2
Downloading: Q9LQV2
Downloading: Q9LQZ2
Downloading: Q9LRM4
Downloading: Q9LS19
Downloading: Q9LSD0
Downloading: Q9LSF6
Downloading: Q9LSN7
Downloading: Q9LSR9
Downloading: Q9LSY0
Downloading: Q9LSY1
Downloading: Q9LT67
Downloading: Q9LT79
Downloading: Q9LT81
Downloading: Q9LT89
Downloading: Q9LTC7
Downloading: Q9LTF4
Downloading: Q9LTG0
Downloading: Q9LTS4
Downloading: Q9LU92
Downloading: Q9LUH3
Downloading: Q9LUH9
Downloading: Q9LUL1
Downloading: Q9LUL5
Downloading: Q9LUM4
Downloading: Q9LUQ3
Downloading: Q9LUZ4
Downloading: Q9LUZ6
Downloading: Q9LV32
Downloading: Q9LV60
Downloading: Q9LV88
Downloading: Q9LV93
Downloading: Q9LVD6
Downloading: Q9LVJ0
Downloading: Q9LVJ7
Downloading: Q9LVK9
Downloading: Q9LVL4
Downloading: Q9LVP1
Downloading: Q9LVR0
Downloading: Q9LW77
Downloading: Q9LW83
Downloading: Q9LX07
Downloading: Q9LX08
Downloading: Q9LX85
Downloading: Q9LXA9
Downloading: Q9LXG0
Downloading: Q9LXG8
Downloading: Q9LXV5
Downloading: Q9LYH0
Downloading: Q9LYK8
Downloading: Q9LYU4
Downloading: Q9LYU9
Downloading: Q9LYV6
Downloading: Q9LYX1
Downloading: Q9LZ25
Downloading: Q9LZ31
Downloading: Q9LZ56
Downloading: Q9LZ72
Downloading: Q9LZI9
Downloading: Q9LZJ6
Downloading: Q9LZU4
Downloading: Q9LZV3
Downloading: Q9LZW3
Downloading: Q9LZX7
Downloading: Q9M000
Downloading: Q9M095
Downloading: Q9M0C2
Downloading: Q9M0C3
Downloading: Q9M0C5
Downloading: Q9M0H6
Downloading: Q9M0J3
Downloading: Q9M0R0
Downloading: Q9M128
Downloading: Q9M160
Downloading: Q9M1Q1
Downloading: Q9M1R4
Downloading: Q9M1U2
Downloading: Q9M1V5
Downloading: Q9M219
Downloading: Q9M2C3
Downloading: Q9M2C9
Downloading: Q9M2K8
Downloading: Q9M2Q6
Downloading: Q9M2S3
Downloading: Q9M2S9
Downloading: Q9M2V7
Downloading: Q9M2Y9
Downloading: Q9M2Z8
Downloading: Q9M345
Downloading: Q9M3B4
Downloading: Q9M3E5
Downloading: Q9M644
Downloading: Q9M682
Downloading: Q9M7K4
Downloading: Q9M886
Downloading: Q9M8T3
Downloading: Q9M8T9
Downloading: Q9M8Y5
Downloading: Q9M9F1
Downloading: Q9M9H6
Downloading: Q9M9Q9
Downloading: Q9M9S2
Downloading: Q9M9U9
Downloading: Q9M9W9
Downloading: Q9M9X4
Downloading: Q9MAG8
Downloading: Q9MAH1
Downloading: Q9MAU3
Downloading: Q9MAU5
Downloading: Q9MIY8
Downloading: Q9N2P6
Downloading: Q9N2V9
Downloading: Q9N3Z3
Downloading: Q9N408
Downloading: Q9NA80
Downloading: Q9NAH6
Downloading: Q9NBX5
Downloading: Q9NEN6
Downloading: Q9NIV0
Downloading: Q9NLA6
Downloading: Q9NNX9
Downloading: Q9NP90
Downloading: Q9NP97
Downloading: Q9NPC8
Downloading: Q9NPH6
Downloading: Q9NQC8
Downloading: Q9NQR8
Downloading: Q9NQS5
Downloading: Q9NRC9
Downloading: Q9NRE1
Downloading: Q9NRG1
Downloading: Q9NRJ7
Downloading: Q9NRW4
Downloading: Q9NSB2
Downloading: Q9NSB4
Downloading: Q9NSK7
Downloading: Q9NSY0
Downloading: Q9NU19
Downloading: Q9NU63
Downloading: Q9NUQ9
Downloading: Q9NV31
Downloading: Q9NX61
Downloading: Q9NX76
Downloading: Q9NXE8
Downloading: Q9NY30
Downloading: Q9NY56
Downloading: Q9NYB5
Downloading: Q9NYJ7
Downloading: Q9NYQ6
Downloading: Q9NYT0
Downloading: Q9NZ72
Downloading: Q9NZR4
Downloading: Q9NZU1
Downloading: Q9NZV6
Downloading: Q9P013
Downloading: Q9P273
Downloading: Q9P2E2
Downloading: Q9P2F5
Downloading: Q9P2H3
Downloading: Q9P2K1
Downloading: Q9P2X7
Downloading: Q9P4X4
Downloading: Q9P6R2
Downloading: Q9P794
Downloading: Q9P7V3
Downloading: Q9P7W9
Downloading: Q9P7X5
Downloading: Q9P8I0
Downloading: Q9PRP6
Downloading: Q9PRZ3
Downloading: Q9PS36
Downloading: Q9PSM4
Downloading: Q9PSN0
Downloading: Q9PT68
Downloading: Q9PT92
Downloading: Q9PTJ3
Downloading: Q9PTK2
Downloading: Q9PTQ7
Downloading: Q9PTU0
Downloading: Q9PTU1
Downloading: Q9PTX2
Downloading: Q9PU20
Downloading: Q9PU41
Downloading: Q9PU53
Downloading: Q9PUB8
Downloading: Q9PUF6
Downloading: Q9PUK5
Downloading: Q9PV90
Downloading: Q9PVK5
Downloading: Q9PVM0
Downloading: Q9PVY9
Downloading: Q9PVZ3
Downloading: Q9PWF3
Downloading: Q9PWJ5
Downloading: Q9QUI6
Downloading: Q9QUK5
Downloading: Q9QWE9
Downloading: Q9QX01
Downloading: Q9QX78
Downloading: Q9QXG2
Downloading: Q9QXQ6
Downloading: Q9QXS8
Downloading: Q9QXT0
Downloading: Q9QXY7
Downloading: Q9QXY8
Downloading: Q9QY10
Downloading: Q9QY42
Downloading: Q9QY61
Downloading: Q9QY80
Downloading: Q9QY96
Downloading: Q9QYE0
Downloading: Q9QYE2
Downloading: Q9QYJ2
Downloading: Q9QYJ3
Downloading: Q9QYK3
Downloading: Q9QYL0
Downloading: Q9QYP2
Downloading: Q9QYR9
Downloading: Q9QYY1
Downloading: Q9QZ67
Downloading: Q9QZA1
Downloading: Q9QZB9
Downloading: Q9QZC4
Downloading: Q9QZK2
Downloading: Q9QZS2
Downloading: Q9QZU7
Downloading: Q9QZW0
Downloading: Q9R0A3
Downloading: Q9R0A5
Downloading: Q9R0K8
Downloading: Q9R0Q3
Downloading: Q9R0S3
Downloading: Q9R0U1
Downloading: Q9R0Y8
Downloading: Q9R0Z9
Downloading: Q9R168
Downloading: Q9R1I1
Downloading: Q9R1J8
Downloading: Q9R1S8
Downloading: Q9R1T7
Downloading: Q9R1U9
Downloading: Q9R1V3
Downloading: Q9R226
Downloading: Q9R229
Downloading: Q9R2C1
Downloading: Q9S746
Downloading: Q9S758
Downloading: Q9S760
Downloading: Q9S7A3
Downloading: Q9S7A9
Downloading: Q9S7I6
Downloading: Q9S7J9
Downloading: Q9S7L2
Downloading: Q9S7L5
Downloading: Q9S7P5
Downloading: Q9S7P8
Downloading: Q9S7R4
Downloading: Q9S7R5
Downloading: Q9S7T5
Downloading: Q9S7V4
Downloading: Q9S7Y1
Downloading: Q9S818
Downloading: Q9S836
Downloading: Q9S845
Downloading: Q9S9V0
Downloading: Q9SA69
Downloading: Q9SA71
Downloading: Q9SA76
Downloading: Q9SAI1
Downloading: Q9SB41
Downloading: Q9SBB2
Downloading: Q9SCP5
Downloading: Q9SCQ6
Downloading: Q9SCS6
Downloading: Q9SCS7
Downloading: Q9SCS8
Downloading: Q9SCS9
Downloading: Q9SCW4
Downloading: Q9SD38
Downloading: Q9SD82
Downloading: Q9SD85
Downloading: Q9SD96
Downloading: Q9SDQ3
Downloading: Q9SEZ3
Downloading: Q9SEZ7
Downloading: Q9SF37
Downloading: Q9SFG6
Downloading: Q9SFW8
Downloading: Q9SGJ6
Downloading: Q9SGN6
Downloading: Q9SGW8
Downloading: Q9SH30
Downloading: Q9SHD0
Downloading: Q9SHF2
Downloading: Q9SHJ8
Downloading: Q9SHX9
Downloading: Q9SI62
Downloading: Q9SI93
Downloading: Q9SIH2
Downloading: Q9SIJ0
Downloading: Q9SIJ5
Downloading: Q9SIL5
Downloading: Q9SIS3
Downloading: Q9SIT5
Downloading: Q9SIX1
Downloading: Q9SIX3
Downloading: Q9SIY8
Downloading: Q9SIZ0
Downloading: Q9SJ20
Downloading: Q9SJ45
Downloading: Q9SJ84
Downloading: Q9SJG8
Downloading: Q9SJK7
Downloading: Q9SJL8
Downloading: Q9SJL9
Downloading: Q9SJM4
Downloading: Q9SJR0
Downloading: Q9SJW0
Downloading: Q9SK02
Downloading: Q9SK47
Downloading: Q9SK91
Downloading: Q9SKD6
Downloading: Q9SKN5
Downloading: Q9SKY8
Downloading: Q9SKY9
Downloading: Q9SL56
Downloading: Q9SL79
Downloading: Q9SLP1
Downloading: Q9SM02
Downloading: Q9SM27
Downloading: Q9SMX9
Downloading: Q9SMY7
Downloading: Q9SN39
Downloading: Q9SNE1
Downloading: Q9SNN0
Downloading: Q9SNW8
Downloading: Q9SPL3
Downloading: Q9SR17
Downloading: Q9SR36
Downloading: Q9SR86
Downloading: Q9SR92
Downloading: Q9SRD3
Downloading: Q9SRL5
Downloading: Q9SRQ8
Downloading: Q9SRT2
Downloading: Q9SSQ8
Downloading: Q9STF3
Downloading: Q9STH1
Downloading: Q9STJ7
Downloading: Q9STQ2
Downloading: Q9SUM5
Downloading: Q9SUS1
Downloading: Q9SUV9
Downloading: Q9SV12
Downloading: Q9SV30
Downloading: Q9SV64
Downloading: Q9SV77
Downloading: Q9SV83
Downloading: Q9SV87
Downloading: Q9SV96
Downloading: Q9SVC5
Downloading: Q9SVD5
Downloading: Q9SVF1
Downloading: Q9SVF3
Downloading: Q9SVM4
Downloading: Q9SVQ1
Downloading: Q9SVQ3
Downloading: Q9SVU6
Downloading: Q9SVU7
Downloading: Q9SVV6
Downloading: Q9SVV9
Downloading: Q9SW07
Downloading: Q9SW21
Downloading: Q9SWX9
Downloading: Q9SX24
Downloading: Q9SX97
Downloading: Q9SY12
Downloading: Q9SY60
Downloading: Q9SYG1
Downloading: Q9SYG9
Downloading: Q9SYH4
Downloading: Q9SYK4
Downloading: Q9SYP1
Downloading: Q9SYQ0
Downloading: Q9SYX7
Downloading: Q9SYZ0
Downloading: Q9SZ06
Downloading: Q9SZ54
Downloading: Q9SZD1
Downloading: Q9SZG0
Downloading: Q9SZG3
Downloading: Q9SZI3
Downloading: Q9SZJ2
Downloading: Q9SZM1
Downloading: Q9SZT4
Downloading: Q9SZU7
Downloading: Q9SZY4
Downloading: Q9SZY8
Downloading: Q9SZZ8
Downloading: Q9T072
Downloading: Q9T0D3
Downloading: Q9T0D6
Downloading: Q9T0I1
Downloading: Q9TVW5
Downloading: Q9TWL8
Downloading: Q9TYN3
Downloading: Q9TYU5
Downloading: Q9U1I1
Downloading: Q9U1M2
Downloading: Q9U2M5
Downloading: Q9U3I4
Downloading: Q9U3S9
Downloading: Q9U4F3
Downloading: Q9U4H5
Downloading: Q9U572
Downloading: Q9U616
Downloading: Q9U7E0
Downloading: Q9U9Q4
Downloading: Q9UBM4
Downloading: Q9UDV7
Downloading: Q9UDW1
Downloading: Q9UGC7
Downloading: Q9UHC1
Downloading: Q9UHG3
Downloading: Q9UHL4
Downloading: Q9UHP9
Downloading: Q9UHX1
Downloading: Q9UI15
Downloading: Q9UI43
Downloading: Q9UIG8
Downloading: Q9UIU6
Downloading: Q9UIW0
Downloading: Q9UK55
Downloading: Q9UK80
Downloading: Q9UKR3
Downloading: Q9UKW6
Downloading: Q9UL36
Downloading: Q9UL52
Downloading: Q9ULJ6
Downloading: Q9ULZ9
Downloading: Q9UMZ3
Downloading: Q9UN67
Downloading: Q9UN71
Downloading: Q9UNF1
Downloading: Q9UPM9
Downloading: Q9UQ52
Downloading: Q9UQ72
Downloading: Q9UQF0
Downloading: Q9UQK1
Downloading: Q9URU4
Downloading: Q9US45
Downloading: Q9USM3
Downloading: Q9USQ5
Downloading: Q9UT86
Downloading: Q9UT91
Downloading: Q9UTA4
Downloading: Q9UTL6
Downloading: Q9UU90
Downloading: Q9UUJ0
Downloading: Q9UW12
Downloading: Q9UW13
Downloading: Q9UW19
Downloading: Q9UW20
Downloading: Q9UW24
Downloading: Q9V399
Downloading: Q9V3I8
Downloading: Q9V3S0
Downloading: Q9V3U2
Downloading: Q9V3Y2
Downloading: Q9V3Y3
Downloading: Q9V477
Downloading: Q9V4U9
Downloading: Q9V4X2
Downloading: Q9V557
Downloading: Q9V568
Downloading: Q9V574
Downloading: Q9V589
Downloading: Q9V5P6
Downloading: Q9V668
Downloading: Q9V674
Downloading: Q9V675
Downloading: Q9V676
Downloading: Q9V6A9
Downloading: Q9V6D6
Downloading: Q9V770
Downloading: Q9V773
Downloading: Q9V7A4
Downloading: Q9V8Y2
Downloading: Q9V8Y9
Downloading: Q9V998
Downloading: Q9V9A7
Downloading: Q9V9I2
Downloading: Q9V9L1
Downloading: Q9V9V9
Downloading: Q9V9X4
Downloading: Q9VA91
Downloading: Q9VAI6
Downloading: Q9VAJ3
Downloading: Q9VAQ5
Downloading: Q9VAU9
Downloading: Q9VAY7
Downloading: Q9VB11
Downloading: Q9VB26
Downloading: Q9VC35
Downloading: Q9VC44
Downloading: Q9VC99
Downloading: Q9VCA2
Downloading: Q9VCC0
Downloading: Q9VCF0
Downloading: Q9VCI0
Downloading: Q9VCS8
Downloading: Q9VCS9
Downloading: Q9VCW1
Downloading: Q9VD25
Downloading: Q9VD76
Downloading: Q9VD92
Downloading: Q9VDE5
Downloading: Q9VDM6
Downloading: Q9VDR1
Downloading: Q9VDS6
Downloading: Q9VDV3
Downloading: Q9VDZ3
Downloading: Q9VE00
Downloading: Q9VE04
Downloading: Q9VE46
Downloading: Q9VEG9
Downloading: Q9VEK6
Downloading: Q9VF08
Downloading: Q9VF71
Downloading: Q9VFE6
Downloading: Q9VFK3
Downloading: Q9VG82
Downloading: Q9VGG6
Downloading: Q9VGK7
Downloading: Q9VHQ6
Downloading: Q9VI25
Downloading: Q9VIF0
Downloading: Q9VIS1
Downloading: Q9VIT2
Downloading: Q9VIW7
Downloading: Q9VJ62
Downloading: Q9VJ71
Downloading: Q9VJB6
Downloading: Q9VK13
Downloading: Q9VK68
Downloading: Q9VKB9
Downloading: Q9VKJ7
Downloading: Q9VKX7
Downloading: Q9VL13
Downloading: Q9VL59
Downloading: Q9VL72
Downloading: Q9VL86
Downloading: Q9VL96
Downloading: Q9VLE5
Downloading: Q9VLJ8
Downloading: Q9VLK2
Downloading: Q9VLP4
Downloading: Q9VLV5
Downloading: Q9VLW2
Downloading: Q9VM08
Downloading: Q9VM46
Downloading: Q9VM65
Downloading: Q9VM75
Downloading: Q9VMN5
Downloading: Q9VMW7
Downloading: Q9VN50
Downloading: Q9VNH1
Downloading: Q9VNJ5
Downloading: Q9VNK9
Downloading: Q9VNV3
Downloading: Q9VP47
Downloading: Q9VP61
Downloading: Q9VP65
Downloading: Q9VPC0
Downloading: Q9VPE4
Downloading: Q9VPH0
Downloading: Q9VPH7
Downloading: Q9VPI2
Downloading: Q9VPN2
Downloading: Q9VPS5
Downloading: Q9VPT5
Downloading: Q9VPW1
Downloading: Q9VPW8
Downloading: Q9VQ36
Downloading: Q9VQ57
Downloading: Q9VQD2
Downloading: Q9VQM4
Downloading: Q9VQS7
Downloading: Q9VQU9
Downloading: Q9VR89
Downloading: Q9VRG7
Downloading: Q9VRL2
Downloading: Q9VSF4
Downloading: Q9VSH3
Downloading: Q9VSY4
Downloading: Q9VSY6
Downloading: Q9VT20
Downloading: Q9VT52
Downloading: Q9VT53
Downloading: Q9VTE9
Downloading: Q9VTF9
Downloading: Q9VTH4
Downloading: Q9VTI8
Downloading: Q9VTJ8
Downloading: Q9VTN0
Downloading: Q9VTU1
Downloading: Q9VU02
Downloading: Q9VU65
Downloading: Q9VU95
Downloading: Q9VUC6
Downloading: Q9VUM0
Downloading: Q9VV43
Downloading: Q9VVA0
Downloading: Q9VVE2
Downloading: Q9VVF3
Downloading: Q9VVH3
Downloading: Q9VVI9
Downloading: Q9VW09
Downloading: Q9VW12
Downloading: Q9VWD4
Downloading: Q9VWE9
Downloading: Q9VX25
Downloading: Q9VX39
Downloading: Q9VXB3
Downloading: Q9VXG4
Downloading: Q9VXK6
Downloading: Q9VXN4
Downloading: Q9VXT7
Downloading: Q9VYA7
Downloading: Q9VYY3
Downloading: Q9VYY4
Downloading: Q9VZE6
Downloading: Q9VZH1
Downloading: Q9VZI3
Downloading: Q9VZL6
Downloading: Q9VZL7
Downloading: Q9VZS3
Downloading: Q9VZZ4
Downloading: Q9W020
Downloading: Q9W092
Downloading: Q9W0Y1
Downloading: Q9W1J3
Downloading: Q9W1K5
Downloading: Q9W1M8
Downloading: Q9W1W9
Downloading: Q9W223
Downloading: Q9W2D6
Downloading: Q9W2F2
Downloading: Q9W2Q1
Downloading: Q9W2X7
Downloading: Q9W328
Downloading: Q9W332
Downloading: Q9W367
Downloading: Q9W3C0
Downloading: Q9W3C1
Downloading: Q9W3C2
Downloading: Q9W3Y0
Downloading: Q9W462
Downloading: Q9W4D2
Downloading: Q9W4J5
Downloading: Q9W4Z4
Downloading: Q9W5N2
Downloading: Q9W5R8
Downloading: Q9W5X9
Downloading: Q9W686
Downloading: Q9W6F9
Downloading: Q9W6G6
Downloading: Q9W6S8
Downloading: Q9W6Z2
Downloading: Q9W740
Downloading: Q9W747
Downloading: Q9W7E8
Downloading: Q9W7J1
Downloading: Q9W7R3
Downloading: Q9WTL0
Downloading: Q9WTL3
Downloading: Q9WTL4
Downloading: Q9WTR0
Downloading: Q9WTR6
Downloading: Q9WTV8
Downloading: Q9WTW4
Downloading: Q9WTY1
Downloading: Q9WU02
Downloading: Q9WU03
Downloading: Q9WU28
Downloading: Q9WU68
Downloading: Q9WU72
Downloading: Q9WUD8
Downloading: Q9WUF1
Downloading: Q9WUG6
Downloading: Q9WUJ8
Downloading: Q9WUK2
Downloading: Q9WUP4
Downloading: Q9WUQ5
Downloading: Q9WUS0
Downloading: Q9WUU7
Downloading: Q9WUV0
Downloading: Q9WUW3
Downloading: Q9WUZ5
Downloading: Q9WV04
Downloading: Q9WV66
Downloading: Q9WV74
Downloading: Q9WV91
Downloading: Q9WVK5
Downloading: Q9WVM1
Downloading: Q9WVM6
Downloading: Q9WVQ5
Downloading: Q9XEC4
Downloading: Q9XEE6
Downloading: Q9XEF0
Downloading: Q9XF19
Downloading: Q9XFB0
Downloading: Q9XFR9
Downloading: Q9XHZ3
Downloading: Q9XI37
Downloading: Q9XI91
Downloading: Q9XIF8
Downloading: Q9XIL5
Downloading: Q9XJ66
Downloading: Q9XSC1
Downloading: Q9XTY1
Downloading: Q9XU42
Downloading: Q9XVP0
Downloading: Q9XWJ1
Downloading: Q9XXN3
Downloading: Q9XXS1
Downloading: Q9XY35
Downloading: Q9XYL0
Downloading: Q9XYQ2
Downloading: Q9Y0V3
Downloading: Q9Y0V6
Downloading: Q9Y0Y2
Downloading: Q9Y149
Downloading: Q9Y2A0
Downloading: Q9Y2A4
Downloading: Q9Y2G9
Downloading: Q9Y2R4
Downloading: Q9Y366
Downloading: Q9Y3A4
Downloading: Q9Y3B4
Downloading: Q9Y3D2
Downloading: Q9Y484
Downloading: Q9Y4D1
Downloading: Q9Y4D8
Downloading: Q9Y4W6
Downloading: Q9Y508
Downloading: Q9Y547
Downloading: Q9Y561
Downloading: Q9Y5E1
Downloading: Q9Y5E4
Downloading: Q9Y5F0
Downloading: Q9Y5L3
Downloading: Q9Y5M6
Downloading: Q9Y5P2
Downloading: Q9Y5R2
Downloading: Q9Y617
Downloading: Q9Y651
Downloading: Q9Y6F8
Downloading: Q9Y6H8
Downloading: Q9Y6I9
Downloading: Q9Y6M0
Downloading: Q9Y6M7
Downloading: Q9Y6Q2
Downloading: Q9Y765
Downloading: Q9Y7N2
Downloading: Q9Y811
Downloading: Q9Y875
Downloading: Q9Y885
Downloading: Q9YGB9
Downloading: Q9YGC1
Downloading: Q9YGD3
Downloading: Q9YGG9
Downloading: Q9YGS6
Downloading: Q9YHC5
Downloading: Q9YHV3
Downloading: Q9YHV4
Downloading: Q9YHZ5
Downloading: Q9YHZ7
Downloading: Q9YI92
Downloading: Q9Z0H6
Downloading: Q9Z0J7
Downloading: Q9Z0M1
Downloading: Q9Z0M5
Downloading: Q9Z0T0
Downloading: Q9Z100
Downloading: Q9Z118
Downloading: Q9Z188
Downloading: Q9Z191
Downloading: Q9Z1F6
Downloading: Q9Z1I6
Downloading: Q9Z1K5
Downloading: Q9Z1M9
Downloading: Q9Z1P5
Downloading: Q9Z1W5
Downloading: Q9Z211
Downloading: Q9Z217
Downloading: Q9Z222
Downloading: Q9Z244
Downloading: Q9Z282
Downloading: Q9Z2A8
Downloading: Q9Z2D3
Downloading: Q9Z2E5
Downloading: Q9Z2E9
Downloading: Q9Z2G1
Downloading: Q9Z2K0
Downloading: Q9Z2U4
Downloading: Q9Z2V9
Downloading: Q9Z2Y2
Downloading: Q9Z320
Downloading: Q9ZNQ7
Downloading: Q9ZNR0
Downloading: Q9ZNS4
Downloading: Q9ZNS6
Downloading: Q9ZP16
Downloading: Q9ZP59
Downloading: Q9ZPX1
Downloading: Q9ZPY0
Downloading: Q9ZQ12
Downloading: Q9ZQR8
Downloading: Q9ZR79
Downloading: Q9ZRT1
Downloading: Q9ZS34
Downloading: Q9ZSA7
Downloading: Q9ZSY8
Downloading: Q9ZSZ8
Downloading: Q9ZT17
Downloading: Q9ZT49
Downloading: Q9ZU30
Downloading: Q9ZU93
Downloading: Q9ZUE0
Downloading: Q9ZUH8
Downloading: Q9ZUI3
Downloading: Q9ZUL3
Downloading: Q9ZUM2
Downloading: Q9ZUN4
Downloading: Q9ZUT0
Downloading: Q9ZUU0
Downloading: Q9ZUU3
Downloading: Q9ZUU7
Downloading: Q9ZV43
Downloading: Q9ZV53
Downloading: Q9ZV65
Downloading: Q9ZV88
Downloading: Q9ZVB5
Downloading: Q9ZVQ4
Downloading: Q9ZW11
Downloading: Q9ZW27
Downloading: Q9ZW28
Downloading: Q9ZW29
Downloading: Q9ZW30
Downloading: Q9ZW96
Downloading: T1SFR8
Downloading: W8DXL4
Downloading: W8E7I1
Downloading: A2ACG1
Downloading: Q8TBZ3
Downloading: P0CU04
Downloading: Q92567
Downloading: P49106
Downloading: Q01526
Downloading: P40214
Downloading: Q8TD55
Downloading: Q9LNP2
Downloading: Q7Y219
Downloading: Q6X9E4
Downloading: P0CU02
Downloading: Q7M6Y6
Downloading: P53227
Downloading: A5PLN9
Downloading: O14280
Downloading: K4DEY3
Downloading: Q8NAG6
Downloading: Q8GWB2
Downloading: Q5SV66
Downloading: Q8NBF2
Downloading: Q8TF61
Downloading: Q6PKX4
Downloading: P0CU05
Downloading: Q3TY65
Downloading: Q96ME1
Downloading: Q9FHK4
Downloading: Q8IUR7
