"method","trustworthiness"
"esm2_large",0.982268448732121
"esm2_small",0.981912482274255
"proseq",0.908880402862917
"prot_bert",0.986120211257383
"prot_t5",0.984275617190902
