2025-09-20 16:07:16,125 - INFO - Initializing ESM2Embedder using device: mps
2025-09-20 16:09:11,894 - INFO - Initializing ESM2Embedder using device: mps
2025-09-25 16:48:45,174 - INFO - Loading embedding model: esm2_large
2025-09-25 16:48:45,174 - INFO - Initializing ESM2Embedder using device: cpu
2025-09-25 16:48:49,557 - INFO - Annotator initialized successfully
2025-09-25 16:48:49,557 - INFO - Starting optimized annotation pipeline...
2025-09-25 16:48:49,573 - INFO - Processing 5000 sequences from data/uniprot_sprot_5000.fasta
2025-09-25 16:48:49,573 - INFO - Starting annotation batch 1: sequences 1-12
2025-09-25 16:48:49,574 - INFO - Processing batch of 12 sequences with ESM2 batch embedding
2025-09-25 16:48:49,574 - INFO - Tokenizing 12 sequences...
2025-09-25 16:48:49,580 - INFO - Moving batch to device: cpu
2025-09-25 16:48:49,580 - INFO - Generating embeddings on cpu...
2025-09-25 16:51:26,783 - INFO - Embeddings generated successfully
2025-09-25 16:51:27,189 - INFO - Completed annotation batch 1 in 157.6s (120 results)
2025-09-25 16:51:27,189 - INFO - Annotation Progress: 12/5000 sequences (0.2%) | Elapsed: 157.6s | ETA: 65522.5s
2025-09-25 16:51:27,189 - INFO - Starting annotation batch 2: sequences 13-24
2025-09-25 16:51:27,189 - INFO - Processing batch of 12 sequences with ESM2 batch embedding
2025-09-25 16:51:27,189 - INFO - Tokenizing 12 sequences...
2025-09-25 16:51:27,194 - INFO - Moving batch to device: cpu
2025-09-25 16:51:27,194 - INFO - Generating embeddings on cpu...
2025-09-25 16:53:34,245 - INFO - Embeddings generated successfully
2025-09-25 16:53:34,788 - INFO - Completed annotation batch 2 in 127.6s (120 results)
2025-09-25 16:53:34,789 - INFO - Annotation Progress: 24/5000 sequences (0.5%) | Elapsed: 285.2s | ETA: 59138.2s
2025-09-25 16:53:34,789 - INFO - Starting annotation batch 3: sequences 25-36
2025-09-25 16:53:34,789 - INFO - Processing batch of 12 sequences with ESM2 batch embedding
2025-09-25 16:53:34,789 - INFO - Tokenizing 12 sequences...
2025-09-25 16:53:34,796 - INFO - Moving batch to device: cpu
2025-09-25 16:53:34,797 - INFO - Generating embeddings on cpu...
2025-09-25 16:56:30,907 - INFO - Embeddings generated successfully
2025-09-25 16:56:31,377 - INFO - Completed annotation batch 3 in 176.6s (120 results)
2025-09-25 16:56:31,377 - INFO - Annotation Progress: 36/5000 sequences (0.7%) | Elapsed: 461.8s | ETA: 63679.9s
2025-09-25 16:56:31,377 - INFO - Starting annotation batch 4: sequences 37-48
2025-09-25 16:56:31,377 - INFO - Processing batch of 12 sequences with ESM2 batch embedding
2025-09-25 16:56:31,377 - INFO - Tokenizing 12 sequences...
2025-09-25 16:56:31,383 - INFO - Moving batch to device: cpu
2025-09-25 16:56:31,383 - INFO - Generating embeddings on cpu...
2025-09-25 16:59:02,841 - INFO - Embeddings generated successfully
2025-09-25 16:59:03,298 - INFO - Completed annotation batch 4 in 151.9s (120 results)
2025-09-25 16:59:03,298 - INFO - Annotation Progress: 48/5000 sequences (1.0%) | Elapsed: 613.7s | ETA: 63317.7s
2025-09-25 16:59:03,298 - INFO - Starting annotation batch 5: sequences 49-60
2025-09-25 16:59:03,298 - INFO - Processing batch of 12 sequences with ESM2 batch embedding
2025-09-25 16:59:03,299 - INFO - Tokenizing 12 sequences...
2025-09-25 16:59:03,305 - INFO - Moving batch to device: cpu
2025-09-25 16:59:03,305 - INFO - Generating embeddings on cpu...
2025-09-25 17:01:17,049 - INFO - Embeddings generated successfully
2025-09-25 17:01:17,532 - INFO - Completed annotation batch 5 in 134.2s (120 results)
2025-09-25 17:01:17,533 - INFO - Annotation Progress: 60/5000 sequences (1.2%) | Elapsed: 748.0s | ETA: 61583.3s
2025-09-25 17:01:17,533 - INFO - Starting annotation batch 6: sequences 61-72
2025-09-25 17:01:17,533 - INFO - Processing batch of 12 sequences with ESM2 batch embedding
2025-09-25 17:01:17,533 - INFO - Tokenizing 12 sequences...
2025-09-25 17:01:17,539 - INFO - Moving batch to device: cpu
2025-09-25 17:01:17,539 - INFO - Generating embeddings on cpu...
2025-09-25 17:03:11,187 - INFO - Embeddings generated successfully
2025-09-25 17:03:11,636 - INFO - Completed annotation batch 6 in 114.1s (120 results)
2025-09-25 17:03:11,636 - INFO - Annotation Progress: 72/5000 sequences (1.4%) | Elapsed: 862.1s | ETA: 59004.6s
2025-09-25 17:03:11,636 - INFO - Starting annotation batch 7: sequences 73-84
2025-09-25 17:03:11,636 - INFO - Processing batch of 12 sequences with ESM2 batch embedding
2025-09-25 17:03:11,637 - INFO - Tokenizing 12 sequences...
2025-09-25 17:03:11,643 - INFO - Moving batch to device: cpu
2025-09-25 17:03:11,643 - INFO - Generating embeddings on cpu...
2025-09-25 17:05:20,971 - INFO - Embeddings generated successfully
2025-09-25 17:05:21,454 - INFO - Completed annotation batch 7 in 129.8s (120 results)
2025-09-25 17:05:21,454 - INFO - Annotation Progress: 84/5000 sequences (1.7%) | Elapsed: 991.9s | ETA: 58049.6s
2025-09-25 17:05:21,454 - INFO - Starting annotation batch 8: sequences 85-96
2025-09-25 17:05:21,454 - INFO - Processing batch of 12 sequences with ESM2 batch embedding
2025-09-25 17:05:21,455 - INFO - Tokenizing 12 sequences...
2025-09-25 17:05:21,462 - INFO - Moving batch to device: cpu
2025-09-25 17:05:21,462 - INFO - Generating embeddings on cpu...
2025-09-25 17:08:20,532 - INFO - Embeddings generated successfully
2025-09-25 17:08:21,007 - INFO - Completed annotation batch 8 in 179.6s (120 results)
2025-09-25 17:08:21,007 - INFO - Annotation Progress: 96/5000 sequences (1.9%) | Elapsed: 1171.5s | ETA: 59841.6s
2025-09-25 17:08:21,007 - INFO - Starting annotation batch 9: sequences 97-108
2025-09-25 17:08:21,007 - INFO - Processing batch of 12 sequences with ESM2 batch embedding
2025-09-25 17:08:21,007 - INFO - Tokenizing 12 sequences...
2025-09-25 17:08:21,014 - INFO - Moving batch to device: cpu
2025-09-25 17:08:21,014 - INFO - Generating embeddings on cpu...
2025-09-25 17:11:19,013 - INFO - Embeddings generated successfully
2025-09-25 17:11:19,486 - INFO - Completed annotation batch 9 in 178.5s (120 results)
2025-09-25 17:11:19,486 - INFO - Annotation Progress: 108/5000 sequences (2.2%) | Elapsed: 1349.9s | ETA: 61146.8s
2025-09-25 17:11:19,486 - INFO - Starting annotation batch 10: sequences 109-120
2025-09-25 17:11:19,486 - INFO - Processing batch of 12 sequences with ESM2 batch embedding
2025-09-25 17:11:19,487 - INFO - Tokenizing 12 sequences...
2025-09-25 17:11:19,493 - INFO - Moving batch to device: cpu
2025-09-25 17:11:19,493 - INFO - Generating embeddings on cpu...
2025-09-25 17:13:35,100 - INFO - Embeddings generated successfully
2025-09-25 17:13:35,589 - INFO - Completed annotation batch 10 in 136.1s (120 results)
2025-09-25 17:13:35,589 - INFO - Annotation Progress: 120/5000 sequences (2.4%) | Elapsed: 1486.0s | ETA: 60432.0s
2025-09-25 17:13:35,589 - INFO - Starting annotation batch 11: sequences 121-132
2025-09-25 17:13:35,589 - INFO - Processing batch of 12 sequences with ESM2 batch embedding
2025-09-25 17:13:35,589 - INFO - Tokenizing 12 sequences...
2025-09-25 17:13:35,595 - INFO - Moving batch to device: cpu
2025-09-25 17:13:35,596 - INFO - Generating embeddings on cpu...
2025-09-25 17:15:51,293 - INFO - Embeddings generated successfully
2025-09-25 17:15:51,659 - INFO - Completed annotation batch 11 in 136.1s (120 results)
2025-09-25 17:15:51,659 - INFO - Annotation Progress: 132/5000 sequences (2.6%) | Elapsed: 1622.1s | ETA: 59821.2s
2025-09-25 17:15:51,659 - INFO - Starting annotation batch 12: sequences 133-144
2025-09-25 17:15:51,659 - INFO - Processing batch of 12 sequences with ESM2 batch embedding
2025-09-25 17:15:51,659 - INFO - Tokenizing 12 sequences...
2025-09-25 17:15:51,665 - INFO - Moving batch to device: cpu
2025-09-25 17:15:51,665 - INFO - Generating embeddings on cpu...
2025-09-25 17:18:12,933 - INFO - Embeddings generated successfully
2025-09-25 17:18:13,283 - INFO - Completed annotation batch 12 in 141.6s (120 results)
2025-09-25 17:18:13,283 - INFO - Annotation Progress: 144/5000 sequences (2.9%) | Elapsed: 1763.7s | ETA: 59476.8s
2025-09-25 17:18:13,283 - INFO - Starting annotation batch 13: sequences 145-156
2025-09-25 17:18:13,283 - INFO - Processing batch of 12 sequences with ESM2 batch embedding
2025-09-25 17:18:13,283 - INFO - Tokenizing 12 sequences...
2025-09-25 17:18:13,289 - INFO - Moving batch to device: cpu
2025-09-25 17:18:13,289 - INFO - Generating embeddings on cpu...
2025-09-25 17:20:25,582 - INFO - Embeddings generated successfully
2025-09-25 17:20:25,986 - INFO - Completed annotation batch 13 in 132.7s (120 results)
2025-09-25 17:20:25,986 - INFO - Annotation Progress: 156/5000 sequences (3.1%) | Elapsed: 1896.4s | ETA: 58886.6s
2025-09-25 17:20:25,986 - INFO - Starting annotation batch 14: sequences 157-168
2025-09-25 17:20:25,986 - INFO - Processing batch of 12 sequences with ESM2 batch embedding
2025-09-25 17:20:25,986 - INFO - Tokenizing 12 sequences...
2025-09-25 17:20:25,993 - INFO - Moving batch to device: cpu
2025-09-25 17:20:25,993 - INFO - Generating embeddings on cpu...
2025-09-25 17:23:23,630 - INFO - Embeddings generated successfully
2025-09-25 17:23:24,135 - INFO - Completed annotation batch 14 in 178.1s (120 results)
2025-09-25 17:23:24,135 - INFO - Annotation Progress: 168/5000 sequences (3.4%) | Elapsed: 2074.6s | ETA: 59668.8s
2025-09-25 17:23:24,135 - INFO - Starting annotation batch 15: sequences 169-180
2025-09-25 17:23:24,135 - INFO - Processing batch of 12 sequences with ESM2 batch embedding
2025-09-25 17:23:24,136 - INFO - Tokenizing 12 sequences...
2025-09-25 17:23:24,143 - INFO - Moving batch to device: cpu
2025-09-25 17:23:24,143 - INFO - Generating embeddings on cpu...
2025-09-25 17:26:20,245 - INFO - Embeddings generated successfully
2025-09-25 17:26:20,726 - INFO - Completed annotation batch 15 in 176.6s (120 results)
2025-09-25 17:26:20,726 - INFO - Annotation Progress: 180/5000 sequences (3.6%) | Elapsed: 2251.2s | ETA: 60281.3s
2025-09-25 17:26:20,726 - INFO - Starting annotation batch 16: sequences 181-192
2025-09-25 17:26:20,726 - INFO - Processing batch of 12 sequences with ESM2 batch embedding
2025-09-25 17:26:20,726 - INFO - Tokenizing 12 sequences...
2025-09-25 17:26:20,732 - INFO - Moving batch to device: cpu
2025-09-25 17:26:20,732 - INFO - Generating embeddings on cpu...
2025-09-25 17:28:11,560 - INFO - Embeddings generated successfully
2025-09-25 17:28:11,912 - INFO - Completed annotation batch 16 in 111.2s (120 results)
2025-09-25 17:28:11,912 - INFO - Annotation Progress: 192/5000 sequences (3.8%) | Elapsed: 2362.4s | ETA: 59157.3s
2025-09-25 17:28:11,912 - INFO - Starting annotation batch 17: sequences 193-204
2025-09-25 17:28:11,912 - INFO - Processing batch of 12 sequences with ESM2 batch embedding
2025-09-25 17:28:11,912 - INFO - Tokenizing 12 sequences...
2025-09-25 17:28:11,917 - INFO - Moving batch to device: cpu
2025-09-25 17:28:11,918 - INFO - Generating embeddings on cpu...
2025-09-25 17:31:06,109 - INFO - Embeddings generated successfully
2025-09-25 17:31:06,592 - INFO - Completed annotation batch 17 in 174.7s (120 results)
2025-09-25 17:31:06,593 - INFO - Annotation Progress: 204/5000 sequences (4.1%) | Elapsed: 2537.0s | ETA: 59645.2s
2025-09-25 17:31:06,593 - INFO - Starting annotation batch 18: sequences 205-216
2025-09-25 17:31:06,593 - INFO - Processing batch of 12 sequences with ESM2 batch embedding
2025-09-25 17:31:06,593 - INFO - Tokenizing 12 sequences...
2025-09-25 17:31:06,599 - INFO - Moving batch to device: cpu
2025-09-25 17:31:06,600 - INFO - Generating embeddings on cpu...
2025-09-25 17:33:45,996 - INFO - Embeddings generated successfully
2025-09-25 17:33:46,395 - INFO - Completed annotation batch 18 in 159.8s (120 results)
2025-09-25 17:33:46,395 - INFO - Annotation Progress: 216/5000 sequences (4.3%) | Elapsed: 2696.8s | ETA: 59730.0s
2025-09-25 17:33:46,395 - INFO - Starting annotation batch 19: sequences 217-228
2025-09-25 17:33:46,395 - INFO - Processing batch of 12 sequences with ESM2 batch embedding
2025-09-25 17:33:46,395 - INFO - Tokenizing 12 sequences...
2025-09-25 17:33:46,401 - INFO - Moving batch to device: cpu
2025-09-25 17:33:46,401 - INFO - Generating embeddings on cpu...
2025-09-25 17:35:23,817 - INFO - Embeddings generated successfully
2025-09-25 17:35:24,174 - INFO - Completed annotation batch 19 in 97.8s (120 results)
2025-09-25 17:35:24,175 - INFO - Annotation Progress: 228/5000 sequences (4.6%) | Elapsed: 2794.6s | ETA: 58490.9s
2025-09-25 17:35:24,175 - INFO - Starting annotation batch 20: sequences 229-240
2025-09-25 17:35:24,175 - INFO - Processing batch of 12 sequences with ESM2 batch embedding
2025-09-25 17:35:24,175 - INFO - Tokenizing 12 sequences...
2025-09-25 17:35:24,182 - INFO - Moving batch to device: cpu
2025-09-25 17:35:24,182 - INFO - Generating embeddings on cpu...
2025-09-25 17:37:46,272 - INFO - Embeddings generated successfully
2025-09-25 17:37:46,743 - INFO - Completed annotation batch 20 in 142.6s (120 results)
2025-09-25 17:37:46,744 - INFO - Annotation Progress: 240/5000 sequences (4.8%) | Elapsed: 2937.2s | ETA: 58254.2s
2025-09-25 17:37:46,744 - INFO - Starting annotation batch 21: sequences 241-252
2025-09-25 17:37:46,744 - INFO - Processing batch of 12 sequences with ESM2 batch embedding
2025-09-25 17:37:46,744 - INFO - Tokenizing 12 sequences...
2025-09-25 17:37:46,752 - INFO - Moving batch to device: cpu
2025-09-25 17:37:46,752 - INFO - Generating embeddings on cpu...
2025-09-25 17:40:39,321 - INFO - Embeddings generated successfully
2025-09-25 17:40:39,675 - INFO - Completed annotation batch 21 in 172.9s (120 results)
2025-09-25 17:40:39,675 - INFO - Annotation Progress: 252/5000 sequences (5.0%) | Elapsed: 3110.1s | ETA: 58598.6s
2025-09-25 17:40:39,675 - INFO - Starting annotation batch 22: sequences 253-264
2025-09-25 17:40:39,675 - INFO - Processing batch of 12 sequences with ESM2 batch embedding
2025-09-25 17:40:39,675 - INFO - Tokenizing 12 sequences...
2025-09-25 17:40:39,682 - INFO - Moving batch to device: cpu
2025-09-25 17:40:39,682 - INFO - Generating embeddings on cpu...
2025-09-25 17:43:33,417 - INFO - Embeddings generated successfully
2025-09-25 17:43:33,884 - INFO - Completed annotation batch 22 in 174.2s (120 results)
2025-09-25 17:43:33,884 - INFO - Annotation Progress: 264/5000 sequences (5.3%) | Elapsed: 3284.3s | ETA: 58918.8s
2025-09-25 17:43:33,884 - INFO - Starting annotation batch 23: sequences 265-276
2025-09-25 17:43:33,884 - INFO - Processing batch of 12 sequences with ESM2 batch embedding
2025-09-25 17:43:33,884 - INFO - Tokenizing 12 sequences...
2025-09-25 17:43:33,890 - INFO - Moving batch to device: cpu
2025-09-25 17:43:33,890 - INFO - Generating embeddings on cpu...
2025-09-25 17:46:01,967 - INFO - Embeddings generated successfully
2025-09-25 17:46:02,443 - INFO - Completed annotation batch 23 in 148.6s (120 results)
2025-09-25 17:46:02,444 - INFO - Annotation Progress: 276/5000 sequences (5.5%) | Elapsed: 3432.9s | ETA: 58757.1s
2025-09-25 17:46:02,444 - INFO - Starting annotation batch 24: sequences 277-288
2025-09-25 17:46:02,444 - INFO - Processing batch of 12 sequences with ESM2 batch embedding
2025-09-25 17:46:02,444 - INFO - Tokenizing 12 sequences...
2025-09-25 17:46:02,450 - INFO - Moving batch to device: cpu
2025-09-25 17:46:02,450 - INFO - Generating embeddings on cpu...
2025-09-25 17:48:56,113 - INFO - Embeddings generated successfully
2025-09-25 17:48:56,506 - INFO - Completed annotation batch 24 in 174.1s (120 results)
2025-09-25 17:48:56,506 - INFO - Annotation Progress: 288/5000 sequences (5.8%) | Elapsed: 3606.9s | ETA: 59013.7s
2025-09-25 17:48:56,507 - INFO - Starting annotation batch 25: sequences 289-300
2025-09-25 17:48:56,507 - INFO - Processing batch of 12 sequences with ESM2 batch embedding
2025-09-25 17:48:56,507 - INFO - Tokenizing 12 sequences...
2025-09-25 17:48:56,511 - INFO - Moving batch to device: cpu
2025-09-25 17:48:56,512 - INFO - Generating embeddings on cpu...
2025-09-25 17:50:08,418 - INFO - Embeddings generated successfully
2025-09-25 17:50:08,761 - INFO - Completed annotation batch 25 in 72.3s (120 results)
2025-09-25 17:50:08,761 - INFO - Annotation Progress: 300/5000 sequences (6.0%) | Elapsed: 3679.2s | ETA: 57640.9s
2025-09-25 17:50:08,761 - INFO - Starting annotation batch 26: sequences 301-312
2025-09-25 17:50:08,762 - INFO - Processing batch of 12 sequences with ESM2 batch embedding
2025-09-25 17:50:08,762 - INFO - Tokenizing 12 sequences...
2025-09-25 17:50:08,768 - INFO - Moving batch to device: cpu
2025-09-25 17:50:08,768 - INFO - Generating embeddings on cpu...
2025-09-25 17:52:11,935 - INFO - Embeddings generated successfully
2025-09-25 17:52:12,295 - INFO - Completed annotation batch 26 in 123.5s (120 results)
2025-09-25 17:52:12,296 - INFO - Annotation Progress: 312/5000 sequences (6.2%) | Elapsed: 3802.7s | ETA: 57138.6s
2025-09-25 17:52:12,296 - INFO - Starting annotation batch 27: sequences 313-324
2025-09-25 17:52:12,296 - INFO - Processing batch of 12 sequences with ESM2 batch embedding
2025-09-25 17:52:12,296 - INFO - Tokenizing 12 sequences...
2025-09-25 17:52:12,300 - INFO - Moving batch to device: cpu
2025-09-25 17:52:12,301 - INFO - Generating embeddings on cpu...
2025-09-25 17:53:29,393 - INFO - Embeddings generated successfully
2025-09-25 17:53:29,746 - INFO - Completed annotation batch 27 in 77.5s (120 results)
2025-09-25 17:53:29,746 - INFO - Annotation Progress: 324/5000 sequences (6.5%) | Elapsed: 3880.2s | ETA: 55999.3s
2025-09-25 17:53:29,746 - INFO - Starting annotation batch 28: sequences 325-336
2025-09-25 17:53:29,746 - INFO - Processing batch of 12 sequences with ESM2 batch embedding
2025-09-25 17:53:29,746 - INFO - Tokenizing 12 sequences...
2025-09-25 17:53:29,754 - INFO - Moving batch to device: cpu
2025-09-25 17:53:29,754 - INFO - Generating embeddings on cpu...
2025-09-25 17:56:22,104 - INFO - Embeddings generated successfully
2025-09-25 17:56:22,607 - INFO - Completed annotation batch 28 in 172.9s (120 results)
2025-09-25 17:56:22,607 - INFO - Annotation Progress: 336/5000 sequences (6.7%) | Elapsed: 4053.1s | ETA: 56260.2s
2025-09-25 17:56:22,607 - INFO - Starting annotation batch 29: sequences 337-348
2025-09-25 17:56:22,607 - INFO - Processing batch of 12 sequences with ESM2 batch embedding
2025-09-25 17:56:22,608 - INFO - Tokenizing 12 sequences...
2025-09-25 17:56:22,613 - INFO - Moving batch to device: cpu
2025-09-25 17:56:22,614 - INFO - Generating embeddings on cpu...
2025-09-25 17:58:39,692 - INFO - Embeddings generated successfully
2025-09-25 17:58:40,129 - INFO - Completed annotation batch 29 in 137.5s (120 results)
2025-09-25 17:58:40,129 - INFO - Annotation Progress: 348/5000 sequences (7.0%) | Elapsed: 4190.6s | ETA: 56018.8s
2025-09-25 17:58:40,129 - INFO - Starting annotation batch 30: sequences 349-360
2025-09-25 17:58:40,130 - INFO - Processing batch of 12 sequences with ESM2 batch embedding
2025-09-25 17:58:40,130 - INFO - Tokenizing 12 sequences...
2025-09-25 17:58:40,134 - INFO - Moving batch to device: cpu
2025-09-25 17:58:40,134 - INFO - Generating embeddings on cpu...
2025-09-25 18:00:16,387 - INFO - Embeddings generated successfully
2025-09-25 18:00:16,742 - INFO - Completed annotation batch 30 in 96.6s (120 results)
2025-09-25 18:00:16,742 - INFO - Annotation Progress: 360/5000 sequences (7.2%) | Elapsed: 4287.2s | ETA: 55257.1s
2025-09-25 18:00:16,742 - INFO - Starting annotation batch 31: sequences 361-372
2025-09-25 18:00:16,742 - INFO - Processing batch of 12 sequences with ESM2 batch embedding
2025-09-25 18:00:16,743 - INFO - Tokenizing 12 sequences...
2025-09-25 18:00:16,751 - INFO - Moving batch to device: cpu
2025-09-25 18:00:16,751 - INFO - Generating embeddings on cpu...
2025-09-25 18:03:10,103 - INFO - Embeddings generated successfully
2025-09-25 18:03:10,578 - INFO - Completed annotation batch 31 in 173.8s (120 results)
2025-09-25 18:03:10,578 - INFO - Annotation Progress: 372/5000 sequences (7.4%) | Elapsed: 4461.0s | ETA: 55498.9s
2025-09-25 18:03:10,578 - INFO - Starting annotation batch 32: sequences 373-384
2025-09-25 18:03:10,578 - INFO - Processing batch of 12 sequences with ESM2 batch embedding
2025-09-25 18:03:10,578 - INFO - Tokenizing 12 sequences...
2025-09-25 18:03:10,586 - INFO - Moving batch to device: cpu
2025-09-25 18:03:10,587 - INFO - Generating embeddings on cpu...
2025-09-25 18:05:32,175 - INFO - Embeddings generated successfully
2025-09-25 18:05:32,535 - INFO - Completed annotation batch 32 in 142.0s (120 results)
2025-09-25 18:05:32,536 - INFO - Annotation Progress: 384/5000 sequences (7.7%) | Elapsed: 4603.0s | ETA: 55331.6s
2025-09-25 18:05:32,536 - INFO - Starting annotation batch 33: sequences 385-396
2025-09-25 18:05:32,536 - INFO - Processing batch of 12 sequences with ESM2 batch embedding
2025-09-25 18:05:32,536 - INFO - Tokenizing 12 sequences...
2025-09-25 18:05:32,541 - INFO - Moving batch to device: cpu
2025-09-25 18:05:32,541 - INFO - Generating embeddings on cpu...
2025-09-25 18:07:21,356 - INFO - Embeddings generated successfully
2025-09-25 18:07:21,715 - INFO - Completed annotation batch 33 in 109.2s (120 results)
2025-09-25 18:07:21,715 - INFO - Annotation Progress: 396/5000 sequences (7.9%) | Elapsed: 4712.2s | ETA: 54784.8s
2025-09-25 18:07:21,715 - INFO - Starting annotation batch 34: sequences 397-408
2025-09-25 18:07:21,715 - INFO - Processing batch of 12 sequences with ESM2 batch embedding
2025-09-25 18:07:21,715 - INFO - Tokenizing 12 sequences...
2025-09-25 18:07:21,720 - INFO - Moving batch to device: cpu
2025-09-25 18:07:21,720 - INFO - Generating embeddings on cpu...
2025-09-25 18:08:46,266 - INFO - Embeddings generated successfully
2025-09-25 18:08:46,628 - INFO - Completed annotation batch 34 in 84.9s (120 results)
2025-09-25 18:08:46,628 - INFO - Annotation Progress: 408/5000 sequences (8.2%) | Elapsed: 4797.1s | ETA: 53990.6s
2025-09-25 18:08:46,628 - INFO - Starting annotation batch 35: sequences 409-420
2025-09-25 18:08:46,628 - INFO - Processing batch of 12 sequences with ESM2 batch embedding
2025-09-25 18:08:46,629 - INFO - Tokenizing 12 sequences...
2025-09-25 18:08:46,633 - INFO - Moving batch to device: cpu
2025-09-25 18:08:46,633 - INFO - Generating embeddings on cpu...
2025-09-25 18:10:30,381 - INFO - Embeddings generated successfully
2025-09-25 18:10:30,743 - INFO - Completed annotation batch 35 in 104.1s (120 results)
2025-09-25 18:10:30,744 - INFO - Annotation Progress: 420/5000 sequences (8.4%) | Elapsed: 4901.2s | ETA: 53446.3s
2025-09-25 18:10:30,744 - INFO - Starting annotation batch 36: sequences 421-432
2025-09-25 18:10:30,744 - INFO - Processing batch of 12 sequences with ESM2 batch embedding
2025-09-25 18:10:30,744 - INFO - Tokenizing 12 sequences...
2025-09-25 18:10:30,749 - INFO - Moving batch to device: cpu
2025-09-25 18:10:30,749 - INFO - Generating embeddings on cpu...
2025-09-25 18:11:47,757 - INFO - Embeddings generated successfully
2025-09-25 18:11:48,104 - INFO - Completed annotation batch 36 in 77.4s (120 results)
2025-09-25 18:11:48,105 - INFO - Annotation Progress: 432/5000 sequences (8.6%) | Elapsed: 4978.5s | ETA: 52643.5s
2025-09-25 18:11:48,105 - INFO - Starting annotation batch 37: sequences 433-444
2025-09-25 18:11:48,105 - INFO - Processing batch of 12 sequences with ESM2 batch embedding
2025-09-25 18:11:48,105 - INFO - Tokenizing 12 sequences...
2025-09-25 18:11:48,111 - INFO - Moving batch to device: cpu
2025-09-25 18:11:48,111 - INFO - Generating embeddings on cpu...
2025-09-25 18:13:38,404 - INFO - Embeddings generated successfully
2025-09-25 18:13:38,762 - INFO - Completed annotation batch 37 in 110.7s (120 results)
2025-09-25 18:13:38,763 - INFO - Annotation Progress: 444/5000 sequences (8.9%) | Elapsed: 5089.2s | ETA: 52221.7s
2025-09-25 18:13:38,763 - INFO - Starting annotation batch 38: sequences 445-456
2025-09-25 18:13:38,763 - INFO - Processing batch of 12 sequences with ESM2 batch embedding
2025-09-25 18:13:38,763 - INFO - Tokenizing 12 sequences...
2025-09-25 18:13:38,769 - INFO - Moving batch to device: cpu
2025-09-25 18:13:38,770 - INFO - Generating embeddings on cpu...
2025-09-25 18:16:27,188 - INFO - Embeddings generated successfully
2025-09-25 18:16:27,674 - INFO - Completed annotation batch 38 in 168.9s (120 results)
2025-09-25 18:16:27,675 - INFO - Annotation Progress: 456/5000 sequences (9.1%) | Elapsed: 5258.1s | ETA: 52396.7s
2025-09-25 18:16:27,675 - INFO - Starting annotation batch 39: sequences 457-468
2025-09-25 18:16:27,675 - INFO - Processing batch of 12 sequences with ESM2 batch embedding
2025-09-25 18:16:27,675 - INFO - Tokenizing 12 sequences...
2025-09-25 18:16:27,682 - INFO - Moving batch to device: cpu
2025-09-25 18:16:27,683 - INFO - Generating embeddings on cpu...
2025-09-25 18:19:17,567 - INFO - Embeddings generated successfully
2025-09-25 18:19:17,929 - INFO - Completed annotation batch 39 in 170.3s (120 results)
2025-09-25 18:19:17,929 - INFO - Annotation Progress: 468/5000 sequences (9.4%) | Elapsed: 5428.4s | ETA: 52567.1s
2025-09-25 18:19:17,929 - INFO - Starting annotation batch 40: sequences 469-480
2025-09-25 18:19:17,929 - INFO - Processing batch of 12 sequences with ESM2 batch embedding
2025-09-25 18:19:17,929 - INFO - Tokenizing 12 sequences...
2025-09-25 18:19:17,935 - INFO - Moving batch to device: cpu
2025-09-25 18:19:17,935 - INFO - Generating embeddings on cpu...
2025-09-25 18:20:32,173 - INFO - Embeddings generated successfully
2025-09-25 18:20:32,534 - INFO - Completed annotation batch 40 in 74.6s (120 results)
2025-09-25 18:20:32,534 - INFO - Annotation Progress: 480/5000 sequences (9.6%) | Elapsed: 5503.0s | ETA: 51819.7s
2025-09-25 18:20:32,534 - INFO - Starting annotation batch 41: sequences 481-492
2025-09-25 18:20:32,534 - INFO - Processing batch of 12 sequences with ESM2 batch embedding
2025-09-25 18:20:32,534 - INFO - Tokenizing 12 sequences...
2025-09-25 18:20:32,539 - INFO - Moving batch to device: cpu
2025-09-25 18:20:32,539 - INFO - Generating embeddings on cpu...
2025-09-25 18:22:04,824 - INFO - Embeddings generated successfully
2025-09-25 18:22:05,179 - INFO - Completed annotation batch 41 in 92.6s (120 results)
2025-09-25 18:22:05,180 - INFO - Annotation Progress: 492/5000 sequences (9.8%) | Elapsed: 5595.6s | ETA: 51270.5s
2025-09-25 18:22:05,180 - INFO - Starting annotation batch 42: sequences 493-504
2025-09-25 18:22:05,180 - INFO - Processing batch of 12 sequences with ESM2 batch embedding
2025-09-25 18:22:05,180 - INFO - Tokenizing 12 sequences...
2025-09-25 18:22:05,184 - INFO - Moving batch to device: cpu
2025-09-25 18:22:05,185 - INFO - Generating embeddings on cpu...
2025-09-25 18:23:18,053 - INFO - Embeddings generated successfully
2025-09-25 18:23:18,413 - INFO - Completed annotation batch 42 in 73.2s (120 results)
2025-09-25 18:23:18,413 - INFO - Annotation Progress: 504/5000 sequences (10.1%) | Elapsed: 5668.9s | ETA: 50569.8s
2025-09-25 18:23:18,413 - INFO - Starting annotation batch 43: sequences 505-516
2025-09-25 18:23:18,413 - INFO - Processing batch of 12 sequences with ESM2 batch embedding
2025-09-25 18:23:18,414 - INFO - Tokenizing 12 sequences...
2025-09-25 18:23:18,420 - INFO - Moving batch to device: cpu
2025-09-25 18:23:18,420 - INFO - Generating embeddings on cpu...
2025-09-25 18:25:06,377 - INFO - Embeddings generated successfully
2025-09-25 18:25:06,735 - INFO - Completed annotation batch 43 in 108.3s (120 results)
2025-09-25 18:25:06,735 - INFO - Annotation Progress: 516/5000 sequences (10.3%) | Elapsed: 5777.2s | ETA: 50203.2s
2025-09-25 18:25:06,735 - INFO - Starting annotation batch 44: sequences 517-528
2025-09-25 18:25:06,735 - INFO - Processing batch of 12 sequences with ESM2 batch embedding
2025-09-25 18:25:06,736 - INFO - Tokenizing 12 sequences...
2025-09-25 18:25:06,743 - INFO - Moving batch to device: cpu
2025-09-25 18:25:06,743 - INFO - Generating embeddings on cpu...
2025-09-25 18:27:56,064 - INFO - Embeddings generated successfully
2025-09-25 18:27:56,436 - INFO - Completed annotation batch 44 in 169.7s (120 results)
2025-09-25 18:27:56,436 - INFO - Annotation Progress: 528/5000 sequences (10.6%) | Elapsed: 5946.9s | ETA: 50368.3s
2025-09-25 18:27:56,436 - INFO - Starting annotation batch 45: sequences 529-540
2025-09-25 18:27:56,436 - INFO - Processing batch of 12 sequences with ESM2 batch embedding
2025-09-25 18:27:56,436 - INFO - Tokenizing 12 sequences...
2025-09-25 18:27:56,443 - INFO - Moving batch to device: cpu
2025-09-25 18:27:56,444 - INFO - Generating embeddings on cpu...
2025-09-25 18:30:17,460 - INFO - Embeddings generated successfully
2025-09-25 18:30:17,823 - INFO - Completed annotation batch 45 in 141.4s (120 results)
2025-09-25 18:30:17,824 - INFO - Annotation Progress: 540/5000 sequences (10.8%) | Elapsed: 6088.3s | ETA: 50284.6s
2025-09-25 18:30:17,824 - INFO - Starting annotation batch 46: sequences 541-552
2025-09-25 18:30:17,824 - INFO - Processing batch of 12 sequences with ESM2 batch embedding
2025-09-25 18:30:17,824 - INFO - Tokenizing 12 sequences...
2025-09-25 18:30:17,828 - INFO - Moving batch to device: cpu
2025-09-25 18:30:17,828 - INFO - Generating embeddings on cpu...
2025-09-25 18:31:55,296 - INFO - Embeddings generated successfully
2025-09-25 18:31:55,653 - INFO - Completed annotation batch 46 in 97.8s (120 results)
2025-09-25 18:31:55,653 - INFO - Annotation Progress: 552/5000 sequences (11.0%) | Elapsed: 6186.1s | ETA: 49847.4s
2025-09-25 18:31:55,653 - INFO - Starting annotation batch 47: sequences 553-564
2025-09-25 18:31:55,653 - INFO - Processing batch of 12 sequences with ESM2 batch embedding
2025-09-25 18:31:55,654 - INFO - Tokenizing 12 sequences...
2025-09-25 18:31:55,660 - INFO - Moving batch to device: cpu
2025-09-25 18:31:55,660 - INFO - Generating embeddings on cpu...
2025-09-25 18:33:38,186 - INFO - Embeddings generated successfully
2025-09-25 18:33:38,545 - INFO - Completed annotation batch 47 in 102.9s (120 results)
2025-09-25 18:33:38,545 - INFO - Annotation Progress: 564/5000 sequences (11.3%) | Elapsed: 6289.0s | ETA: 49464.5s
2025-09-25 18:33:38,545 - INFO - Starting annotation batch 48: sequences 565-576
2025-09-25 18:33:38,545 - INFO - Processing batch of 12 sequences with ESM2 batch embedding
2025-09-25 18:33:38,545 - INFO - Tokenizing 12 sequences...
2025-09-25 18:33:38,556 - INFO - Moving batch to device: cpu
2025-09-25 18:33:38,556 - INFO - Generating embeddings on cpu...
2025-09-25 18:36:30,659 - INFO - Embeddings generated successfully
2025-09-25 18:36:31,116 - INFO - Completed annotation batch 48 in 172.6s (120 results)
2025-09-25 18:36:31,116 - INFO - Annotation Progress: 576/5000 sequences (11.5%) | Elapsed: 6461.6s | ETA: 49628.4s
2025-09-25 18:36:31,116 - INFO - Starting annotation batch 49: sequences 577-588
2025-09-25 18:36:31,116 - INFO - Processing batch of 12 sequences with ESM2 batch embedding
2025-09-25 18:36:31,116 - INFO - Tokenizing 12 sequences...
2025-09-25 18:36:31,122 - INFO - Moving batch to device: cpu
2025-09-25 18:36:31,123 - INFO - Generating embeddings on cpu...
2025-09-25 18:38:02,160 - INFO - Embeddings generated successfully
2025-09-25 18:38:02,516 - INFO - Completed annotation batch 49 in 91.4s (120 results)
2025-09-25 18:38:02,516 - INFO - Annotation Progress: 588/5000 sequences (11.8%) | Elapsed: 6553.0s | ETA: 49169.5s
2025-09-25 18:38:02,516 - INFO - Starting annotation batch 50: sequences 589-600
2025-09-25 18:38:02,516 - INFO - Processing batch of 12 sequences with ESM2 batch embedding
2025-09-25 18:38:02,516 - INFO - Tokenizing 12 sequences...
2025-09-25 18:38:02,524 - INFO - Moving batch to device: cpu
2025-09-25 18:38:02,524 - INFO - Generating embeddings on cpu...
2025-09-25 18:40:23,888 - INFO - Embeddings generated successfully
2025-09-25 18:40:24,249 - INFO - Completed annotation batch 50 in 141.7s (120 results)
2025-09-25 18:40:24,249 - INFO - Annotation Progress: 600/5000 sequences (12.0%) | Elapsed: 6694.7s | ETA: 49094.4s
2025-09-25 18:40:24,249 - INFO - Starting annotation batch 51: sequences 601-612
2025-09-25 18:40:24,249 - INFO - Processing batch of 12 sequences with ESM2 batch embedding
2025-09-25 18:40:24,249 - INFO - Tokenizing 12 sequences...
2025-09-25 18:40:24,254 - INFO - Moving batch to device: cpu
2025-09-25 18:40:24,254 - INFO - Generating embeddings on cpu...
2025-09-25 18:41:40,385 - INFO - Embeddings generated successfully
2025-09-25 18:41:40,737 - INFO - Completed annotation batch 51 in 76.5s (120 results)
2025-09-25 18:41:40,737 - INFO - Annotation Progress: 612/5000 sequences (12.2%) | Elapsed: 6771.2s | ETA: 48548.9s
2025-09-25 18:41:40,737 - INFO - Starting annotation batch 52: sequences 613-624
2025-09-25 18:41:40,737 - INFO - Processing batch of 12 sequences with ESM2 batch embedding
2025-09-25 18:41:40,737 - INFO - Tokenizing 12 sequences...
2025-09-25 18:41:40,743 - INFO - Moving batch to device: cpu
2025-09-25 18:41:40,744 - INFO - Generating embeddings on cpu...
2025-09-25 18:44:34,325 - INFO - Embeddings generated successfully
2025-09-25 18:44:34,803 - INFO - Completed annotation batch 52 in 174.1s (120 results)
2025-09-25 18:44:34,803 - INFO - Annotation Progress: 624/5000 sequences (12.5%) | Elapsed: 6945.2s | ETA: 48705.8s
2025-09-25 18:44:34,803 - INFO - Starting annotation batch 53: sequences 625-636
2025-09-25 18:44:34,803 - INFO - Processing batch of 12 sequences with ESM2 batch embedding
2025-09-25 18:44:34,803 - INFO - Tokenizing 12 sequences...
2025-09-25 18:44:34,808 - INFO - Moving batch to device: cpu
2025-09-25 18:44:34,808 - INFO - Generating embeddings on cpu...
2025-09-25 18:46:14,237 - INFO - Embeddings generated successfully
2025-09-25 18:46:14,591 - INFO - Completed annotation batch 53 in 99.8s (120 results)
2025-09-25 18:46:14,591 - INFO - Annotation Progress: 636/5000 sequences (12.7%) | Elapsed: 7045.0s | ETA: 48340.5s
2025-09-25 18:46:14,591 - INFO - Starting annotation batch 54: sequences 637-648
2025-09-25 18:46:14,591 - INFO - Processing batch of 12 sequences with ESM2 batch embedding
2025-09-25 18:46:14,591 - INFO - Tokenizing 12 sequences...
2025-09-25 18:46:14,597 - INFO - Moving batch to device: cpu
2025-09-25 18:46:14,597 - INFO - Generating embeddings on cpu...
2025-09-25 18:47:58,297 - INFO - Embeddings generated successfully
2025-09-25 18:47:58,658 - INFO - Completed annotation batch 54 in 104.1s (120 results)
2025-09-25 18:47:58,658 - INFO - Annotation Progress: 648/5000 sequences (13.0%) | Elapsed: 7149.1s | ETA: 48013.7s
2025-09-25 18:47:58,658 - INFO - Starting annotation batch 55: sequences 649-660
2025-09-25 18:47:58,658 - INFO - Processing batch of 12 sequences with ESM2 batch embedding
2025-09-25 18:47:58,658 - INFO - Tokenizing 12 sequences...
2025-09-25 18:47:58,664 - INFO - Moving batch to device: cpu
2025-09-25 18:47:58,664 - INFO - Generating embeddings on cpu...
2025-09-25 18:50:11,542 - INFO - Embeddings generated successfully
2025-09-25 18:50:11,879 - INFO - Completed annotation batch 55 in 133.2s (120 results)
2025-09-25 18:50:11,879 - INFO - Annotation Progress: 660/5000 sequences (13.2%) | Elapsed: 7282.3s | ETA: 47886.8s
2025-09-25 18:50:11,880 - INFO - Starting annotation batch 56: sequences 661-672
2025-09-25 18:50:11,880 - INFO - Processing batch of 12 sequences with ESM2 batch embedding
2025-09-25 18:50:11,880 - INFO - Tokenizing 12 sequences...
2025-09-25 18:50:11,887 - INFO - Moving batch to device: cpu
2025-09-25 18:50:11,887 - INFO - Generating embeddings on cpu...
2025-09-25 18:52:56,718 - INFO - Embeddings generated successfully
2025-09-25 18:52:57,078 - INFO - Completed annotation batch 56 in 165.2s (120 results)
2025-09-25 18:52:57,079 - INFO - Annotation Progress: 672/5000 sequences (13.4%) | Elapsed: 7447.5s | ETA: 47965.6s
2025-09-25 18:52:57,079 - INFO - Starting annotation batch 57: sequences 673-684
2025-09-25 18:52:57,079 - INFO - Processing batch of 12 sequences with ESM2 batch embedding
2025-09-25 18:52:57,079 - INFO - Tokenizing 12 sequences...
2025-09-25 18:52:57,083 - INFO - Moving batch to device: cpu
2025-09-25 18:52:57,083 - INFO - Generating embeddings on cpu...
2025-09-25 18:53:58,310 - INFO - Embeddings generated successfully
2025-09-25 18:53:58,668 - INFO - Completed annotation batch 57 in 61.6s (120 results)
2025-09-25 18:53:58,668 - INFO - Annotation Progress: 684/5000 sequences (13.7%) | Elapsed: 7509.1s | ETA: 47382.1s
2025-09-25 18:53:58,668 - INFO - Starting annotation batch 58: sequences 685-696
2025-09-25 18:53:58,668 - INFO - Processing batch of 12 sequences with ESM2 batch embedding
2025-09-25 18:53:58,668 - INFO - Tokenizing 12 sequences...
2025-09-25 18:53:58,674 - INFO - Moving batch to device: cpu
2025-09-25 18:53:58,674 - INFO - Generating embeddings on cpu...
2025-09-25 18:55:22,166 - INFO - Embeddings generated successfully
2025-09-25 18:55:22,521 - INFO - Completed annotation batch 58 in 83.9s (120 results)
2025-09-25 18:55:22,521 - INFO - Annotation Progress: 696/5000 sequences (13.9%) | Elapsed: 7593.0s | ETA: 46954.2s
2025-09-25 18:55:22,521 - INFO - Starting annotation batch 59: sequences 697-708
2025-09-25 18:55:22,521 - INFO - Processing batch of 12 sequences with ESM2 batch embedding
2025-09-25 18:55:22,521 - INFO - Tokenizing 12 sequences...
2025-09-25 18:55:22,529 - INFO - Moving batch to device: cpu
2025-09-25 18:55:22,529 - INFO - Generating embeddings on cpu...
2025-09-25 18:58:11,824 - INFO - Embeddings generated successfully
2025-09-25 18:58:12,183 - INFO - Completed annotation batch 59 in 169.7s (120 results)
2025-09-25 18:58:12,183 - INFO - Annotation Progress: 708/5000 sequences (14.2%) | Elapsed: 7762.6s | ETA: 47058.2s
2025-09-25 18:58:12,183 - INFO - Starting annotation batch 60: sequences 709-720
2025-09-25 18:58:12,183 - INFO - Processing batch of 12 sequences with ESM2 batch embedding
2025-09-25 18:58:12,183 - INFO - Tokenizing 12 sequences...
2025-09-25 18:58:12,188 - INFO - Moving batch to device: cpu
2025-09-25 18:58:12,188 - INFO - Generating embeddings on cpu...
2025-09-25 18:59:52,633 - INFO - Embeddings generated successfully
2025-09-25 18:59:53,019 - INFO - Completed annotation batch 60 in 100.8s (120 results)
2025-09-25 18:59:53,019 - INFO - Annotation Progress: 720/5000 sequences (14.4%) | Elapsed: 7863.5s | ETA: 46743.9s
2025-09-25 18:59:53,019 - INFO - Starting annotation batch 61: sequences 721-732
2025-09-25 18:59:53,019 - INFO - Processing batch of 12 sequences with ESM2 batch embedding
2025-09-25 18:59:53,019 - INFO - Tokenizing 12 sequences...
2025-09-25 18:59:53,026 - INFO - Moving batch to device: cpu
2025-09-25 18:59:53,026 - INFO - Generating embeddings on cpu...
2025-09-25 19:02:37,143 - INFO - Embeddings generated successfully
2025-09-25 19:02:37,496 - INFO - Completed annotation batch 61 in 164.5s (120 results)
2025-09-25 19:02:37,496 - INFO - Annotation Progress: 732/5000 sequences (14.6%) | Elapsed: 8027.9s | ETA: 46807.7s
2025-09-25 19:02:37,496 - INFO - Starting annotation batch 62: sequences 733-744
2025-09-25 19:02:37,496 - INFO - Processing batch of 12 sequences with ESM2 batch embedding
2025-09-25 19:02:37,496 - INFO - Tokenizing 12 sequences...
2025-09-25 19:02:37,501 - INFO - Moving batch to device: cpu
2025-09-25 19:02:37,501 - INFO - Generating embeddings on cpu...
2025-09-25 19:03:46,743 - INFO - Embeddings generated successfully
2025-09-25 19:03:47,087 - INFO - Completed annotation batch 62 in 69.6s (120 results)
2025-09-25 19:03:47,087 - INFO - Annotation Progress: 744/5000 sequences (14.9%) | Elapsed: 8097.5s | ETA: 46321.4s
2025-09-25 19:03:47,087 - INFO - Starting annotation batch 63: sequences 745-756
2025-09-25 19:03:47,087 - INFO - Processing batch of 12 sequences with ESM2 batch embedding
2025-09-25 19:03:47,087 - INFO - Tokenizing 12 sequences...
2025-09-25 19:03:47,091 - INFO - Moving batch to device: cpu
2025-09-25 19:03:47,091 - INFO - Generating embeddings on cpu...
2025-09-25 19:04:55,029 - INFO - Embeddings generated successfully
2025-09-25 19:04:55,378 - INFO - Completed annotation batch 63 in 68.3s (120 results)
2025-09-25 19:04:55,379 - INFO - Annotation Progress: 756/5000 sequences (15.1%) | Elapsed: 8165.8s | ETA: 45840.9s
2025-09-25 19:04:55,379 - INFO - Starting annotation batch 64: sequences 757-768
2025-09-25 19:04:55,379 - INFO - Processing batch of 12 sequences with ESM2 batch embedding
2025-09-25 19:04:55,379 - INFO - Tokenizing 12 sequences...
2025-09-25 19:04:55,383 - INFO - Moving batch to device: cpu
2025-09-25 19:04:55,384 - INFO - Generating embeddings on cpu...
2025-09-25 19:06:23,260 - INFO - Embeddings generated successfully
2025-09-25 19:06:23,608 - INFO - Completed annotation batch 64 in 88.2s (120 results)
2025-09-25 19:06:23,609 - INFO - Annotation Progress: 768/5000 sequences (15.4%) | Elapsed: 8254.1s | ETA: 45483.3s
2025-09-25 19:06:23,609 - INFO - Starting annotation batch 65: sequences 769-780
2025-09-25 19:06:23,609 - INFO - Processing batch of 12 sequences with ESM2 batch embedding
2025-09-25 19:06:23,609 - INFO - Tokenizing 12 sequences...
2025-09-25 19:06:23,614 - INFO - Moving batch to device: cpu
2025-09-25 19:06:23,614 - INFO - Generating embeddings on cpu...
2025-09-25 19:07:56,574 - INFO - Embeddings generated successfully
2025-09-25 19:07:56,934 - INFO - Completed annotation batch 65 in 93.3s (120 results)
2025-09-25 19:07:56,934 - INFO - Annotation Progress: 780/5000 sequences (15.6%) | Elapsed: 8347.4s | ETA: 45161.5s
2025-09-25 19:07:56,934 - INFO - Starting annotation batch 66: sequences 781-792
2025-09-25 19:07:56,934 - INFO - Processing batch of 12 sequences with ESM2 batch embedding
2025-09-25 19:07:56,934 - INFO - Tokenizing 12 sequences...
2025-09-25 19:07:56,940 - INFO - Moving batch to device: cpu
2025-09-25 19:07:56,940 - INFO - Generating embeddings on cpu...
2025-09-25 19:10:02,804 - INFO - Embeddings generated successfully
2025-09-25 19:10:03,158 - INFO - Completed annotation batch 66 in 126.2s (120 results)
2025-09-25 19:10:03,159 - INFO - Annotation Progress: 792/5000 sequences (15.8%) | Elapsed: 8473.6s | ETA: 45021.4s
2025-09-25 19:10:03,159 - INFO - Starting annotation batch 67: sequences 793-804
2025-09-25 19:10:03,159 - INFO - Processing batch of 12 sequences with ESM2 batch embedding
2025-09-25 19:10:03,159 - INFO - Tokenizing 12 sequences...
2025-09-25 19:10:03,163 - INFO - Moving batch to device: cpu
2025-09-25 19:10:03,163 - INFO - Generating embeddings on cpu...
2025-09-25 19:11:09,848 - INFO - Embeddings generated successfully
2025-09-25 19:11:10,208 - INFO - Completed annotation batch 67 in 67.0s (120 results)
2025-09-25 19:11:10,208 - INFO - Annotation Progress: 804/5000 sequences (16.1%) | Elapsed: 8540.7s | ETA: 44572.9s
2025-09-25 19:11:10,209 - INFO - Starting annotation batch 68: sequences 805-816
2025-09-25 19:11:10,209 - INFO - Processing batch of 12 sequences with ESM2 batch embedding
2025-09-25 19:11:10,209 - INFO - Tokenizing 12 sequences...
2025-09-25 19:11:10,216 - INFO - Moving batch to device: cpu
2025-09-25 19:11:10,216 - INFO - Generating embeddings on cpu...
2025-09-25 19:13:24,871 - INFO - Embeddings generated successfully
2025-09-25 19:13:25,234 - INFO - Completed annotation batch 68 in 135.0s (120 results)
2025-09-25 19:13:25,235 - INFO - Annotation Progress: 816/5000 sequences (16.3%) | Elapsed: 8675.7s | ETA: 44484.1s
2025-09-25 19:13:25,235 - INFO - Starting annotation batch 69: sequences 817-828
2025-09-25 19:13:25,235 - INFO - Processing batch of 12 sequences with ESM2 batch embedding
2025-09-25 19:13:25,235 - INFO - Tokenizing 12 sequences...
2025-09-25 19:13:25,241 - INFO - Moving batch to device: cpu
2025-09-25 19:13:25,241 - INFO - Generating embeddings on cpu...
2025-09-25 19:16:12,778 - INFO - Embeddings generated successfully
2025-09-25 19:16:13,138 - INFO - Completed annotation batch 69 in 167.9s (120 results)
2025-09-25 19:16:13,138 - INFO - Annotation Progress: 828/5000 sequences (16.6%) | Elapsed: 8843.6s | ETA: 44559.7s
2025-09-25 19:16:13,138 - INFO - Starting annotation batch 70: sequences 829-840
2025-09-25 19:16:13,138 - INFO - Processing batch of 12 sequences with ESM2 batch embedding
2025-09-25 19:16:13,138 - INFO - Tokenizing 12 sequences...
2025-09-25 19:16:13,145 - INFO - Moving batch to device: cpu
2025-09-25 19:16:13,145 - INFO - Generating embeddings on cpu...
2025-09-25 19:18:34,648 - INFO - Embeddings generated successfully
2025-09-25 19:18:35,020 - INFO - Completed annotation batch 70 in 141.9s (120 results)
2025-09-25 19:18:35,021 - INFO - Annotation Progress: 840/5000 sequences (16.8%) | Elapsed: 8985.5s | ETA: 44499.4s
2025-09-25 19:18:35,021 - INFO - Starting annotation batch 71: sequences 841-852
2025-09-25 19:18:35,021 - INFO - Processing batch of 12 sequences with ESM2 batch embedding
2025-09-25 19:18:35,021 - INFO - Tokenizing 12 sequences...
2025-09-25 19:18:35,026 - INFO - Moving batch to device: cpu
2025-09-25 19:18:35,026 - INFO - Generating embeddings on cpu...
2025-09-25 19:20:10,152 - INFO - Embeddings generated successfully
2025-09-25 19:20:10,514 - INFO - Completed annotation batch 71 in 95.5s (120 results)
2025-09-25 19:20:10,514 - INFO - Annotation Progress: 852/5000 sequences (17.0%) | Elapsed: 9081.0s | ETA: 44211.0s
2025-09-25 19:20:10,514 - INFO - Starting annotation batch 72: sequences 853-864
2025-09-25 19:20:10,514 - INFO - Processing batch of 12 sequences with ESM2 batch embedding
2025-09-25 19:20:10,514 - INFO - Tokenizing 12 sequences...
2025-09-25 19:20:10,522 - INFO - Moving batch to device: cpu
2025-09-25 19:20:10,522 - INFO - Generating embeddings on cpu...
2025-09-25 19:22:55,472 - INFO - Embeddings generated successfully
2025-09-25 19:22:55,834 - INFO - Completed annotation batch 72 in 165.3s (120 results)
2025-09-25 19:22:55,834 - INFO - Annotation Progress: 864/5000 sequences (17.3%) | Elapsed: 9246.3s | ETA: 44262.3s
2025-09-25 19:22:55,834 - INFO - Starting annotation batch 73: sequences 865-876
2025-09-25 19:22:55,834 - INFO - Processing batch of 12 sequences with ESM2 batch embedding
2025-09-25 19:22:55,834 - INFO - Tokenizing 12 sequences...
2025-09-25 19:22:55,842 - INFO - Moving batch to device: cpu
2025-09-25 19:22:55,842 - INFO - Generating embeddings on cpu...
2025-09-25 19:25:43,651 - INFO - Embeddings generated successfully
2025-09-25 19:25:44,103 - INFO - Completed annotation batch 73 in 168.3s (120 results)
2025-09-25 19:25:44,103 - INFO - Annotation Progress: 876/5000 sequences (17.5%) | Elapsed: 9414.5s | ETA: 44321.4s
2025-09-25 19:25:44,103 - INFO - Starting annotation batch 74: sequences 877-888
2025-09-25 19:25:44,103 - INFO - Processing batch of 12 sequences with ESM2 batch embedding
2025-09-25 19:25:44,103 - INFO - Tokenizing 12 sequences...
2025-09-25 19:25:44,108 - INFO - Moving batch to device: cpu
2025-09-25 19:25:44,108 - INFO - Generating embeddings on cpu...
2025-09-25 19:26:51,792 - INFO - Embeddings generated successfully
2025-09-25 19:26:52,152 - INFO - Completed annotation batch 74 in 68.0s (120 results)
2025-09-25 19:26:52,152 - INFO - Annotation Progress: 888/5000 sequences (17.8%) | Elapsed: 9482.6s | ETA: 43910.4s
2025-09-25 19:26:52,152 - INFO - Starting annotation batch 75: sequences 889-900
2025-09-25 19:26:52,152 - INFO - Processing batch of 12 sequences with ESM2 batch embedding
2025-09-25 19:26:52,153 - INFO - Tokenizing 12 sequences...
2025-09-25 19:26:52,158 - INFO - Moving batch to device: cpu
2025-09-25 19:26:52,159 - INFO - Generating embeddings on cpu...
2025-09-25 19:28:35,642 - INFO - Embeddings generated successfully
2025-09-25 19:28:35,989 - INFO - Completed annotation batch 75 in 103.8s (120 results)
2025-09-25 19:28:35,989 - INFO - Annotation Progress: 900/5000 sequences (18.0%) | Elapsed: 9586.4s | ETA: 43671.5s
2025-09-25 19:28:35,989 - INFO - Starting annotation batch 76: sequences 901-912
2025-09-25 19:28:35,989 - INFO - Processing batch of 12 sequences with ESM2 batch embedding
2025-09-25 19:28:35,989 - INFO - Tokenizing 12 sequences...
2025-09-25 19:28:35,993 - INFO - Moving batch to device: cpu
2025-09-25 19:28:35,993 - INFO - Generating embeddings on cpu...
2025-09-25 19:29:53,443 - INFO - Embeddings generated successfully
2025-09-25 19:29:53,807 - INFO - Completed annotation batch 76 in 77.8s (120 results)
2025-09-25 19:29:53,807 - INFO - Annotation Progress: 912/5000 sequences (18.2%) | Elapsed: 9664.3s | ETA: 43319.6s
2025-09-25 19:29:53,807 - INFO - Starting annotation batch 77: sequences 913-924
2025-09-25 19:29:53,807 - INFO - Processing batch of 12 sequences with ESM2 batch embedding
2025-09-25 19:29:53,807 - INFO - Tokenizing 12 sequences...
2025-09-25 19:29:53,813 - INFO - Moving batch to device: cpu
2025-09-25 19:29:53,814 - INFO - Generating embeddings on cpu...
2025-09-25 19:31:42,088 - INFO - Embeddings generated successfully
2025-09-25 19:31:42,455 - INFO - Completed annotation batch 77 in 108.6s (120 results)
2025-09-25 19:31:42,455 - INFO - Annotation Progress: 924/5000 sequences (18.5%) | Elapsed: 9772.9s | ETA: 43110.8s
2025-09-25 19:31:42,456 - INFO - Starting annotation batch 78: sequences 925-936
2025-09-25 19:31:42,456 - INFO - Processing batch of 12 sequences with ESM2 batch embedding
2025-09-25 19:31:42,456 - INFO - Tokenizing 12 sequences...
2025-09-25 19:31:42,462 - INFO - Moving batch to device: cpu
2025-09-25 19:31:42,462 - INFO - Generating embeddings on cpu...
2025-09-25 19:34:33,086 - INFO - Embeddings generated successfully
2025-09-25 19:34:33,444 - INFO - Completed annotation batch 78 in 171.0s (120 results)
2025-09-25 19:34:33,444 - INFO - Annotation Progress: 936/5000 sequences (18.7%) | Elapsed: 9943.9s | ETA: 43175.2s
2025-09-25 19:34:33,444 - INFO - Starting annotation batch 79: sequences 937-948
2025-09-25 19:34:33,444 - INFO - Processing batch of 12 sequences with ESM2 batch embedding
2025-09-25 19:34:33,444 - INFO - Tokenizing 12 sequences...
2025-09-25 19:34:33,453 - INFO - Moving batch to device: cpu
2025-09-25 19:34:33,453 - INFO - Generating embeddings on cpu...
2025-09-25 19:37:19,870 - INFO - Embeddings generated successfully
2025-09-25 19:37:20,365 - INFO - Completed annotation batch 79 in 166.9s (120 results)
2025-09-25 19:37:20,366 - INFO - Annotation Progress: 948/5000 sequences (19.0%) | Elapsed: 10110.8s | ETA: 43216.2s
2025-09-25 19:37:20,366 - INFO - Starting annotation batch 80: sequences 949-960
2025-09-25 19:37:20,366 - INFO - Processing batch of 12 sequences with ESM2 batch embedding
2025-09-25 19:37:20,366 - INFO - Tokenizing 12 sequences...
2025-09-25 19:37:20,372 - INFO - Moving batch to device: cpu
2025-09-25 19:37:20,373 - INFO - Generating embeddings on cpu...
2025-09-25 19:39:10,415 - INFO - Embeddings generated successfully
2025-09-25 19:39:10,622 - INFO - Completed annotation batch 80 in 110.3s (120 results)
2025-09-25 19:39:10,622 - INFO - Annotation Progress: 960/5000 sequences (19.2%) | Elapsed: 10221.1s | ETA: 43013.7s
2025-09-25 19:39:10,622 - INFO - Starting annotation batch 81: sequences 961-972
2025-09-25 19:39:10,622 - INFO - Processing batch of 12 sequences with ESM2 batch embedding
2025-09-25 19:39:10,622 - INFO - Tokenizing 12 sequences...
2025-09-25 19:39:10,631 - INFO - Moving batch to device: cpu
2025-09-25 19:39:10,631 - INFO - Generating embeddings on cpu...
2025-09-25 19:41:17,431 - INFO - Embeddings generated successfully
2025-09-25 19:41:17,685 - INFO - Completed annotation batch 81 in 127.1s (120 results)
2025-09-25 19:41:17,685 - INFO - Annotation Progress: 972/5000 sequences (19.4%) | Elapsed: 10348.1s | ETA: 42883.0s
2025-09-25 19:41:17,685 - INFO - Starting annotation batch 82: sequences 973-984
2025-09-25 19:41:17,686 - INFO - Processing batch of 12 sequences with ESM2 batch embedding
2025-09-25 19:41:17,686 - INFO - Tokenizing 12 sequences...
2025-09-25 19:41:17,696 - INFO - Moving batch to device: cpu
2025-09-25 19:41:17,696 - INFO - Generating embeddings on cpu...
2025-09-25 19:43:30,240 - INFO - Embeddings generated successfully
2025-09-25 19:43:30,690 - INFO - Completed annotation batch 82 in 133.0s (120 results)
2025-09-25 19:43:30,690 - INFO - Annotation Progress: 984/5000 sequences (19.7%) | Elapsed: 10481.1s | ETA: 42776.7s
2025-09-25 19:43:30,690 - INFO - Starting annotation batch 83: sequences 985-996
2025-09-25 19:43:30,690 - INFO - Processing batch of 12 sequences with ESM2 batch embedding
2025-09-25 19:43:30,690 - INFO - Tokenizing 12 sequences...
2025-09-25 19:43:30,696 - INFO - Moving batch to device: cpu
2025-09-25 19:43:30,696 - INFO - Generating embeddings on cpu...
2025-09-25 19:44:38,484 - INFO - Embeddings generated successfully
2025-09-25 19:44:38,704 - INFO - Completed annotation batch 83 in 68.0s (120 results)
2025-09-25 19:44:38,704 - INFO - Annotation Progress: 996/5000 sequences (19.9%) | Elapsed: 10549.1s | ETA: 42408.4s
2025-09-25 19:44:38,704 - INFO - Starting annotation batch 84: sequences 997-1008
2025-09-25 19:44:38,704 - INFO - Processing batch of 12 sequences with ESM2 batch embedding
2025-09-25 19:44:38,704 - INFO - Tokenizing 12 sequences...
2025-09-25 19:44:38,711 - INFO - Moving batch to device: cpu
2025-09-25 19:44:38,711 - INFO - Generating embeddings on cpu...
2025-09-25 19:46:39,794 - INFO - Embeddings generated successfully
2025-09-25 19:46:40,048 - INFO - Completed annotation batch 84 in 121.3s (120 results)
2025-09-25 19:46:40,049 - INFO - Annotation Progress: 1008/5000 sequences (20.2%) | Elapsed: 10670.5s | ETA: 42258.5s
2025-09-25 19:46:40,049 - INFO - Starting annotation batch 85: sequences 1009-1020
2025-09-25 19:46:40,049 - INFO - Processing batch of 12 sequences with ESM2 batch embedding
2025-09-25 19:46:40,049 - INFO - Tokenizing 12 sequences...
2025-09-25 19:46:40,054 - INFO - Moving batch to device: cpu
2025-09-25 19:46:40,054 - INFO - Generating embeddings on cpu...
2025-09-25 19:47:49,533 - INFO - Embeddings generated successfully
2025-09-25 19:47:49,744 - INFO - Completed annotation batch 85 in 69.7s (120 results)
2025-09-25 19:47:49,744 - INFO - Annotation Progress: 1020/5000 sequences (20.4%) | Elapsed: 10740.2s | ETA: 41907.8s
2025-09-25 19:47:49,744 - INFO - Starting annotation batch 86: sequences 1021-1032
2025-09-25 19:47:49,744 - INFO - Processing batch of 12 sequences with ESM2 batch embedding
2025-09-25 19:47:49,744 - INFO - Tokenizing 12 sequences...
2025-09-25 19:47:49,751 - INFO - Moving batch to device: cpu
2025-09-25 19:47:49,751 - INFO - Generating embeddings on cpu...
2025-09-25 19:49:49,869 - INFO - Embeddings generated successfully
2025-09-25 19:49:50,170 - INFO - Completed annotation batch 86 in 120.4s (120 results)
2025-09-25 19:49:50,170 - INFO - Annotation Progress: 1032/5000 sequences (20.6%) | Elapsed: 10860.6s | ETA: 41758.6s
2025-09-25 19:49:50,170 - INFO - Starting annotation batch 87: sequences 1033-1044
2025-09-25 19:49:50,170 - INFO - Processing batch of 12 sequences with ESM2 batch embedding
2025-09-25 19:49:50,170 - INFO - Tokenizing 12 sequences...
2025-09-25 19:49:50,176 - INFO - Moving batch to device: cpu
2025-09-25 19:49:50,176 - INFO - Generating embeddings on cpu...
2025-09-25 19:51:38,558 - INFO - Embeddings generated successfully
2025-09-25 19:51:38,771 - INFO - Completed annotation batch 87 in 108.6s (120 results)
2025-09-25 19:51:38,771 - INFO - Annotation Progress: 1044/5000 sequences (20.9%) | Elapsed: 10969.2s | ETA: 41565.3s
2025-09-25 19:51:38,771 - INFO - Starting annotation batch 88: sequences 1045-1056
2025-09-25 19:51:38,771 - INFO - Processing batch of 12 sequences with ESM2 batch embedding
2025-09-25 19:51:38,771 - INFO - Tokenizing 12 sequences...
2025-09-25 19:51:38,778 - INFO - Moving batch to device: cpu
2025-09-25 19:51:38,778 - INFO - Generating embeddings on cpu...
2025-09-25 19:53:40,303 - INFO - Embeddings generated successfully
2025-09-25 19:53:40,561 - INFO - Completed annotation batch 88 in 121.8s (120 results)
2025-09-25 19:53:40,561 - INFO - Annotation Progress: 1056/5000 sequences (21.1%) | Elapsed: 11091.0s | ETA: 41423.2s
2025-09-25 19:53:40,561 - INFO - Starting annotation batch 89: sequences 1057-1068
2025-09-25 19:53:40,561 - INFO - Processing batch of 12 sequences with ESM2 batch embedding
2025-09-25 19:53:40,562 - INFO - Tokenizing 12 sequences...
2025-09-25 19:53:40,568 - INFO - Moving batch to device: cpu
2025-09-25 19:53:40,568 - INFO - Generating embeddings on cpu...
2025-09-25 19:54:58,304 - INFO - Embeddings generated successfully
2025-09-25 19:54:58,515 - INFO - Completed annotation batch 89 in 78.0s (120 results)
2025-09-25 19:54:58,515 - INFO - Annotation Progress: 1068/5000 sequences (21.4%) | Elapsed: 11169.0s | ETA: 41120.2s
2025-09-25 19:54:58,515 - INFO - Starting annotation batch 90: sequences 1069-1080
2025-09-25 19:54:58,515 - INFO - Processing batch of 12 sequences with ESM2 batch embedding
2025-09-25 19:54:58,515 - INFO - Tokenizing 12 sequences...
2025-09-25 19:54:58,521 - INFO - Moving batch to device: cpu
2025-09-25 19:54:58,521 - INFO - Generating embeddings on cpu...
2025-09-25 19:56:40,151 - INFO - Embeddings generated successfully
2025-09-25 19:56:40,365 - INFO - Completed annotation batch 90 in 101.8s (120 results)
2025-09-25 19:56:40,365 - INFO - Annotation Progress: 1080/5000 sequences (21.6%) | Elapsed: 11270.8s | ETA: 40908.9s
2025-09-25 19:56:40,365 - INFO - Starting annotation batch 91: sequences 1081-1092
2025-09-25 19:56:40,365 - INFO - Processing batch of 12 sequences with ESM2 batch embedding
2025-09-25 19:56:40,366 - INFO - Tokenizing 12 sequences...
2025-09-25 19:56:40,371 - INFO - Moving batch to device: cpu
2025-09-25 19:56:40,371 - INFO - Generating embeddings on cpu...
2025-09-25 19:58:06,968 - INFO - Embeddings generated successfully
2025-09-25 19:58:07,180 - INFO - Completed annotation batch 91 in 86.8s (120 results)
2025-09-25 19:58:07,180 - INFO - Annotation Progress: 1092/5000 sequences (21.8%) | Elapsed: 11357.6s | ETA: 40646.1s
2025-09-25 19:58:07,180 - INFO - Starting annotation batch 92: sequences 1093-1104
2025-09-25 19:58:07,180 - INFO - Processing batch of 12 sequences with ESM2 batch embedding
2025-09-25 19:58:07,180 - INFO - Tokenizing 12 sequences...
2025-09-25 19:58:07,186 - INFO - Moving batch to device: cpu
2025-09-25 19:58:07,186 - INFO - Generating embeddings on cpu...
2025-09-25 19:59:36,545 - INFO - Embeddings generated successfully
2025-09-25 19:59:36,771 - INFO - Completed annotation batch 92 in 89.6s (120 results)
2025-09-25 19:59:36,771 - INFO - Annotation Progress: 1104/5000 sequences (22.1%) | Elapsed: 11447.2s | ETA: 40397.1s
2025-09-25 19:59:36,771 - INFO - Starting annotation batch 93: sequences 1105-1116
2025-09-25 19:59:36,771 - INFO - Processing batch of 12 sequences with ESM2 batch embedding
2025-09-25 19:59:36,771 - INFO - Tokenizing 12 sequences...
2025-09-25 19:59:36,777 - INFO - Moving batch to device: cpu
2025-09-25 19:59:36,777 - INFO - Generating embeddings on cpu...
2025-09-25 20:01:34,946 - INFO - Embeddings generated successfully
2025-09-25 20:01:35,175 - INFO - Completed annotation batch 93 in 118.4s (120 results)
2025-09-25 20:01:35,175 - INFO - Annotation Progress: 1116/5000 sequences (22.3%) | Elapsed: 11565.6s | ETA: 40251.7s
2025-09-25 20:01:35,175 - INFO - Starting annotation batch 94: sequences 1117-1128
2025-09-25 20:01:35,176 - INFO - Processing batch of 12 sequences with ESM2 batch embedding
2025-09-25 20:01:35,176 - INFO - Tokenizing 12 sequences...
2025-09-25 20:01:35,183 - INFO - Moving batch to device: cpu
2025-09-25 20:01:35,183 - INFO - Generating embeddings on cpu...
2025-09-25 20:03:25,214 - INFO - Embeddings generated successfully
2025-09-25 20:03:25,462 - INFO - Completed annotation batch 94 in 110.3s (120 results)
2025-09-25 20:03:25,462 - INFO - Annotation Progress: 1128/5000 sequences (22.6%) | Elapsed: 11675.9s | ETA: 40079.0s
2025-09-25 20:03:25,462 - INFO - Starting annotation batch 95: sequences 1129-1140
2025-09-25 20:03:25,462 - INFO - Processing batch of 12 sequences with ESM2 batch embedding
2025-09-25 20:03:25,462 - INFO - Tokenizing 12 sequences...
2025-09-25 20:03:25,467 - INFO - Moving batch to device: cpu
2025-09-25 20:03:25,467 - INFO - Generating embeddings on cpu...
2025-09-25 20:04:22,274 - INFO - Embeddings generated successfully
2025-09-25 20:04:22,484 - INFO - Completed annotation batch 95 in 57.0s (120 results)
2025-09-25 20:04:22,484 - INFO - Annotation Progress: 1140/5000 sequences (22.8%) | Elapsed: 11732.9s | ETA: 39727.3s
2025-09-25 20:04:22,484 - INFO - Starting annotation batch 96: sequences 1141-1152
2025-09-25 20:04:22,484 - INFO - Processing batch of 12 sequences with ESM2 batch embedding
2025-09-25 20:04:22,484 - INFO - Tokenizing 12 sequences...
2025-09-25 20:04:22,491 - INFO - Moving batch to device: cpu
2025-09-25 20:04:22,491 - INFO - Generating embeddings on cpu...
2025-09-25 20:06:46,780 - INFO - Embeddings generated successfully
2025-09-25 20:06:47,166 - INFO - Completed annotation batch 96 in 144.7s (120 results)
2025-09-25 20:06:47,166 - INFO - Annotation Progress: 1152/5000 sequences (23.0%) | Elapsed: 11877.6s | ETA: 39674.5s
2025-09-25 20:06:47,166 - INFO - Starting annotation batch 97: sequences 1153-1164
2025-09-25 20:06:47,166 - INFO - Processing batch of 12 sequences with ESM2 batch embedding
2025-09-25 20:06:47,166 - INFO - Tokenizing 12 sequences...
2025-09-25 20:06:47,172 - INFO - Moving batch to device: cpu
2025-09-25 20:06:47,172 - INFO - Generating embeddings on cpu...
2025-09-25 20:08:54,413 - INFO - Embeddings generated successfully
2025-09-25 20:08:54,763 - INFO - Completed annotation batch 97 in 127.6s (120 results)
2025-09-25 20:08:54,764 - INFO - Annotation Progress: 1164/5000 sequences (23.3%) | Elapsed: 12005.2s | ETA: 39563.6s
2025-09-25 20:08:54,764 - INFO - Starting annotation batch 98: sequences 1165-1176
2025-09-25 20:08:54,764 - INFO - Processing batch of 12 sequences with ESM2 batch embedding
2025-09-25 20:08:54,764 - INFO - Tokenizing 12 sequences...
2025-09-25 20:08:54,770 - INFO - Moving batch to device: cpu
2025-09-25 20:08:54,770 - INFO - Generating embeddings on cpu...
2025-09-25 20:11:46,199 - INFO - Embeddings generated successfully
2025-09-25 20:11:46,695 - INFO - Completed annotation batch 98 in 171.9s (120 results)
2025-09-25 20:11:46,695 - INFO - Annotation Progress: 1176/5000 sequences (23.5%) | Elapsed: 12177.1s | ETA: 39596.4s
2025-09-25 20:11:46,695 - INFO - Starting annotation batch 99: sequences 1177-1188
2025-09-25 20:11:46,695 - INFO - Processing batch of 12 sequences with ESM2 batch embedding
2025-09-25 20:11:46,695 - INFO - Tokenizing 12 sequences...
2025-09-25 20:11:46,699 - INFO - Moving batch to device: cpu
2025-09-25 20:11:46,699 - INFO - Generating embeddings on cpu...
2025-09-25 20:12:45,410 - INFO - Embeddings generated successfully
2025-09-25 20:12:45,762 - INFO - Completed annotation batch 99 in 59.1s (120 results)
2025-09-25 20:12:45,762 - INFO - Annotation Progress: 1188/5000 sequences (23.8%) | Elapsed: 12236.2s | ETA: 39263.0s
2025-09-25 20:12:45,763 - INFO - Starting annotation batch 100: sequences 1189-1200
2025-09-25 20:12:45,763 - INFO - Processing batch of 12 sequences with ESM2 batch embedding
2025-09-25 20:12:45,763 - INFO - Tokenizing 12 sequences...
2025-09-25 20:12:45,770 - INFO - Moving batch to device: cpu
2025-09-25 20:12:45,770 - INFO - Generating embeddings on cpu...
2025-09-25 20:15:37,370 - INFO - Embeddings generated successfully
2025-09-25 20:15:37,819 - INFO - Completed annotation batch 100 in 172.1s (120 results)
2025-09-25 20:15:37,819 - INFO - Annotation Progress: 1200/5000 sequences (24.0%) | Elapsed: 12408.3s | ETA: 39292.8s
2025-09-25 20:15:37,819 - INFO - Starting annotation batch 101: sequences 1201-1212
2025-09-25 20:15:37,819 - INFO - Processing batch of 12 sequences with ESM2 batch embedding
2025-09-25 20:15:37,819 - INFO - Tokenizing 12 sequences...
2025-09-25 20:15:37,827 - INFO - Moving batch to device: cpu
2025-09-25 20:15:37,827 - INFO - Generating embeddings on cpu...
2025-09-25 20:17:59,549 - INFO - Embeddings generated successfully
2025-09-25 20:17:59,910 - INFO - Completed annotation batch 101 in 142.1s (120 results)
2025-09-25 20:17:59,910 - INFO - Annotation Progress: 1212/5000 sequences (24.2%) | Elapsed: 12550.4s | ETA: 39225.0s
2025-09-25 20:17:59,910 - INFO - Starting annotation batch 102: sequences 1213-1224
2025-09-25 20:17:59,910 - INFO - Processing batch of 12 sequences with ESM2 batch embedding
2025-09-25 20:17:59,910 - INFO - Tokenizing 12 sequences...
2025-09-25 20:17:59,917 - INFO - Moving batch to device: cpu
2025-09-25 20:17:59,918 - INFO - Generating embeddings on cpu...
2025-09-25 20:20:51,135 - INFO - Embeddings generated successfully
2025-09-25 20:20:51,546 - INFO - Completed annotation batch 102 in 171.6s (120 results)
2025-09-25 20:20:51,546 - INFO - Annotation Progress: 1224/5000 sequences (24.5%) | Elapsed: 12722.0s | ETA: 39246.9s
2025-09-25 20:20:51,546 - INFO - Starting annotation batch 103: sequences 1225-1236
2025-09-25 20:20:51,546 - INFO - Processing batch of 12 sequences with ESM2 batch embedding
2025-09-25 20:20:51,546 - INFO - Tokenizing 12 sequences...
2025-09-25 20:20:51,552 - INFO - Moving batch to device: cpu
2025-09-25 20:20:51,552 - INFO - Generating embeddings on cpu...
2025-09-25 20:22:28,943 - INFO - Embeddings generated successfully
2025-09-25 20:22:29,315 - INFO - Completed annotation batch 103 in 97.8s (120 results)
2025-09-25 20:22:29,315 - INFO - Annotation Progress: 1236/5000 sequences (24.7%) | Elapsed: 12819.8s | ETA: 39040.1s
2025-09-25 20:22:29,315 - INFO - Starting annotation batch 104: sequences 1237-1248
2025-09-25 20:22:29,315 - INFO - Processing batch of 12 sequences with ESM2 batch embedding
2025-09-25 20:22:29,315 - INFO - Tokenizing 12 sequences...
2025-09-25 20:22:29,322 - INFO - Moving batch to device: cpu
2025-09-25 20:22:29,322 - INFO - Generating embeddings on cpu...
2025-09-25 20:24:49,405 - INFO - Embeddings generated successfully
2025-09-25 20:24:49,864 - INFO - Completed annotation batch 104 in 140.5s (120 results)
2025-09-25 20:24:49,864 - INFO - Annotation Progress: 1248/5000 sequences (25.0%) | Elapsed: 12960.3s | ETA: 38964.0s
2025-09-25 20:24:49,864 - INFO - Starting annotation batch 105: sequences 1249-1260
2025-09-25 20:24:49,865 - INFO - Processing batch of 12 sequences with ESM2 batch embedding
2025-09-25 20:24:49,865 - INFO - Tokenizing 12 sequences...
2025-09-25 20:24:49,870 - INFO - Moving batch to device: cpu
2025-09-25 20:24:49,870 - INFO - Generating embeddings on cpu...
2025-09-25 20:27:42,972 - INFO - Embeddings generated successfully
2025-09-25 20:27:43,320 - INFO - Completed annotation batch 105 in 173.5s (120 results)
2025-09-25 20:27:43,320 - INFO - Annotation Progress: 1260/5000 sequences (25.2%) | Elapsed: 13133.8s | ETA: 38984.3s
2025-09-25 20:27:43,320 - INFO - Starting annotation batch 106: sequences 1261-1272
2025-09-25 20:27:43,320 - INFO - Processing batch of 12 sequences with ESM2 batch embedding
2025-09-25 20:27:43,321 - INFO - Tokenizing 12 sequences...
2025-09-25 20:27:43,331 - INFO - Moving batch to device: cpu
2025-09-25 20:27:43,331 - INFO - Generating embeddings on cpu...
2025-09-25 20:30:36,442 - INFO - Embeddings generated successfully
2025-09-25 20:30:36,924 - INFO - Completed annotation batch 106 in 173.6s (120 results)
2025-09-25 20:30:36,924 - INFO - Annotation Progress: 1272/5000 sequences (25.4%) | Elapsed: 13307.4s | ETA: 39001.5s
2025-09-25 20:30:36,924 - INFO - Starting annotation batch 107: sequences 1273-1284
2025-09-25 20:30:36,924 - INFO - Processing batch of 12 sequences with ESM2 batch embedding
2025-09-25 20:30:36,924 - INFO - Tokenizing 12 sequences...
2025-09-25 20:30:36,931 - INFO - Moving batch to device: cpu
2025-09-25 20:30:36,931 - INFO - Generating embeddings on cpu...
2025-09-25 20:33:15,073 - INFO - Embeddings generated successfully
2025-09-25 20:33:15,542 - INFO - Completed annotation batch 107 in 158.6s (120 results)
2025-09-25 20:33:15,542 - INFO - Annotation Progress: 1284/5000 sequences (25.7%) | Elapsed: 13466.0s | ETA: 38971.7s
2025-09-25 20:33:15,543 - INFO - Starting annotation batch 108: sequences 1285-1296
2025-09-25 20:33:15,543 - INFO - Processing batch of 12 sequences with ESM2 batch embedding
2025-09-25 20:33:15,543 - INFO - Tokenizing 12 sequences...
2025-09-25 20:33:15,548 - INFO - Moving batch to device: cpu
2025-09-25 20:33:15,548 - INFO - Generating embeddings on cpu...
2025-09-25 20:34:47,569 - INFO - Embeddings generated successfully
2025-09-25 20:34:47,911 - INFO - Completed annotation batch 108 in 92.4s (120 results)
2025-09-25 20:34:47,911 - INFO - Annotation Progress: 1296/5000 sequences (25.9%) | Elapsed: 13558.4s | ETA: 38750.1s
2025-09-25 20:34:47,911 - INFO - Starting annotation batch 109: sequences 1297-1308
2025-09-25 20:34:47,911 - INFO - Processing batch of 12 sequences with ESM2 batch embedding
2025-09-25 20:34:47,911 - INFO - Tokenizing 12 sequences...
2025-09-25 20:34:47,920 - INFO - Moving batch to device: cpu
2025-09-25 20:34:47,920 - INFO - Generating embeddings on cpu...
2025-09-25 20:37:37,007 - INFO - Embeddings generated successfully
2025-09-25 20:37:37,366 - INFO - Completed annotation batch 109 in 169.5s (120 results)
2025-09-25 20:37:37,367 - INFO - Annotation Progress: 1308/5000 sequences (26.2%) | Elapsed: 13727.8s | ETA: 38748.5s
2025-09-25 20:37:37,367 - INFO - Starting annotation batch 110: sequences 1309-1320
2025-09-25 20:37:37,367 - INFO - Processing batch of 12 sequences with ESM2 batch embedding
2025-09-25 20:37:37,367 - INFO - Tokenizing 12 sequences...
2025-09-25 20:37:37,373 - INFO - Moving batch to device: cpu
2025-09-25 20:37:37,373 - INFO - Generating embeddings on cpu...
2025-09-25 20:39:47,637 - INFO - Embeddings generated successfully
2025-09-25 20:39:48,002 - INFO - Completed annotation batch 110 in 130.6s (120 results)
2025-09-25 20:39:48,002 - INFO - Annotation Progress: 1320/5000 sequences (26.4%) | Elapsed: 13858.4s | ETA: 38635.7s
2025-09-25 20:39:48,002 - INFO - Starting annotation batch 111: sequences 1321-1332
2025-09-25 20:39:48,003 - INFO - Processing batch of 12 sequences with ESM2 batch embedding
2025-09-25 20:39:48,003 - INFO - Tokenizing 12 sequences...
2025-09-25 20:39:48,008 - INFO - Moving batch to device: cpu
2025-09-25 20:39:48,009 - INFO - Generating embeddings on cpu...
2025-09-25 20:41:07,227 - INFO - Embeddings generated successfully
2025-09-25 20:41:07,579 - INFO - Completed annotation batch 111 in 79.6s (120 results)
2025-09-25 20:41:07,579 - INFO - Annotation Progress: 1332/5000 sequences (26.6%) | Elapsed: 13938.0s | ETA: 38381.9s
2025-09-25 20:41:07,579 - INFO - Starting annotation batch 112: sequences 1333-1344
2025-09-25 20:41:07,579 - INFO - Processing batch of 12 sequences with ESM2 batch embedding
2025-09-25 20:41:07,579 - INFO - Tokenizing 12 sequences...
2025-09-25 20:41:07,584 - INFO - Moving batch to device: cpu
2025-09-25 20:41:07,584 - INFO - Generating embeddings on cpu...
2025-09-25 20:42:25,925 - INFO - Embeddings generated successfully
2025-09-25 20:42:26,277 - INFO - Completed annotation batch 112 in 78.7s (120 results)
2025-09-25 20:42:26,278 - INFO - Annotation Progress: 1344/5000 sequences (26.9%) | Elapsed: 14016.7s | ETA: 38128.8s
2025-09-25 20:42:26,278 - INFO - Starting annotation batch 113: sequences 1345-1356
2025-09-25 20:42:26,278 - INFO - Processing batch of 12 sequences with ESM2 batch embedding
2025-09-25 20:42:26,278 - INFO - Tokenizing 12 sequences...
2025-09-25 20:42:26,286 - INFO - Moving batch to device: cpu
2025-09-25 20:42:26,286 - INFO - Generating embeddings on cpu...
2025-09-25 20:45:17,142 - INFO - Embeddings generated successfully
2025-09-25 20:45:17,509 - INFO - Completed annotation batch 113 in 171.2s (120 results)
2025-09-25 20:45:17,510 - INFO - Annotation Progress: 1356/5000 sequences (27.1%) | Elapsed: 14188.0s | ETA: 38127.5s
2025-09-25 20:45:17,510 - INFO - Starting annotation batch 114: sequences 1357-1368
2025-09-25 20:45:17,510 - INFO - Processing batch of 12 sequences with ESM2 batch embedding
2025-09-25 20:45:17,510 - INFO - Tokenizing 12 sequences...
2025-09-25 20:45:17,516 - INFO - Moving batch to device: cpu
2025-09-25 20:45:17,516 - INFO - Generating embeddings on cpu...
2025-09-25 20:47:01,076 - INFO - Embeddings generated successfully
2025-09-25 20:47:01,427 - INFO - Completed annotation batch 114 in 103.9s (120 results)
2025-09-25 20:47:01,427 - INFO - Annotation Progress: 1368/5000 sequences (27.4%) | Elapsed: 14291.9s | ETA: 37944.5s
2025-09-25 20:47:01,427 - INFO - Starting annotation batch 115: sequences 1369-1380
2025-09-25 20:47:01,427 - INFO - Processing batch of 12 sequences with ESM2 batch embedding
2025-09-25 20:47:01,427 - INFO - Tokenizing 12 sequences...
2025-09-25 20:47:01,433 - INFO - Moving batch to device: cpu
2025-09-25 20:47:01,433 - INFO - Generating embeddings on cpu...
2025-09-25 20:49:13,567 - INFO - Embeddings generated successfully
2025-09-25 20:49:14,038 - INFO - Completed annotation batch 115 in 132.6s (120 results)
2025-09-25 20:49:14,038 - INFO - Annotation Progress: 1380/5000 sequences (27.6%) | Elapsed: 14424.5s | ETA: 37838.1s
2025-09-25 20:49:14,038 - INFO - Starting annotation batch 116: sequences 1381-1392
2025-09-25 20:49:14,038 - INFO - Processing batch of 12 sequences with ESM2 batch embedding
2025-09-25 20:49:14,038 - INFO - Tokenizing 12 sequences...
2025-09-25 20:49:14,046 - INFO - Moving batch to device: cpu
2025-09-25 20:49:14,046 - INFO - Generating embeddings on cpu...
2025-09-25 20:52:03,929 - INFO - Embeddings generated successfully
2025-09-25 20:52:04,294 - INFO - Completed annotation batch 116 in 170.3s (120 results)
2025-09-25 20:52:04,294 - INFO - Annotation Progress: 1392/5000 sequences (27.8%) | Elapsed: 14594.7s | ETA: 37828.9s
2025-09-25 20:52:04,294 - INFO - Starting annotation batch 117: sequences 1393-1404
2025-09-25 20:52:04,294 - INFO - Processing batch of 12 sequences with ESM2 batch embedding
2025-09-25 20:52:04,294 - INFO - Tokenizing 12 sequences...
2025-09-25 20:52:04,300 - INFO - Moving batch to device: cpu
2025-09-25 20:52:04,300 - INFO - Generating embeddings on cpu...
2025-09-25 20:53:40,742 - INFO - Embeddings generated successfully
2025-09-25 20:53:41,124 - INFO - Completed annotation batch 117 in 96.8s (120 results)
2025-09-25 20:53:41,124 - INFO - Annotation Progress: 1404/5000 sequences (28.1%) | Elapsed: 14691.6s | ETA: 37628.8s
2025-09-25 20:53:41,125 - INFO - Starting annotation batch 118: sequences 1405-1416
2025-09-25 20:53:41,125 - INFO - Processing batch of 12 sequences with ESM2 batch embedding
2025-09-25 20:53:41,125 - INFO - Tokenizing 12 sequences...
2025-09-25 20:53:41,130 - INFO - Moving batch to device: cpu
2025-09-25 20:53:41,130 - INFO - Generating embeddings on cpu...
2025-09-25 20:55:00,339 - INFO - Embeddings generated successfully
2025-09-25 20:55:00,695 - INFO - Completed annotation batch 118 in 79.6s (120 results)
2025-09-25 20:55:00,696 - INFO - Annotation Progress: 1416/5000 sequences (28.3%) | Elapsed: 14771.1s | ETA: 37386.8s
2025-09-25 20:55:00,696 - INFO - Starting annotation batch 119: sequences 1417-1428
2025-09-25 20:55:00,696 - INFO - Processing batch of 12 sequences with ESM2 batch embedding
2025-09-25 20:55:00,696 - INFO - Tokenizing 12 sequences...
2025-09-25 20:55:00,708 - INFO - Moving batch to device: cpu
2025-09-25 20:55:00,708 - INFO - Generating embeddings on cpu...
2025-09-25 20:57:52,268 - INFO - Embeddings generated successfully
2025-09-25 20:57:52,764 - INFO - Completed annotation batch 119 in 172.1s (120 results)
2025-09-25 20:57:52,764 - INFO - Annotation Progress: 1428/5000 sequences (28.6%) | Elapsed: 14943.2s | ETA: 37378.9s
2025-09-25 20:57:52,764 - INFO - Starting annotation batch 120: sequences 1429-1440
2025-09-25 20:57:52,764 - INFO - Processing batch of 12 sequences with ESM2 batch embedding
2025-09-25 20:57:52,764 - INFO - Tokenizing 12 sequences...
2025-09-25 20:57:52,770 - INFO - Moving batch to device: cpu
2025-09-25 20:57:52,770 - INFO - Generating embeddings on cpu...
2025-09-25 20:59:53,231 - INFO - Embeddings generated successfully
2025-09-25 20:59:53,587 - INFO - Completed annotation batch 120 in 120.8s (120 results)
2025-09-25 20:59:53,588 - INFO - Annotation Progress: 1440/5000 sequences (28.8%) | Elapsed: 15064.0s | ETA: 37241.6s
2025-09-25 20:59:53,588 - INFO - Starting annotation batch 121: sequences 1441-1452
2025-09-25 20:59:53,588 - INFO - Processing batch of 12 sequences with ESM2 batch embedding
2025-09-25 20:59:53,588 - INFO - Tokenizing 12 sequences...
2025-09-25 20:59:53,592 - INFO - Moving batch to device: cpu
2025-09-25 20:59:53,592 - INFO - Generating embeddings on cpu...
2025-09-25 21:01:11,714 - INFO - Embeddings generated successfully
2025-09-25 21:01:12,069 - INFO - Completed annotation batch 121 in 78.5s (120 results)
2025-09-25 21:01:12,070 - INFO - Annotation Progress: 1452/5000 sequences (29.0%) | Elapsed: 15142.5s | ETA: 37001.1s
2025-09-25 21:01:12,070 - INFO - Starting annotation batch 122: sequences 1453-1464
2025-09-25 21:01:12,070 - INFO - Processing batch of 12 sequences with ESM2 batch embedding
2025-09-25 21:01:12,070 - INFO - Tokenizing 12 sequences...
2025-09-25 21:01:12,077 - INFO - Moving batch to device: cpu
2025-09-25 21:01:12,077 - INFO - Generating embeddings on cpu...
2025-09-25 21:04:02,367 - INFO - Embeddings generated successfully
2025-09-25 21:04:02,845 - INFO - Completed annotation batch 122 in 170.8s (120 results)
2025-09-25 21:04:02,845 - INFO - Annotation Progress: 1464/5000 sequences (29.3%) | Elapsed: 15313.3s | ETA: 36986.2s
2025-09-25 21:04:02,845 - INFO - Starting annotation batch 123: sequences 1465-1476
2025-09-25 21:04:02,845 - INFO - Processing batch of 12 sequences with ESM2 batch embedding
2025-09-25 21:04:02,845 - INFO - Tokenizing 12 sequences...
2025-09-25 21:04:02,853 - INFO - Moving batch to device: cpu
2025-09-25 21:04:02,853 - INFO - Generating embeddings on cpu...
2025-09-25 21:06:38,289 - INFO - Embeddings generated successfully
2025-09-25 21:06:38,756 - INFO - Completed annotation batch 123 in 155.9s (120 results)
2025-09-25 21:06:38,756 - INFO - Annotation Progress: 1476/5000 sequences (29.5%) | Elapsed: 15469.2s | ETA: 36933.2s
2025-09-25 21:06:38,756 - INFO - Starting annotation batch 124: sequences 1477-1488
2025-09-25 21:06:38,756 - INFO - Processing batch of 12 sequences with ESM2 batch embedding
2025-09-25 21:06:38,756 - INFO - Tokenizing 12 sequences...
2025-09-25 21:06:38,763 - INFO - Moving batch to device: cpu
2025-09-25 21:06:38,763 - INFO - Generating embeddings on cpu...
2025-09-25 21:08:49,913 - INFO - Embeddings generated successfully
2025-09-25 21:08:50,286 - INFO - Completed annotation batch 124 in 131.5s (120 results)
2025-09-25 21:08:50,286 - INFO - Annotation Progress: 1488/5000 sequences (29.8%) | Elapsed: 15600.7s | ETA: 36821.1s
2025-09-25 21:08:50,286 - INFO - Starting annotation batch 125: sequences 1489-1500
2025-09-25 21:08:50,286 - INFO - Processing batch of 12 sequences with ESM2 batch embedding
2025-09-25 21:08:50,286 - INFO - Tokenizing 12 sequences...
2025-09-25 21:08:50,294 - INFO - Moving batch to device: cpu
2025-09-25 21:08:50,294 - INFO - Generating embeddings on cpu...
2025-09-25 21:11:41,814 - INFO - Embeddings generated successfully
2025-09-25 21:11:42,168 - INFO - Completed annotation batch 125 in 171.9s (120 results)
2025-09-25 21:11:42,169 - INFO - Annotation Progress: 1500/5000 sequences (30.0%) | Elapsed: 15772.6s | ETA: 36802.8s
2025-09-25 21:11:42,169 - INFO - Starting annotation batch 126: sequences 1501-1512
2025-09-25 21:11:42,169 - INFO - Processing batch of 12 sequences with ESM2 batch embedding
2025-09-25 21:11:42,169 - INFO - Tokenizing 12 sequences...
2025-09-25 21:11:42,173 - INFO - Moving batch to device: cpu
2025-09-25 21:11:42,174 - INFO - Generating embeddings on cpu...
2025-09-25 21:13:22,200 - INFO - Embeddings generated successfully
2025-09-25 21:13:22,536 - INFO - Completed annotation batch 126 in 100.4s (120 results)
2025-09-25 21:13:22,536 - INFO - Annotation Progress: 1512/5000 sequences (30.2%) | Elapsed: 15873.0s | ETA: 36617.0s
2025-09-25 21:13:22,536 - INFO - Starting annotation batch 127: sequences 1513-1524
2025-09-25 21:13:22,536 - INFO - Processing batch of 12 sequences with ESM2 batch embedding
2025-09-25 21:13:22,536 - INFO - Tokenizing 12 sequences...
2025-09-25 21:13:22,542 - INFO - Moving batch to device: cpu
2025-09-25 21:13:22,542 - INFO - Generating embeddings on cpu...
2025-09-25 21:15:41,744 - INFO - Embeddings generated successfully
2025-09-25 21:15:42,095 - INFO - Completed annotation batch 127 in 139.6s (120 results)
2025-09-25 21:15:42,096 - INFO - Annotation Progress: 1524/5000 sequences (30.5%) | Elapsed: 16012.5s | ETA: 36522.0s
2025-09-25 21:15:42,096 - INFO - Starting annotation batch 128: sequences 1525-1536
2025-09-25 21:15:42,096 - INFO - Processing batch of 12 sequences with ESM2 batch embedding
2025-09-25 21:15:42,096 - INFO - Tokenizing 12 sequences...
2025-09-25 21:15:42,100 - INFO - Moving batch to device: cpu
2025-09-25 21:15:42,101 - INFO - Generating embeddings on cpu...
2025-09-25 21:16:55,811 - INFO - Embeddings generated successfully
2025-09-25 21:16:56,159 - INFO - Completed annotation batch 128 in 74.1s (120 results)
2025-09-25 21:16:56,160 - INFO - Annotation Progress: 1536/5000 sequences (30.7%) | Elapsed: 16086.6s | ETA: 36278.6s
2025-09-25 21:16:56,160 - INFO - Starting annotation batch 129: sequences 1537-1548
2025-09-25 21:16:56,160 - INFO - Processing batch of 12 sequences with ESM2 batch embedding
2025-09-25 21:16:56,160 - INFO - Tokenizing 12 sequences...
2025-09-25 21:16:56,165 - INFO - Moving batch to device: cpu
2025-09-25 21:16:56,165 - INFO - Generating embeddings on cpu...
2025-09-25 21:18:12,295 - INFO - Embeddings generated successfully
2025-09-25 21:18:12,650 - INFO - Completed annotation batch 129 in 76.5s (120 results)
2025-09-25 21:18:12,651 - INFO - Annotation Progress: 1548/5000 sequences (31.0%) | Elapsed: 16163.1s | ETA: 36043.3s
2025-09-25 21:18:12,651 - INFO - Starting annotation batch 130: sequences 1549-1560
2025-09-25 21:18:12,651 - INFO - Processing batch of 12 sequences with ESM2 batch embedding
2025-09-25 21:18:12,651 - INFO - Tokenizing 12 sequences...
2025-09-25 21:18:12,657 - INFO - Moving batch to device: cpu
2025-09-25 21:18:12,657 - INFO - Generating embeddings on cpu...
2025-09-25 21:20:26,331 - INFO - Embeddings generated successfully
2025-09-25 21:20:26,676 - INFO - Completed annotation batch 130 in 134.0s (120 results)
2025-09-25 21:20:26,676 - INFO - Annotation Progress: 1560/5000 sequences (31.2%) | Elapsed: 16297.1s | ETA: 35937.2s
2025-09-25 21:20:26,676 - INFO - Starting annotation batch 131: sequences 1561-1572
2025-09-25 21:20:26,676 - INFO - Processing batch of 12 sequences with ESM2 batch embedding
2025-09-25 21:20:26,676 - INFO - Tokenizing 12 sequences...
2025-09-25 21:20:26,684 - INFO - Moving batch to device: cpu
2025-09-25 21:20:26,684 - INFO - Generating embeddings on cpu...
2025-09-25 21:23:19,338 - INFO - Embeddings generated successfully
2025-09-25 21:23:19,744 - INFO - Completed annotation batch 131 in 173.1s (120 results)
2025-09-25 21:23:19,744 - INFO - Annotation Progress: 1572/5000 sequences (31.4%) | Elapsed: 16470.2s | ETA: 35915.9s
2025-09-25 21:23:19,744 - INFO - Starting annotation batch 132: sequences 1573-1584
2025-09-25 21:23:19,744 - INFO - Processing batch of 12 sequences with ESM2 batch embedding
2025-09-25 21:23:19,744 - INFO - Tokenizing 12 sequences...
2025-09-25 21:23:19,748 - INFO - Moving batch to device: cpu
2025-09-25 21:23:19,748 - INFO - Generating embeddings on cpu...
2025-09-25 21:24:16,329 - INFO - Embeddings generated successfully
2025-09-25 21:24:16,693 - INFO - Completed annotation batch 132 in 56.9s (120 results)
2025-09-25 21:24:16,693 - INFO - Annotation Progress: 1584/5000 sequences (31.7%) | Elapsed: 16527.1s | ETA: 35641.9s
2025-09-25 21:24:16,693 - INFO - Starting annotation batch 133: sequences 1585-1596
2025-09-25 21:24:16,693 - INFO - Processing batch of 12 sequences with ESM2 batch embedding
2025-09-25 21:24:16,693 - INFO - Tokenizing 12 sequences...
2025-09-25 21:24:16,698 - INFO - Moving batch to device: cpu
2025-09-25 21:24:16,698 - INFO - Generating embeddings on cpu...
2025-09-25 21:25:28,543 - INFO - Embeddings generated successfully
2025-09-25 21:25:28,896 - INFO - Completed annotation batch 133 in 72.2s (120 results)
2025-09-25 21:25:28,896 - INFO - Annotation Progress: 1596/5000 sequences (31.9%) | Elapsed: 16599.3s | ETA: 35403.6s
2025-09-25 21:25:28,896 - INFO - Starting annotation batch 134: sequences 1597-1608
2025-09-25 21:25:28,897 - INFO - Processing batch of 12 sequences with ESM2 batch embedding
2025-09-25 21:25:28,897 - INFO - Tokenizing 12 sequences...
2025-09-25 21:25:28,902 - INFO - Moving batch to device: cpu
2025-09-25 21:25:28,902 - INFO - Generating embeddings on cpu...
2025-09-25 21:26:43,091 - INFO - Embeddings generated successfully
2025-09-25 21:26:43,452 - INFO - Completed annotation batch 134 in 74.6s (120 results)
2025-09-25 21:26:43,452 - INFO - Annotation Progress: 1608/5000 sequences (32.2%) | Elapsed: 16673.9s | ETA: 35172.8s
2025-09-25 21:26:43,452 - INFO - Starting annotation batch 135: sequences 1609-1620
2025-09-25 21:26:43,452 - INFO - Processing batch of 12 sequences with ESM2 batch embedding
2025-09-25 21:26:43,452 - INFO - Tokenizing 12 sequences...
2025-09-25 21:26:43,461 - INFO - Moving batch to device: cpu
2025-09-25 21:26:43,461 - INFO - Generating embeddings on cpu...
2025-09-25 21:29:35,250 - INFO - Embeddings generated successfully
2025-09-25 21:29:35,610 - INFO - Completed annotation batch 135 in 172.2s (120 results)
2025-09-25 21:29:35,611 - INFO - Annotation Progress: 1620/5000 sequences (32.4%) | Elapsed: 16846.1s | ETA: 35147.9s
2025-09-25 21:29:35,611 - INFO - Starting annotation batch 136: sequences 1621-1632
2025-09-25 21:29:35,611 - INFO - Processing batch of 12 sequences with ESM2 batch embedding
2025-09-25 21:29:35,611 - INFO - Tokenizing 12 sequences...
2025-09-25 21:29:35,617 - INFO - Moving batch to device: cpu
2025-09-25 21:29:35,617 - INFO - Generating embeddings on cpu...
2025-09-25 21:31:23,840 - INFO - Embeddings generated successfully
2025-09-25 21:31:24,187 - INFO - Completed annotation batch 136 in 108.6s (120 results)
2025-09-25 21:31:24,187 - INFO - Annotation Progress: 1632/5000 sequences (32.6%) | Elapsed: 16954.6s | ETA: 34989.7s
2025-09-25 21:31:24,188 - INFO - Starting annotation batch 137: sequences 1633-1644
2025-09-25 21:31:24,188 - INFO - Processing batch of 12 sequences with ESM2 batch embedding
2025-09-25 21:31:24,188 - INFO - Tokenizing 12 sequences...
2025-09-25 21:31:24,192 - INFO - Moving batch to device: cpu
2025-09-25 21:31:24,193 - INFO - Generating embeddings on cpu...
2025-09-25 21:32:36,397 - INFO - Embeddings generated successfully
2025-09-25 21:32:36,791 - INFO - Completed annotation batch 137 in 72.6s (120 results)
2025-09-25 21:32:36,791 - INFO - Annotation Progress: 1644/5000 sequences (32.9%) | Elapsed: 17027.2s | ETA: 34758.8s
2025-09-25 21:32:36,791 - INFO - Starting annotation batch 138: sequences 1645-1656
2025-09-25 21:32:36,791 - INFO - Processing batch of 12 sequences with ESM2 batch embedding
2025-09-25 21:32:36,792 - INFO - Tokenizing 12 sequences...
2025-09-25 21:32:36,796 - INFO - Moving batch to device: cpu
2025-09-25 21:32:36,796 - INFO - Generating embeddings on cpu...
2025-09-25 21:34:03,870 - INFO - Embeddings generated successfully
2025-09-25 21:34:04,221 - INFO - Completed annotation batch 138 in 87.4s (120 results)
2025-09-25 21:34:04,221 - INFO - Annotation Progress: 1656/5000 sequences (33.1%) | Elapsed: 17114.7s | ETA: 34560.0s
2025-09-25 21:34:04,221 - INFO - Starting annotation batch 139: sequences 1657-1668
2025-09-25 21:34:04,221 - INFO - Processing batch of 12 sequences with ESM2 batch embedding
2025-09-25 21:34:04,221 - INFO - Tokenizing 12 sequences...
2025-09-25 21:34:04,226 - INFO - Moving batch to device: cpu
2025-09-25 21:34:04,226 - INFO - Generating embeddings on cpu...
2025-09-25 21:35:12,082 - INFO - Embeddings generated successfully
2025-09-25 21:35:12,429 - INFO - Completed annotation batch 139 in 68.2s (120 results)
2025-09-25 21:35:12,429 - INFO - Annotation Progress: 1668/5000 sequences (33.4%) | Elapsed: 17182.9s | ETA: 34324.5s
2025-09-25 21:35:12,429 - INFO - Starting annotation batch 140: sequences 1669-1680
2025-09-25 21:35:12,429 - INFO - Processing batch of 12 sequences with ESM2 batch embedding
2025-09-25 21:35:12,429 - INFO - Tokenizing 12 sequences...
2025-09-25 21:35:12,435 - INFO - Moving batch to device: cpu
2025-09-25 21:35:12,435 - INFO - Generating embeddings on cpu...
2025-09-25 21:37:03,777 - INFO - Embeddings generated successfully
2025-09-25 21:37:04,123 - INFO - Completed annotation batch 140 in 111.7s (120 results)
2025-09-25 21:37:04,124 - INFO - Annotation Progress: 1680/5000 sequences (33.6%) | Elapsed: 17294.6s | ETA: 34177.4s
2025-09-25 21:37:04,124 - INFO - Starting annotation batch 141: sequences 1681-1692
2025-09-25 21:37:04,124 - INFO - Processing batch of 12 sequences with ESM2 batch embedding
2025-09-25 21:37:04,124 - INFO - Tokenizing 12 sequences...
2025-09-25 21:37:04,131 - INFO - Moving batch to device: cpu
2025-09-25 21:37:04,131 - INFO - Generating embeddings on cpu...
2025-09-25 21:39:56,849 - INFO - Embeddings generated successfully
2025-09-25 21:39:57,332 - INFO - Completed annotation batch 141 in 173.2s (120 results)
2025-09-25 21:39:57,332 - INFO - Annotation Progress: 1692/5000 sequences (33.8%) | Elapsed: 17467.8s | ETA: 34150.9s
2025-09-25 21:39:57,332 - INFO - Starting annotation batch 142: sequences 1693-1704
2025-09-25 21:39:57,332 - INFO - Processing batch of 12 sequences with ESM2 batch embedding
2025-09-25 21:39:57,332 - INFO - Tokenizing 12 sequences...
2025-09-25 21:39:57,340 - INFO - Moving batch to device: cpu
2025-09-25 21:39:57,341 - INFO - Generating embeddings on cpu...
2025-09-25 21:42:48,690 - INFO - Embeddings generated successfully
2025-09-25 21:42:49,118 - INFO - Completed annotation batch 142 in 171.8s (120 results)
2025-09-25 21:42:49,118 - INFO - Annotation Progress: 1704/5000 sequences (34.1%) | Elapsed: 17639.6s | ETA: 34119.7s
2025-09-25 21:42:49,118 - INFO - Starting annotation batch 143: sequences 1705-1716
2025-09-25 21:42:49,118 - INFO - Processing batch of 12 sequences with ESM2 batch embedding
2025-09-25 21:42:49,118 - INFO - Tokenizing 12 sequences...
2025-09-25 21:42:49,126 - INFO - Moving batch to device: cpu
2025-09-25 21:42:49,126 - INFO - Generating embeddings on cpu...
2025-09-25 21:45:42,178 - INFO - Embeddings generated successfully
2025-09-25 21:45:42,665 - INFO - Completed annotation batch 143 in 173.5s (120 results)
2025-09-25 21:45:42,665 - INFO - Annotation Progress: 1716/5000 sequences (34.3%) | Elapsed: 17813.1s | ETA: 34089.9s
2025-09-25 21:45:42,665 - INFO - Starting annotation batch 144: sequences 1717-1728
2025-09-25 21:45:42,665 - INFO - Processing batch of 12 sequences with ESM2 batch embedding
2025-09-25 21:45:42,665 - INFO - Tokenizing 12 sequences...
2025-09-25 21:45:42,672 - INFO - Moving batch to device: cpu
2025-09-25 21:45:42,672 - INFO - Generating embeddings on cpu...
2025-09-25 21:47:31,950 - INFO - Embeddings generated successfully
2025-09-25 21:47:32,299 - INFO - Completed annotation batch 144 in 109.6s (120 results)
2025-09-25 21:47:32,299 - INFO - Annotation Progress: 1728/5000 sequences (34.6%) | Elapsed: 17922.7s | ETA: 33937.0s
2025-09-25 21:47:32,299 - INFO - Starting annotation batch 145: sequences 1729-1740
2025-09-25 21:47:32,299 - INFO - Processing batch of 12 sequences with ESM2 batch embedding
2025-09-25 21:47:32,299 - INFO - Tokenizing 12 sequences...
2025-09-25 21:47:32,303 - INFO - Moving batch to device: cpu
2025-09-25 21:47:32,304 - INFO - Generating embeddings on cpu...
2025-09-25 21:48:45,068 - INFO - Embeddings generated successfully
2025-09-25 21:48:45,428 - INFO - Completed annotation batch 145 in 73.1s (120 results)
2025-09-25 21:48:45,428 - INFO - Annotation Progress: 1740/5000 sequences (34.8%) | Elapsed: 17995.9s | ETA: 33716.4s
2025-09-25 21:48:45,428 - INFO - Starting annotation batch 146: sequences 1741-1752
2025-09-25 21:48:45,428 - INFO - Processing batch of 12 sequences with ESM2 batch embedding
2025-09-25 21:48:45,428 - INFO - Tokenizing 12 sequences...
2025-09-25 21:48:45,434 - INFO - Moving batch to device: cpu
2025-09-25 21:48:45,435 - INFO - Generating embeddings on cpu...
2025-09-25 21:50:53,496 - INFO - Embeddings generated successfully
2025-09-25 21:50:53,847 - INFO - Completed annotation batch 146 in 128.4s (120 results)
2025-09-25 21:50:53,847 - INFO - Annotation Progress: 1752/5000 sequences (35.0%) | Elapsed: 18124.3s | ETA: 33600.3s
2025-09-25 21:50:53,847 - INFO - Starting annotation batch 147: sequences 1753-1764
2025-09-25 21:50:53,847 - INFO - Processing batch of 12 sequences with ESM2 batch embedding
2025-09-25 21:50:53,847 - INFO - Tokenizing 12 sequences...
2025-09-25 21:50:53,852 - INFO - Moving batch to device: cpu
2025-09-25 21:50:53,852 - INFO - Generating embeddings on cpu...
2025-09-25 21:52:22,214 - INFO - Embeddings generated successfully
2025-09-25 21:52:22,565 - INFO - Completed annotation batch 147 in 88.7s (120 results)
2025-09-25 21:52:22,565 - INFO - Annotation Progress: 1764/5000 sequences (35.3%) | Elapsed: 18213.0s | ETA: 33411.2s
2025-09-25 21:52:22,565 - INFO - Starting annotation batch 148: sequences 1765-1776
2025-09-25 21:52:22,565 - INFO - Processing batch of 12 sequences with ESM2 batch embedding
2025-09-25 21:52:22,565 - INFO - Tokenizing 12 sequences...
2025-09-25 21:52:22,570 - INFO - Moving batch to device: cpu
2025-09-25 21:52:22,571 - INFO - Generating embeddings on cpu...
2025-09-25 21:53:30,839 - INFO - Embeddings generated successfully
2025-09-25 21:53:31,183 - INFO - Completed annotation batch 148 in 68.6s (120 results)
2025-09-25 21:53:31,183 - INFO - Annotation Progress: 1776/5000 sequences (35.5%) | Elapsed: 18281.6s | ETA: 33186.9s
2025-09-25 21:53:31,183 - INFO - Starting annotation batch 149: sequences 1777-1788
2025-09-25 21:53:31,184 - INFO - Processing batch of 12 sequences with ESM2 batch embedding
2025-09-25 21:53:31,184 - INFO - Tokenizing 12 sequences...
2025-09-25 21:53:31,189 - INFO - Moving batch to device: cpu
2025-09-25 21:53:31,190 - INFO - Generating embeddings on cpu...
2025-09-25 21:55:16,422 - INFO - Embeddings generated successfully
2025-09-25 21:55:16,779 - INFO - Completed annotation batch 149 in 105.6s (120 results)
2025-09-25 21:55:16,780 - INFO - Annotation Progress: 1788/5000 sequences (35.8%) | Elapsed: 18387.2s | ETA: 33031.2s
2025-09-25 21:55:16,780 - INFO - Starting annotation batch 150: sequences 1789-1800
2025-09-25 21:55:16,780 - INFO - Processing batch of 12 sequences with ESM2 batch embedding
2025-09-25 21:55:16,780 - INFO - Tokenizing 12 sequences...
2025-09-25 21:55:16,783 - INFO - Moving batch to device: cpu
2025-09-25 21:55:16,784 - INFO - Generating embeddings on cpu...
2025-09-25 21:56:33,146 - INFO - Embeddings generated successfully
2025-09-25 21:56:33,497 - INFO - Completed annotation batch 150 in 76.7s (120 results)
2025-09-25 21:56:33,497 - INFO - Annotation Progress: 1800/5000 sequences (36.0%) | Elapsed: 18463.9s | ETA: 32824.8s
2025-09-25 21:56:33,497 - INFO - Starting annotation batch 151: sequences 1801-1812
2025-09-25 21:56:33,497 - INFO - Processing batch of 12 sequences with ESM2 batch embedding
2025-09-25 21:56:33,497 - INFO - Tokenizing 12 sequences...
2025-09-25 21:56:33,503 - INFO - Moving batch to device: cpu
2025-09-25 21:56:33,503 - INFO - Generating embeddings on cpu...
2025-09-25 21:58:53,874 - INFO - Embeddings generated successfully
2025-09-25 21:58:54,235 - INFO - Completed annotation batch 151 in 140.7s (120 results)
2025-09-25 21:58:54,235 - INFO - Annotation Progress: 1812/5000 sequences (36.2%) | Elapsed: 18604.7s | ETA: 32732.7s
2025-09-25 21:58:54,235 - INFO - Starting annotation batch 152: sequences 1813-1824
2025-09-25 21:58:54,235 - INFO - Processing batch of 12 sequences with ESM2 batch embedding
2025-09-25 21:58:54,235 - INFO - Tokenizing 12 sequences...
2025-09-25 21:58:54,240 - INFO - Moving batch to device: cpu
2025-09-25 21:58:54,240 - INFO - Generating embeddings on cpu...
2025-09-25 22:00:08,336 - INFO - Embeddings generated successfully
2025-09-25 22:00:08,688 - INFO - Completed annotation batch 152 in 74.5s (120 results)
2025-09-25 22:00:08,688 - INFO - Annotation Progress: 1824/5000 sequences (36.5%) | Elapsed: 18679.1s | ETA: 32524.6s
2025-09-25 22:00:08,688 - INFO - Starting annotation batch 153: sequences 1825-1836
2025-09-25 22:00:08,688 - INFO - Processing batch of 12 sequences with ESM2 batch embedding
2025-09-25 22:00:08,688 - INFO - Tokenizing 12 sequences...
2025-09-25 22:00:08,693 - INFO - Moving batch to device: cpu
2025-09-25 22:00:08,693 - INFO - Generating embeddings on cpu...
2025-09-25 22:01:48,838 - INFO - Embeddings generated successfully
2025-09-25 22:01:49,181 - INFO - Completed annotation batch 153 in 100.5s (120 results)
2025-09-25 22:01:49,182 - INFO - Annotation Progress: 1836/5000 sequences (36.7%) | Elapsed: 18779.6s | ETA: 32363.1s
2025-09-25 22:01:49,182 - INFO - Starting annotation batch 154: sequences 1837-1848
2025-09-25 22:01:49,182 - INFO - Processing batch of 12 sequences with ESM2 batch embedding
2025-09-25 22:01:49,182 - INFO - Tokenizing 12 sequences...
2025-09-25 22:01:49,188 - INFO - Moving batch to device: cpu
2025-09-25 22:01:49,189 - INFO - Generating embeddings on cpu...
2025-09-25 22:04:29,390 - INFO - Embeddings generated successfully
2025-09-25 22:04:29,867 - INFO - Completed annotation batch 154 in 160.7s (120 results)
2025-09-25 22:04:29,868 - INFO - Annotation Progress: 1848/5000 sequences (37.0%) | Elapsed: 18940.3s | ETA: 32305.1s
2025-09-25 22:04:29,868 - INFO - Starting annotation batch 155: sequences 1849-1860
2025-09-25 22:04:29,868 - INFO - Processing batch of 12 sequences with ESM2 batch embedding
2025-09-25 22:04:29,868 - INFO - Tokenizing 12 sequences...
2025-09-25 22:04:29,873 - INFO - Moving batch to device: cpu
2025-09-25 22:04:29,873 - INFO - Generating embeddings on cpu...
2025-09-25 22:06:25,547 - INFO - Embeddings generated successfully
2025-09-25 22:06:25,946 - INFO - Completed annotation batch 155 in 116.1s (120 results)
2025-09-25 22:06:25,946 - INFO - Annotation Progress: 1860/5000 sequences (37.2%) | Elapsed: 19056.4s | ETA: 32170.5s
2025-09-25 22:06:25,946 - INFO - Starting annotation batch 156: sequences 1861-1872
2025-09-25 22:06:25,946 - INFO - Processing batch of 12 sequences with ESM2 batch embedding
2025-09-25 22:06:25,946 - INFO - Tokenizing 12 sequences...
2025-09-25 22:06:25,953 - INFO - Moving batch to device: cpu
2025-09-25 22:06:25,953 - INFO - Generating embeddings on cpu...
2025-09-25 22:08:34,909 - INFO - Embeddings generated successfully
2025-09-25 22:08:35,269 - INFO - Completed annotation batch 156 in 129.3s (120 results)
2025-09-25 22:08:35,269 - INFO - Annotation Progress: 1872/5000 sequences (37.4%) | Elapsed: 19185.7s | ETA: 32058.2s
2025-09-25 22:08:35,269 - INFO - Starting annotation batch 157: sequences 1873-1884
2025-09-25 22:08:35,270 - INFO - Processing batch of 12 sequences with ESM2 batch embedding
2025-09-25 22:08:35,270 - INFO - Tokenizing 12 sequences...
2025-09-25 22:08:35,274 - INFO - Moving batch to device: cpu
2025-09-25 22:08:35,274 - INFO - Generating embeddings on cpu...
2025-09-25 22:10:02,974 - INFO - Embeddings generated successfully
2025-09-25 22:10:03,326 - INFO - Completed annotation batch 157 in 88.1s (120 results)
2025-09-25 22:10:03,326 - INFO - Annotation Progress: 1884/5000 sequences (37.7%) | Elapsed: 19273.8s | ETA: 31877.4s
2025-09-25 22:10:03,326 - INFO - Starting annotation batch 158: sequences 1885-1896
2025-09-25 22:10:03,326 - INFO - Processing batch of 12 sequences with ESM2 batch embedding
2025-09-25 22:10:03,326 - INFO - Tokenizing 12 sequences...
2025-09-25 22:10:03,332 - INFO - Moving batch to device: cpu
2025-09-25 22:10:03,333 - INFO - Generating embeddings on cpu...
2025-09-25 22:12:48,343 - INFO - Embeddings generated successfully
2025-09-25 22:12:48,824 - INFO - Completed annotation batch 158 in 165.5s (120 results)
2025-09-25 22:12:48,825 - INFO - Annotation Progress: 1896/5000 sequences (37.9%) | Elapsed: 19439.3s | ETA: 31824.6s
2025-09-25 22:12:48,825 - INFO - Starting annotation batch 159: sequences 1897-1908
2025-09-25 22:12:48,825 - INFO - Processing batch of 12 sequences with ESM2 batch embedding
2025-09-25 22:12:48,825 - INFO - Tokenizing 12 sequences...
2025-09-25 22:12:48,831 - INFO - Moving batch to device: cpu
2025-09-25 22:12:48,831 - INFO - Generating embeddings on cpu...
2025-09-25 22:14:48,094 - INFO - Embeddings generated successfully
2025-09-25 22:14:48,448 - INFO - Completed annotation batch 159 in 119.6s (120 results)
2025-09-25 22:14:48,448 - INFO - Annotation Progress: 1908/5000 sequences (38.2%) | Elapsed: 19558.9s | ETA: 31696.1s
2025-09-25 22:14:48,448 - INFO - Starting annotation batch 160: sequences 1909-1920
2025-09-25 22:14:48,448 - INFO - Processing batch of 12 sequences with ESM2 batch embedding
2025-09-25 22:14:48,448 - INFO - Tokenizing 12 sequences...
2025-09-25 22:14:48,453 - INFO - Moving batch to device: cpu
2025-09-25 22:14:48,453 - INFO - Generating embeddings on cpu...
2025-09-25 22:16:18,162 - INFO - Embeddings generated successfully
2025-09-25 22:16:18,509 - INFO - Completed annotation batch 160 in 90.1s (120 results)
2025-09-25 22:16:18,510 - INFO - Annotation Progress: 1920/5000 sequences (38.4%) | Elapsed: 19649.0s | ETA: 31520.2s
2025-09-25 22:16:18,510 - INFO - Starting annotation batch 161: sequences 1921-1932
2025-09-25 22:16:18,510 - INFO - Processing batch of 12 sequences with ESM2 batch embedding
2025-09-25 22:16:18,510 - INFO - Tokenizing 12 sequences...
2025-09-25 22:16:18,517 - INFO - Moving batch to device: cpu
2025-09-25 22:16:18,518 - INFO - Generating embeddings on cpu...
2025-09-25 22:19:08,430 - INFO - Embeddings generated successfully
2025-09-25 22:19:08,819 - INFO - Completed annotation batch 161 in 170.3s (120 results)
2025-09-25 22:19:08,820 - INFO - Annotation Progress: 1932/5000 sequences (38.6%) | Elapsed: 19819.3s | ETA: 31472.8s
2025-09-25 22:19:08,820 - INFO - Starting annotation batch 162: sequences 1933-1944
2025-09-25 22:19:08,820 - INFO - Processing batch of 12 sequences with ESM2 batch embedding
2025-09-25 22:19:08,820 - INFO - Tokenizing 12 sequences...
2025-09-25 22:19:08,827 - INFO - Moving batch to device: cpu
2025-09-25 22:19:08,827 - INFO - Generating embeddings on cpu...
2025-09-25 22:21:57,984 - INFO - Embeddings generated successfully
2025-09-25 22:21:58,456 - INFO - Completed annotation batch 162 in 169.6s (120 results)
2025-09-25 22:21:58,456 - INFO - Annotation Progress: 1944/5000 sequences (38.9%) | Elapsed: 19988.9s | ETA: 31422.9s
2025-09-25 22:21:58,456 - INFO - Starting annotation batch 163: sequences 1945-1956
2025-09-25 22:21:58,456 - INFO - Processing batch of 12 sequences with ESM2 batch embedding
2025-09-25 22:21:58,456 - INFO - Tokenizing 12 sequences...
2025-09-25 22:21:58,461 - INFO - Moving batch to device: cpu
2025-09-25 22:21:58,461 - INFO - Generating embeddings on cpu...
2025-09-25 22:23:23,303 - INFO - Embeddings generated successfully
2025-09-25 22:23:23,664 - INFO - Completed annotation batch 163 in 85.2s (120 results)
2025-09-25 22:23:23,664 - INFO - Annotation Progress: 1956/5000 sequences (39.1%) | Elapsed: 20074.1s | ETA: 31240.1s
2025-09-25 22:23:23,664 - INFO - Starting annotation batch 164: sequences 1957-1968
2025-09-25 22:23:23,664 - INFO - Processing batch of 12 sequences with ESM2 batch embedding
2025-09-25 22:23:23,664 - INFO - Tokenizing 12 sequences...
2025-09-25 22:23:23,670 - INFO - Moving batch to device: cpu
2025-09-25 22:23:23,671 - INFO - Generating embeddings on cpu...
2025-09-25 22:25:21,369 - INFO - Embeddings generated successfully
2025-09-25 22:25:21,718 - INFO - Completed annotation batch 164 in 118.1s (120 results)
2025-09-25 22:25:21,718 - INFO - Annotation Progress: 1968/5000 sequences (39.4%) | Elapsed: 20192.2s | ETA: 31109.1s
2025-09-25 22:25:21,718 - INFO - Starting annotation batch 165: sequences 1969-1980
2025-09-25 22:25:21,718 - INFO - Processing batch of 12 sequences with ESM2 batch embedding
2025-09-25 22:25:21,718 - INFO - Tokenizing 12 sequences...
2025-09-25 22:25:21,723 - INFO - Moving batch to device: cpu
2025-09-25 22:25:21,724 - INFO - Generating embeddings on cpu...
2025-09-25 22:26:59,982 - INFO - Embeddings generated successfully
2025-09-25 22:27:00,342 - INFO - Completed annotation batch 165 in 98.6s (120 results)
2025-09-25 22:27:00,342 - INFO - Annotation Progress: 1980/5000 sequences (39.6%) | Elapsed: 20290.8s | ETA: 30948.6s
2025-09-25 22:27:00,342 - INFO - Starting annotation batch 166: sequences 1981-1992
2025-09-25 22:27:00,343 - INFO - Processing batch of 12 sequences with ESM2 batch embedding
2025-09-25 22:27:00,343 - INFO - Tokenizing 12 sequences...
2025-09-25 22:27:00,350 - INFO - Moving batch to device: cpu
2025-09-25 22:27:00,350 - INFO - Generating embeddings on cpu...
2025-09-25 22:29:27,036 - INFO - Embeddings generated successfully
2025-09-25 22:29:27,383 - INFO - Completed annotation batch 166 in 147.0s (120 results)
2025-09-25 22:29:27,383 - INFO - Annotation Progress: 1992/5000 sequences (39.8%) | Elapsed: 20437.8s | ETA: 30861.9s
2025-09-25 22:29:27,383 - INFO - Starting annotation batch 167: sequences 1993-2004
2025-09-25 22:29:27,383 - INFO - Processing batch of 12 sequences with ESM2 batch embedding
2025-09-25 22:29:27,383 - INFO - Tokenizing 12 sequences...
2025-09-25 22:29:27,390 - INFO - Moving batch to device: cpu
2025-09-25 22:29:27,390 - INFO - Generating embeddings on cpu...
2025-09-25 22:32:15,667 - INFO - Embeddings generated successfully
2025-09-25 22:32:16,154 - INFO - Completed annotation batch 167 in 168.8s (120 results)
2025-09-25 22:32:16,155 - INFO - Annotation Progress: 2004/5000 sequences (40.1%) | Elapsed: 20606.6s | ETA: 30807.1s
2025-09-25 22:32:16,155 - INFO - Starting annotation batch 168: sequences 2005-2016
2025-09-25 22:32:16,155 - INFO - Processing batch of 12 sequences with ESM2 batch embedding
2025-09-25 22:32:16,155 - INFO - Tokenizing 12 sequences...
2025-09-25 22:32:16,162 - INFO - Moving batch to device: cpu
2025-09-25 22:32:16,162 - INFO - Generating embeddings on cpu...
2025-09-25 22:35:07,534 - INFO - Embeddings generated successfully
2025-09-25 22:35:07,958 - INFO - Completed annotation batch 168 in 171.8s (120 results)
2025-09-25 22:35:07,959 - INFO - Annotation Progress: 2016/5000 sequences (40.3%) | Elapsed: 20778.4s | ETA: 30755.3s
2025-09-25 22:35:07,959 - INFO - Starting annotation batch 169: sequences 2017-2028
2025-09-25 22:35:07,959 - INFO - Processing batch of 12 sequences with ESM2 batch embedding
2025-09-25 22:35:07,959 - INFO - Tokenizing 12 sequences...
2025-09-25 22:35:07,964 - INFO - Moving batch to device: cpu
2025-09-25 22:35:07,964 - INFO - Generating embeddings on cpu...
2025-09-25 22:36:33,724 - INFO - Embeddings generated successfully
2025-09-25 22:36:34,093 - INFO - Completed annotation batch 169 in 86.1s (120 results)
2025-09-25 22:36:34,094 - INFO - Annotation Progress: 2028/5000 sequences (40.6%) | Elapsed: 20864.5s | ETA: 30576.6s
2025-09-25 22:36:34,094 - INFO - Starting annotation batch 170: sequences 2029-2040
2025-09-25 22:36:34,094 - INFO - Processing batch of 12 sequences with ESM2 batch embedding
2025-09-25 22:36:34,094 - INFO - Tokenizing 12 sequences...
2025-09-25 22:36:34,101 - INFO - Moving batch to device: cpu
2025-09-25 22:36:34,102 - INFO - Generating embeddings on cpu...
2025-09-25 22:39:26,424 - INFO - Embeddings generated successfully
2025-09-25 22:39:26,901 - INFO - Completed annotation batch 170 in 172.8s (120 results)
2025-09-25 22:39:26,901 - INFO - Annotation Progress: 2040/5000 sequences (40.8%) | Elapsed: 21037.3s | ETA: 30524.8s
2025-09-25 22:39:26,901 - INFO - Starting annotation batch 171: sequences 2041-2052
2025-09-25 22:39:26,901 - INFO - Processing batch of 12 sequences with ESM2 batch embedding
2025-09-25 22:39:26,901 - INFO - Tokenizing 12 sequences...
2025-09-25 22:39:26,907 - INFO - Moving batch to device: cpu
2025-09-25 22:39:26,907 - INFO - Generating embeddings on cpu...
2025-09-25 22:40:40,802 - INFO - Embeddings generated successfully
2025-09-25 22:40:41,157 - INFO - Completed annotation batch 171 in 74.3s (120 results)
2025-09-25 22:40:41,158 - INFO - Annotation Progress: 2052/5000 sequences (41.0%) | Elapsed: 21111.6s | ETA: 30329.9s
2025-09-25 22:40:41,158 - INFO - Starting annotation batch 172: sequences 2053-2064
2025-09-25 22:40:41,158 - INFO - Processing batch of 12 sequences with ESM2 batch embedding
2025-09-25 22:40:41,158 - INFO - Tokenizing 12 sequences...
2025-09-25 22:40:41,165 - INFO - Moving batch to device: cpu
2025-09-25 22:40:41,165 - INFO - Generating embeddings on cpu...
2025-09-25 22:43:32,750 - INFO - Embeddings generated successfully
2025-09-25 22:43:33,121 - INFO - Completed annotation batch 172 in 172.0s (120 results)
2025-09-25 22:43:33,121 - INFO - Annotation Progress: 2064/5000 sequences (41.3%) | Elapsed: 21283.6s | ETA: 30275.5s
2025-09-25 22:43:33,121 - INFO - Starting annotation batch 173: sequences 2065-2076
2025-09-25 22:43:33,121 - INFO - Processing batch of 12 sequences with ESM2 batch embedding
2025-09-25 22:43:33,121 - INFO - Tokenizing 12 sequences...
2025-09-25 22:43:33,129 - INFO - Moving batch to device: cpu
2025-09-25 22:43:33,129 - INFO - Generating embeddings on cpu...
2025-09-25 22:46:22,435 - INFO - Embeddings generated successfully
2025-09-25 22:46:22,916 - INFO - Completed annotation batch 173 in 169.8s (120 results)
2025-09-25 22:46:22,916 - INFO - Annotation Progress: 2076/5000 sequences (41.5%) | Elapsed: 21453.4s | ETA: 30216.6s
2025-09-25 22:46:22,916 - INFO - Starting annotation batch 174: sequences 2077-2088
2025-09-25 22:46:22,916 - INFO - Processing batch of 12 sequences with ESM2 batch embedding
2025-09-25 22:46:22,916 - INFO - Tokenizing 12 sequences...
2025-09-25 22:46:22,924 - INFO - Moving batch to device: cpu
2025-09-25 22:46:22,924 - INFO - Generating embeddings on cpu...
2025-09-25 22:49:12,708 - INFO - Embeddings generated successfully
2025-09-25 22:49:13,075 - INFO - Completed annotation batch 174 in 170.2s (120 results)
2025-09-25 22:49:13,075 - INFO - Annotation Progress: 2088/5000 sequences (41.8%) | Elapsed: 21623.5s | ETA: 30156.9s
2025-09-25 22:49:13,075 - INFO - Starting annotation batch 175: sequences 2089-2100
2025-09-25 22:49:13,075 - INFO - Processing batch of 12 sequences with ESM2 batch embedding
2025-09-25 22:49:13,075 - INFO - Tokenizing 12 sequences...
2025-09-25 22:49:13,080 - INFO - Moving batch to device: cpu
2025-09-25 22:49:13,080 - INFO - Generating embeddings on cpu...
2025-09-25 22:51:10,742 - INFO - Embeddings generated successfully
2025-09-25 22:51:11,098 - INFO - Completed annotation batch 175 in 118.0s (120 results)
2025-09-25 22:51:11,098 - INFO - Annotation Progress: 2100/5000 sequences (42.0%) | Elapsed: 21741.5s | ETA: 30024.0s
2025-09-25 22:51:11,098 - INFO - Starting annotation batch 176: sequences 2101-2112
2025-09-25 22:51:11,098 - INFO - Processing batch of 12 sequences with ESM2 batch embedding
2025-09-25 22:51:11,098 - INFO - Tokenizing 12 sequences...
2025-09-25 22:51:11,105 - INFO - Moving batch to device: cpu
2025-09-25 22:51:11,105 - INFO - Generating embeddings on cpu...
2025-09-25 22:53:26,258 - INFO - Embeddings generated successfully
2025-09-25 22:53:26,629 - INFO - Completed annotation batch 176 in 135.5s (120 results)
2025-09-25 22:53:26,629 - INFO - Annotation Progress: 2112/5000 sequences (42.2%) | Elapsed: 21877.1s | ETA: 29915.2s
2025-09-25 22:53:26,629 - INFO - Starting annotation batch 177: sequences 2113-2124
2025-09-25 22:53:26,629 - INFO - Processing batch of 12 sequences with ESM2 batch embedding
2025-09-25 22:53:26,629 - INFO - Tokenizing 12 sequences...
2025-09-25 22:53:26,638 - INFO - Moving batch to device: cpu
2025-09-25 22:53:26,638 - INFO - Generating embeddings on cpu...
2025-09-25 22:55:39,057 - INFO - Embeddings generated successfully
2025-09-25 22:55:39,306 - INFO - Completed annotation batch 177 in 132.7s (120 results)
2025-09-25 22:55:39,307 - INFO - Annotation Progress: 2124/5000 sequences (42.5%) | Elapsed: 22009.7s | ETA: 29802.3s
2025-09-25 22:55:39,307 - INFO - Starting annotation batch 178: sequences 2125-2136
2025-09-25 22:55:39,307 - INFO - Processing batch of 12 sequences with ESM2 batch embedding
2025-09-25 22:55:39,307 - INFO - Tokenizing 12 sequences...
2025-09-25 22:55:39,312 - INFO - Moving batch to device: cpu
2025-09-25 22:55:39,312 - INFO - Generating embeddings on cpu...
2025-09-25 22:56:34,416 - INFO - Embeddings generated successfully
2025-09-25 22:56:34,621 - INFO - Completed annotation batch 178 in 55.3s (120 results)
2025-09-25 22:56:34,621 - INFO - Annotation Progress: 2136/5000 sequences (42.7%) | Elapsed: 22065.1s | ETA: 29585.4s
2025-09-25 22:56:34,621 - INFO - Starting annotation batch 179: sequences 2137-2148
2025-09-25 22:56:34,621 - INFO - Processing batch of 12 sequences with ESM2 batch embedding
2025-09-25 22:56:34,621 - INFO - Tokenizing 12 sequences...
2025-09-25 22:56:34,626 - INFO - Moving batch to device: cpu
2025-09-25 22:56:34,626 - INFO - Generating embeddings on cpu...
2025-09-25 22:57:32,181 - INFO - Embeddings generated successfully
2025-09-25 22:57:32,389 - INFO - Completed annotation batch 179 in 57.8s (120 results)
2025-09-25 22:57:32,389 - INFO - Annotation Progress: 2148/5000 sequences (43.0%) | Elapsed: 22122.8s | ETA: 29373.5s
2025-09-25 22:57:32,389 - INFO - Starting annotation batch 180: sequences 2149-2160
2025-09-25 22:57:32,389 - INFO - Processing batch of 12 sequences with ESM2 batch embedding
2025-09-25 22:57:32,389 - INFO - Tokenizing 12 sequences...
2025-09-25 22:57:32,395 - INFO - Moving batch to device: cpu
2025-09-25 22:57:32,396 - INFO - Generating embeddings on cpu...
2025-09-25 22:59:02,391 - INFO - Embeddings generated successfully
2025-09-25 22:59:02,602 - INFO - Completed annotation batch 180 in 90.2s (120 results)
2025-09-25 22:59:02,603 - INFO - Annotation Progress: 2160/5000 sequences (43.2%) | Elapsed: 22213.0s | ETA: 29206.0s
2025-09-25 22:59:02,603 - INFO - Starting annotation batch 181: sequences 2161-2172
2025-09-25 22:59:02,603 - INFO - Processing batch of 12 sequences with ESM2 batch embedding
2025-09-25 22:59:02,603 - INFO - Tokenizing 12 sequences...
2025-09-25 22:59:02,610 - INFO - Moving batch to device: cpu
2025-09-25 22:59:02,610 - INFO - Generating embeddings on cpu...
2025-09-25 23:01:02,228 - INFO - Embeddings generated successfully
2025-09-25 23:01:02,492 - INFO - Completed annotation batch 181 in 119.9s (120 results)
2025-09-25 23:01:02,493 - INFO - Annotation Progress: 2172/5000 sequences (43.4%) | Elapsed: 22332.9s | ETA: 29078.1s
2025-09-25 23:01:02,493 - INFO - Starting annotation batch 182: sequences 2173-2184
2025-09-25 23:01:02,493 - INFO - Processing batch of 12 sequences with ESM2 batch embedding
2025-09-25 23:01:02,493 - INFO - Tokenizing 12 sequences...
2025-09-25 23:01:02,498 - INFO - Moving batch to device: cpu
2025-09-25 23:01:02,498 - INFO - Generating embeddings on cpu...
2025-09-25 23:02:07,558 - INFO - Embeddings generated successfully
2025-09-25 23:02:07,775 - INFO - Completed annotation batch 182 in 65.3s (120 results)
2025-09-25 23:02:07,775 - INFO - Annotation Progress: 2184/5000 sequences (43.7%) | Elapsed: 22398.2s | ETA: 28879.8s
2025-09-25 23:02:07,775 - INFO - Starting annotation batch 183: sequences 2185-2196
2025-09-25 23:02:07,775 - INFO - Processing batch of 12 sequences with ESM2 batch embedding
2025-09-25 23:02:07,775 - INFO - Tokenizing 12 sequences...
2025-09-25 23:02:07,780 - INFO - Moving batch to device: cpu
2025-09-25 23:02:07,780 - INFO - Generating embeddings on cpu...
2025-09-25 23:03:20,138 - INFO - Embeddings generated successfully
2025-09-25 23:03:20,345 - INFO - Completed annotation batch 183 in 72.6s (120 results)
2025-09-25 23:03:20,345 - INFO - Annotation Progress: 2196/5000 sequences (43.9%) | Elapsed: 22470.8s | ETA: 28692.2s
2025-09-25 23:03:20,345 - INFO - Starting annotation batch 184: sequences 2197-2208
2025-09-25 23:03:20,345 - INFO - Processing batch of 12 sequences with ESM2 batch embedding
2025-09-25 23:03:20,345 - INFO - Tokenizing 12 sequences...
2025-09-25 23:03:20,350 - INFO - Moving batch to device: cpu
2025-09-25 23:03:20,350 - INFO - Generating embeddings on cpu...
2025-09-25 23:04:11,887 - INFO - Embeddings generated successfully
2025-09-25 23:04:12,097 - INFO - Completed annotation batch 184 in 51.8s (120 results)
2025-09-25 23:04:12,097 - INFO - Annotation Progress: 2208/5000 sequences (44.2%) | Elapsed: 22522.5s | ETA: 28479.6s
2025-09-25 23:04:12,097 - INFO - Starting annotation batch 185: sequences 2209-2220
2025-09-25 23:04:12,097 - INFO - Processing batch of 12 sequences with ESM2 batch embedding
2025-09-25 23:04:12,097 - INFO - Tokenizing 12 sequences...
2025-09-25 23:04:12,103 - INFO - Moving batch to device: cpu
2025-09-25 23:04:12,103 - INFO - Generating embeddings on cpu...
2025-09-25 23:05:34,831 - INFO - Embeddings generated successfully
2025-09-25 23:05:35,039 - INFO - Completed annotation batch 185 in 82.9s (120 results)
2025-09-25 23:05:35,039 - INFO - Annotation Progress: 2220/5000 sequences (44.4%) | Elapsed: 22605.5s | ETA: 28307.8s
2025-09-25 23:05:35,039 - INFO - Starting annotation batch 186: sequences 2221-2232
2025-09-25 23:05:35,039 - INFO - Processing batch of 12 sequences with ESM2 batch embedding
2025-09-25 23:05:35,039 - INFO - Tokenizing 12 sequences...
2025-09-25 23:05:35,043 - INFO - Moving batch to device: cpu
2025-09-25 23:05:35,043 - INFO - Generating embeddings on cpu...
2025-09-25 23:06:41,152 - INFO - Embeddings generated successfully
2025-09-25 23:06:41,353 - INFO - Completed annotation batch 186 in 66.3s (120 results)
2025-09-25 23:06:41,353 - INFO - Annotation Progress: 2232/5000 sequences (44.6%) | Elapsed: 22671.8s | ETA: 28116.3s
2025-09-25 23:06:41,353 - INFO - Starting annotation batch 187: sequences 2233-2244
2025-09-25 23:06:41,353 - INFO - Processing batch of 12 sequences with ESM2 batch embedding
2025-09-25 23:06:41,354 - INFO - Tokenizing 12 sequences...
2025-09-25 23:06:41,357 - INFO - Moving batch to device: cpu
2025-09-25 23:06:41,357 - INFO - Generating embeddings on cpu...
2025-09-25 23:07:26,308 - INFO - Embeddings generated successfully
2025-09-25 23:07:26,514 - INFO - Completed annotation batch 187 in 45.2s (120 results)
2025-09-25 23:07:26,514 - INFO - Annotation Progress: 2244/5000 sequences (44.9%) | Elapsed: 22717.0s | ETA: 27900.1s
2025-09-25 23:07:26,514 - INFO - Starting annotation batch 188: sequences 2245-2256
2025-09-25 23:07:26,514 - INFO - Processing batch of 12 sequences with ESM2 batch embedding
2025-09-25 23:07:26,514 - INFO - Tokenizing 12 sequences...
2025-09-25 23:07:26,520 - INFO - Moving batch to device: cpu
2025-09-25 23:07:26,520 - INFO - Generating embeddings on cpu...
2025-09-25 23:08:30,982 - INFO - Embeddings generated successfully
2025-09-25 23:08:31,189 - INFO - Completed annotation batch 188 in 64.7s (120 results)
2025-09-25 23:08:31,189 - INFO - Annotation Progress: 2256/5000 sequences (45.1%) | Elapsed: 22781.6s | ETA: 27709.6s
2025-09-25 23:08:31,189 - INFO - Starting annotation batch 189: sequences 2257-2268
2025-09-25 23:08:31,189 - INFO - Processing batch of 12 sequences with ESM2 batch embedding
2025-09-25 23:08:31,189 - INFO - Tokenizing 12 sequences...
2025-09-25 23:08:31,195 - INFO - Moving batch to device: cpu
2025-09-25 23:08:31,195 - INFO - Generating embeddings on cpu...
2025-09-25 23:10:09,303 - INFO - Embeddings generated successfully
2025-09-25 23:10:09,554 - INFO - Completed annotation batch 189 in 98.4s (120 results)
2025-09-25 23:10:09,554 - INFO - Annotation Progress: 2268/5000 sequences (45.4%) | Elapsed: 22880.0s | ETA: 27560.9s
2025-09-25 23:10:09,554 - INFO - Starting annotation batch 190: sequences 2269-2280
2025-09-25 23:10:09,554 - INFO - Processing batch of 12 sequences with ESM2 batch embedding
2025-09-25 23:10:09,554 - INFO - Tokenizing 12 sequences...
2025-09-25 23:10:09,559 - INFO - Moving batch to device: cpu
2025-09-25 23:10:09,559 - INFO - Generating embeddings on cpu...
2025-09-25 23:11:41,889 - INFO - Embeddings generated successfully
2025-09-25 23:11:42,131 - INFO - Completed annotation batch 190 in 92.6s (120 results)
2025-09-25 23:11:42,131 - INFO - Annotation Progress: 2280/5000 sequences (45.6%) | Elapsed: 22972.6s | ETA: 27405.9s
2025-09-25 23:11:42,131 - INFO - Starting annotation batch 191: sequences 2281-2292
2025-09-25 23:11:42,131 - INFO - Processing batch of 12 sequences with ESM2 batch embedding
2025-09-25 23:11:42,132 - INFO - Tokenizing 12 sequences...
2025-09-25 23:11:42,138 - INFO - Moving batch to device: cpu
2025-09-25 23:11:42,138 - INFO - Generating embeddings on cpu...
2025-09-25 23:13:08,823 - INFO - Embeddings generated successfully
2025-09-25 23:13:09,030 - INFO - Completed annotation batch 191 in 86.9s (120 results)
2025-09-25 23:13:09,030 - INFO - Annotation Progress: 2292/5000 sequences (45.8%) | Elapsed: 23059.5s | ETA: 27244.8s
2025-09-25 23:13:09,030 - INFO - Starting annotation batch 192: sequences 2293-2304
2025-09-25 23:13:09,030 - INFO - Processing batch of 12 sequences with ESM2 batch embedding
2025-09-25 23:13:09,030 - INFO - Tokenizing 12 sequences...
2025-09-25 23:13:09,035 - INFO - Moving batch to device: cpu
2025-09-25 23:13:09,035 - INFO - Generating embeddings on cpu...
2025-09-25 23:14:14,671 - INFO - Embeddings generated successfully
2025-09-25 23:14:14,879 - INFO - Completed annotation batch 192 in 65.8s (120 results)
2025-09-25 23:14:14,879 - INFO - Annotation Progress: 2304/5000 sequences (46.1%) | Elapsed: 23125.3s | ETA: 27059.8s
2025-09-25 23:14:14,879 - INFO - Starting annotation batch 193: sequences 2305-2316
2025-09-25 23:14:14,879 - INFO - Processing batch of 12 sequences with ESM2 batch embedding
2025-09-25 23:14:14,879 - INFO - Tokenizing 12 sequences...
2025-09-25 23:14:14,885 - INFO - Moving batch to device: cpu
2025-09-25 23:14:14,885 - INFO - Generating embeddings on cpu...
2025-09-25 23:16:28,095 - INFO - Embeddings generated successfully
2025-09-25 23:16:28,446 - INFO - Completed annotation batch 193 in 133.6s (120 results)
2025-09-25 23:16:28,447 - INFO - Annotation Progress: 2316/5000 sequences (46.3%) | Elapsed: 23258.9s | ETA: 26954.6s
2025-09-25 23:16:28,447 - INFO - Starting annotation batch 194: sequences 2317-2328
2025-09-25 23:16:28,447 - INFO - Processing batch of 12 sequences with ESM2 batch embedding
2025-09-25 23:16:28,447 - INFO - Tokenizing 12 sequences...
2025-09-25 23:16:28,452 - INFO - Moving batch to device: cpu
2025-09-25 23:16:28,452 - INFO - Generating embeddings on cpu...
2025-09-25 23:18:17,402 - INFO - Embeddings generated successfully
2025-09-25 23:18:17,753 - INFO - Completed annotation batch 194 in 109.3s (120 results)
2025-09-25 23:18:17,753 - INFO - Annotation Progress: 2328/5000 sequences (46.6%) | Elapsed: 23368.2s | ETA: 26821.2s
2025-09-25 23:18:17,753 - INFO - Starting annotation batch 195: sequences 2329-2340
2025-09-25 23:18:17,753 - INFO - Processing batch of 12 sequences with ESM2 batch embedding
2025-09-25 23:18:17,753 - INFO - Tokenizing 12 sequences...
2025-09-25 23:18:17,764 - INFO - Moving batch to device: cpu
2025-09-25 23:18:17,765 - INFO - Generating embeddings on cpu...
2025-09-25 23:21:07,788 - INFO - Embeddings generated successfully
2025-09-25 23:21:08,257 - INFO - Completed annotation batch 195 in 170.5s (120 results)
2025-09-25 23:21:08,257 - INFO - Annotation Progress: 2340/5000 sequences (46.8%) | Elapsed: 23538.7s | ETA: 26757.7s
2025-09-25 23:21:08,257 - INFO - Starting annotation batch 196: sequences 2341-2352
2025-09-25 23:21:08,257 - INFO - Processing batch of 12 sequences with ESM2 batch embedding
2025-09-25 23:21:08,257 - INFO - Tokenizing 12 sequences...
2025-09-25 23:21:08,265 - INFO - Moving batch to device: cpu
2025-09-25 23:21:08,265 - INFO - Generating embeddings on cpu...
2025-09-25 23:23:59,488 - INFO - Embeddings generated successfully
2025-09-25 23:23:59,865 - INFO - Completed annotation batch 196 in 171.6s (120 results)
2025-09-25 23:23:59,865 - INFO - Annotation Progress: 2352/5000 sequences (47.0%) | Elapsed: 23710.3s | ETA: 26694.3s
2025-09-25 23:23:59,865 - INFO - Starting annotation batch 197: sequences 2353-2364
2025-09-25 23:23:59,865 - INFO - Processing batch of 12 sequences with ESM2 batch embedding
2025-09-25 23:23:59,865 - INFO - Tokenizing 12 sequences...
2025-09-25 23:23:59,873 - INFO - Moving batch to device: cpu
2025-09-25 23:23:59,873 - INFO - Generating embeddings on cpu...
2025-09-25 23:26:52,114 - INFO - Embeddings generated successfully
2025-09-25 23:26:52,592 - INFO - Completed annotation batch 197 in 172.7s (120 results)
2025-09-25 23:26:52,592 - INFO - Annotation Progress: 2364/5000 sequences (47.3%) | Elapsed: 23883.0s | ETA: 26631.0s
2025-09-25 23:26:52,592 - INFO - Starting annotation batch 198: sequences 2365-2376
2025-09-25 23:26:52,592 - INFO - Processing batch of 12 sequences with ESM2 batch embedding
2025-09-25 23:26:52,592 - INFO - Tokenizing 12 sequences...
2025-09-25 23:26:52,597 - INFO - Moving batch to device: cpu
2025-09-25 23:26:52,598 - INFO - Generating embeddings on cpu...
2025-09-25 23:28:29,048 - INFO - Embeddings generated successfully
2025-09-25 23:28:29,402 - INFO - Completed annotation batch 198 in 96.8s (120 results)
2025-09-25 23:28:29,403 - INFO - Annotation Progress: 2376/5000 sequences (47.5%) | Elapsed: 23979.8s | ETA: 26482.8s
2025-09-25 23:28:29,403 - INFO - Starting annotation batch 199: sequences 2377-2388
2025-09-25 23:28:29,403 - INFO - Processing batch of 12 sequences with ESM2 batch embedding
2025-09-25 23:28:29,403 - INFO - Tokenizing 12 sequences...
2025-09-25 23:28:29,410 - INFO - Moving batch to device: cpu
2025-09-25 23:28:29,410 - INFO - Generating embeddings on cpu...
2025-09-25 23:31:15,684 - INFO - Embeddings generated successfully
2025-09-25 23:31:16,032 - INFO - Completed annotation batch 199 in 166.6s (120 results)
2025-09-25 23:31:16,032 - INFO - Annotation Progress: 2388/5000 sequences (47.8%) | Elapsed: 24146.5s | ETA: 26411.5s
2025-09-25 23:31:16,032 - INFO - Starting annotation batch 200: sequences 2389-2400
2025-09-25 23:31:16,033 - INFO - Processing batch of 12 sequences with ESM2 batch embedding
2025-09-25 23:31:16,033 - INFO - Tokenizing 12 sequences...
2025-09-25 23:31:16,037 - INFO - Moving batch to device: cpu
2025-09-25 23:31:16,037 - INFO - Generating embeddings on cpu...
2025-09-25 23:32:27,219 - INFO - Embeddings generated successfully
2025-09-25 23:32:27,566 - INFO - Completed annotation batch 200 in 71.5s (120 results)
2025-09-25 23:32:27,566 - INFO - Annotation Progress: 2400/5000 sequences (48.0%) | Elapsed: 24218.0s | ETA: 26236.2s
2025-09-25 23:32:27,566 - INFO - Starting annotation batch 201: sequences 2401-2412
2025-09-25 23:32:27,566 - INFO - Processing batch of 12 sequences with ESM2 batch embedding
2025-09-25 23:32:27,566 - INFO - Tokenizing 12 sequences...
2025-09-25 23:32:27,573 - INFO - Moving batch to device: cpu
2025-09-25 23:32:27,574 - INFO - Generating embeddings on cpu...
2025-09-25 23:35:18,631 - INFO - Embeddings generated successfully
2025-09-25 23:35:19,039 - INFO - Completed annotation batch 201 in 171.5s (120 results)
2025-09-25 23:35:19,039 - INFO - Annotation Progress: 2412/5000 sequences (48.2%) | Elapsed: 24389.5s | ETA: 26169.1s
2025-09-25 23:35:19,039 - INFO - Starting annotation batch 202: sequences 2413-2424
2025-09-25 23:35:19,039 - INFO - Processing batch of 12 sequences with ESM2 batch embedding
2025-09-25 23:35:19,040 - INFO - Tokenizing 12 sequences...
2025-09-25 23:35:19,047 - INFO - Moving batch to device: cpu
2025-09-25 23:35:19,048 - INFO - Generating embeddings on cpu...
2025-09-25 23:38:09,245 - INFO - Embeddings generated successfully
2025-09-25 23:38:09,726 - INFO - Completed annotation batch 202 in 170.7s (120 results)
2025-09-25 23:38:09,727 - INFO - Annotation Progress: 2424/5000 sequences (48.5%) | Elapsed: 24560.2s | ETA: 26100.2s
2025-09-25 23:38:09,727 - INFO - Starting annotation batch 203: sequences 2425-2436
2025-09-25 23:38:09,727 - INFO - Processing batch of 12 sequences with ESM2 batch embedding
2025-09-25 23:38:09,727 - INFO - Tokenizing 12 sequences...
2025-09-25 23:38:09,731 - INFO - Moving batch to device: cpu
2025-09-25 23:38:09,732 - INFO - Generating embeddings on cpu...
2025-09-25 23:39:20,467 - INFO - Embeddings generated successfully
2025-09-25 23:39:20,818 - INFO - Completed annotation batch 203 in 71.1s (120 results)
2025-09-25 23:39:20,818 - INFO - Annotation Progress: 2436/5000 sequences (48.7%) | Elapsed: 24631.3s | ETA: 25925.5s
2025-09-25 23:39:20,818 - INFO - Starting annotation batch 204: sequences 2437-2448
2025-09-25 23:39:20,818 - INFO - Processing batch of 12 sequences with ESM2 batch embedding
2025-09-25 23:39:20,818 - INFO - Tokenizing 12 sequences...
2025-09-25 23:39:20,824 - INFO - Moving batch to device: cpu
2025-09-25 23:39:20,824 - INFO - Generating embeddings on cpu...
2025-09-25 23:41:35,794 - INFO - Embeddings generated successfully
2025-09-25 23:41:36,150 - INFO - Completed annotation batch 204 in 135.3s (120 results)
2025-09-25 23:41:36,150 - INFO - Annotation Progress: 2448/5000 sequences (49.0%) | Elapsed: 24766.6s | ETA: 25818.8s
2025-09-25 23:41:36,150 - INFO - Starting annotation batch 205: sequences 2449-2460
2025-09-25 23:41:36,150 - INFO - Processing batch of 12 sequences with ESM2 batch embedding
2025-09-25 23:41:36,150 - INFO - Tokenizing 12 sequences...
2025-09-25 23:41:36,158 - INFO - Moving batch to device: cpu
2025-09-25 23:41:36,158 - INFO - Generating embeddings on cpu...
2025-09-25 23:44:29,138 - INFO - Embeddings generated successfully
2025-09-25 23:44:29,614 - INFO - Completed annotation batch 205 in 173.5s (120 results)
2025-09-25 23:44:29,614 - INFO - Annotation Progress: 2460/5000 sequences (49.2%) | Elapsed: 24940.1s | ETA: 25751.1s
2025-09-25 23:44:29,614 - INFO - Starting annotation batch 206: sequences 2461-2472
2025-09-25 23:44:29,614 - INFO - Processing batch of 12 sequences with ESM2 batch embedding
2025-09-25 23:44:29,614 - INFO - Tokenizing 12 sequences...
2025-09-25 23:44:29,622 - INFO - Moving batch to device: cpu
2025-09-25 23:44:29,622 - INFO - Generating embeddings on cpu...
2025-09-25 23:47:22,074 - INFO - Embeddings generated successfully
2025-09-25 23:47:22,432 - INFO - Completed annotation batch 206 in 172.8s (120 results)
2025-09-25 23:47:22,433 - INFO - Annotation Progress: 2472/5000 sequences (49.4%) | Elapsed: 25112.9s | ETA: 25681.8s
2025-09-25 23:47:22,433 - INFO - Starting annotation batch 207: sequences 2473-2484
2025-09-25 23:47:22,433 - INFO - Processing batch of 12 sequences with ESM2 batch embedding
2025-09-25 23:47:22,433 - INFO - Tokenizing 12 sequences...
2025-09-25 23:47:22,437 - INFO - Moving batch to device: cpu
2025-09-25 23:47:22,438 - INFO - Generating embeddings on cpu...
2025-09-25 23:49:13,824 - INFO - Embeddings generated successfully
2025-09-25 23:49:14,186 - INFO - Completed annotation batch 207 in 111.8s (120 results)
2025-09-25 23:49:14,186 - INFO - Annotation Progress: 2484/5000 sequences (49.7%) | Elapsed: 25224.6s | ETA: 25549.6s
2025-09-25 23:49:14,186 - INFO - Starting annotation batch 208: sequences 2485-2496
2025-09-25 23:49:14,186 - INFO - Processing batch of 12 sequences with ESM2 batch embedding
2025-09-25 23:49:14,186 - INFO - Tokenizing 12 sequences...
2025-09-25 23:49:14,192 - INFO - Moving batch to device: cpu
2025-09-25 23:49:14,192 - INFO - Generating embeddings on cpu...
2025-09-25 23:52:04,246 - INFO - Embeddings generated successfully
2025-09-25 23:52:04,711 - INFO - Completed annotation batch 208 in 170.5s (120 results)
2025-09-25 23:52:04,712 - INFO - Annotation Progress: 2496/5000 sequences (49.9%) | Elapsed: 25395.2s | ETA: 25476.5s
2025-09-25 23:52:04,712 - INFO - Starting annotation batch 209: sequences 2497-2508
2025-09-25 23:52:04,712 - INFO - Processing batch of 12 sequences with ESM2 batch embedding
2025-09-25 23:52:04,712 - INFO - Tokenizing 12 sequences...
2025-09-25 23:52:04,720 - INFO - Moving batch to device: cpu
2025-09-25 23:52:04,720 - INFO - Generating embeddings on cpu...
2025-09-25 23:54:58,264 - INFO - Embeddings generated successfully
2025-09-25 23:54:58,727 - INFO - Completed annotation batch 209 in 174.0s (120 results)
2025-09-25 23:54:58,727 - INFO - Annotation Progress: 2508/5000 sequences (50.2%) | Elapsed: 25569.2s | ETA: 25406.0s
2025-09-25 23:54:58,727 - INFO - Starting annotation batch 210: sequences 2509-2520
2025-09-25 23:54:58,727 - INFO - Processing batch of 12 sequences with ESM2 batch embedding
2025-09-25 23:54:58,727 - INFO - Tokenizing 12 sequences...
2025-09-25 23:54:58,732 - INFO - Moving batch to device: cpu
2025-09-25 23:54:58,732 - INFO - Generating embeddings on cpu...
2025-09-25 23:56:50,290 - INFO - Embeddings generated successfully
2025-09-25 23:56:50,647 - INFO - Completed annotation batch 210 in 111.9s (120 results)
2025-09-25 23:56:50,647 - INFO - Annotation Progress: 2520/5000 sequences (50.4%) | Elapsed: 25681.1s | ETA: 25273.5s
2025-09-25 23:56:50,647 - INFO - Starting annotation batch 211: sequences 2521-2532
2025-09-25 23:56:50,647 - INFO - Processing batch of 12 sequences with ESM2 batch embedding
2025-09-25 23:56:50,647 - INFO - Tokenizing 12 sequences...
2025-09-25 23:56:50,658 - INFO - Moving batch to device: cpu
2025-09-25 23:56:50,658 - INFO - Generating embeddings on cpu...
2025-09-25 23:59:40,641 - INFO - Embeddings generated successfully
2025-09-25 23:59:41,080 - INFO - Completed annotation batch 211 in 170.4s (120 results)
2025-09-25 23:59:41,081 - INFO - Annotation Progress: 2532/5000 sequences (50.6%) | Elapsed: 25851.5s | ETA: 25198.1s
2025-09-25 23:59:41,081 - INFO - Starting annotation batch 212: sequences 2533-2544
2025-09-25 23:59:41,081 - INFO - Processing batch of 12 sequences with ESM2 batch embedding
2025-09-25 23:59:41,081 - INFO - Tokenizing 12 sequences...
2025-09-25 23:59:41,087 - INFO - Moving batch to device: cpu
2025-09-25 23:59:41,087 - INFO - Generating embeddings on cpu...
2025-09-26 00:01:34,480 - INFO - Embeddings generated successfully
2025-09-26 00:01:34,825 - INFO - Completed annotation batch 212 in 113.7s (120 results)
2025-09-26 00:01:34,825 - INFO - Annotation Progress: 2544/5000 sequences (50.9%) | Elapsed: 25965.3s | ETA: 25067.1s
2025-09-26 00:01:34,825 - INFO - Starting annotation batch 213: sequences 2545-2556
2025-09-26 00:01:34,825 - INFO - Processing batch of 12 sequences with ESM2 batch embedding
2025-09-26 00:01:34,825 - INFO - Tokenizing 12 sequences...
2025-09-26 00:01:34,830 - INFO - Moving batch to device: cpu
2025-09-26 00:01:34,831 - INFO - Generating embeddings on cpu...
2025-09-26 00:02:59,172 - INFO - Embeddings generated successfully
2025-09-26 00:02:59,524 - INFO - Completed annotation batch 213 in 84.7s (120 results)
2025-09-26 00:02:59,524 - INFO - Annotation Progress: 2556/5000 sequences (51.1%) | Elapsed: 26050.0s | ETA: 24908.5s
2025-09-26 00:02:59,524 - INFO - Starting annotation batch 214: sequences 2557-2568
2025-09-26 00:02:59,524 - INFO - Processing batch of 12 sequences with ESM2 batch embedding
2025-09-26 00:02:59,524 - INFO - Tokenizing 12 sequences...
2025-09-26 00:02:59,531 - INFO - Moving batch to device: cpu
2025-09-26 00:02:59,531 - INFO - Generating embeddings on cpu...
2025-09-26 00:04:44,034 - INFO - Embeddings generated successfully
2025-09-26 00:04:44,391 - INFO - Completed annotation batch 214 in 104.9s (120 results)
2025-09-26 00:04:44,391 - INFO - Annotation Progress: 2568/5000 sequences (51.4%) | Elapsed: 26154.8s | ETA: 24769.7s
2025-09-26 00:04:44,391 - INFO - Starting annotation batch 215: sequences 2569-2580
2025-09-26 00:04:44,391 - INFO - Processing batch of 12 sequences with ESM2 batch embedding
2025-09-26 00:04:44,391 - INFO - Tokenizing 12 sequences...
2025-09-26 00:04:44,397 - INFO - Moving batch to device: cpu
2025-09-26 00:04:44,398 - INFO - Generating embeddings on cpu...
2025-09-26 00:07:13,199 - INFO - Embeddings generated successfully
2025-09-26 00:07:13,679 - INFO - Completed annotation batch 215 in 149.3s (120 results)
2025-09-26 00:07:13,679 - INFO - Annotation Progress: 2580/5000 sequences (51.6%) | Elapsed: 26304.1s | ETA: 24672.9s
2025-09-26 00:07:13,679 - INFO - Starting annotation batch 216: sequences 2581-2592
2025-09-26 00:07:13,679 - INFO - Processing batch of 12 sequences with ESM2 batch embedding
2025-09-26 00:07:13,679 - INFO - Tokenizing 12 sequences...
2025-09-26 00:07:13,685 - INFO - Moving batch to device: cpu
2025-09-26 00:07:13,685 - INFO - Generating embeddings on cpu...
2025-09-26 00:08:26,701 - INFO - Embeddings generated successfully
2025-09-26 00:08:27,050 - INFO - Completed annotation batch 216 in 73.4s (120 results)
2025-09-26 00:08:27,051 - INFO - Annotation Progress: 2592/5000 sequences (51.8%) | Elapsed: 26377.5s | ETA: 24505.0s
2025-09-26 00:08:27,051 - INFO - Starting annotation batch 217: sequences 2593-2604
2025-09-26 00:08:27,051 - INFO - Processing batch of 12 sequences with ESM2 batch embedding
2025-09-26 00:08:27,051 - INFO - Tokenizing 12 sequences...
2025-09-26 00:08:27,057 - INFO - Moving batch to device: cpu
2025-09-26 00:08:27,057 - INFO - Generating embeddings on cpu...
2025-09-26 00:11:18,821 - INFO - Embeddings generated successfully
2025-09-26 00:11:19,299 - INFO - Completed annotation batch 217 in 172.2s (120 results)
2025-09-26 00:11:19,299 - INFO - Annotation Progress: 2604/5000 sequences (52.1%) | Elapsed: 26549.7s | ETA: 24429.0s
2025-09-26 00:11:19,300 - INFO - Starting annotation batch 218: sequences 2605-2616
2025-09-26 00:11:19,300 - INFO - Processing batch of 12 sequences with ESM2 batch embedding
2025-09-26 00:11:19,300 - INFO - Tokenizing 12 sequences...
2025-09-26 00:11:19,307 - INFO - Moving batch to device: cpu
2025-09-26 00:11:19,308 - INFO - Generating embeddings on cpu...
2025-09-26 00:14:13,188 - INFO - Embeddings generated successfully
2025-09-26 00:14:13,582 - INFO - Completed annotation batch 218 in 174.3s (120 results)
2025-09-26 00:14:13,582 - INFO - Annotation Progress: 2616/5000 sequences (52.3%) | Elapsed: 26724.0s | ETA: 24354.0s
2025-09-26 00:14:13,582 - INFO - Starting annotation batch 219: sequences 2617-2628
2025-09-26 00:14:13,582 - INFO - Processing batch of 12 sequences with ESM2 batch embedding
2025-09-26 00:14:13,582 - INFO - Tokenizing 12 sequences...
2025-09-26 00:14:13,589 - INFO - Moving batch to device: cpu
2025-09-26 00:14:13,589 - INFO - Generating embeddings on cpu...
2025-09-26 00:16:33,675 - INFO - Embeddings generated successfully
2025-09-26 00:16:34,071 - INFO - Completed annotation batch 219 in 140.5s (120 results)
2025-09-26 00:16:34,071 - INFO - Annotation Progress: 2628/5000 sequences (52.6%) | Elapsed: 26864.5s | ETA: 24247.6s
2025-09-26 00:16:34,072 - INFO - Starting annotation batch 220: sequences 2629-2640
2025-09-26 00:16:34,072 - INFO - Processing batch of 12 sequences with ESM2 batch embedding
2025-09-26 00:16:34,072 - INFO - Tokenizing 12 sequences...
2025-09-26 00:16:34,078 - INFO - Moving batch to device: cpu
2025-09-26 00:16:34,078 - INFO - Generating embeddings on cpu...
2025-09-26 00:18:03,388 - INFO - Embeddings generated successfully
2025-09-26 00:18:03,760 - INFO - Completed annotation batch 220 in 89.7s (120 results)
2025-09-26 00:18:03,761 - INFO - Annotation Progress: 2640/5000 sequences (52.8%) | Elapsed: 26954.2s | ETA: 24095.4s
2025-09-26 00:18:03,761 - INFO - Starting annotation batch 221: sequences 2641-2652
2025-09-26 00:18:03,761 - INFO - Processing batch of 12 sequences with ESM2 batch embedding
2025-09-26 00:18:03,761 - INFO - Tokenizing 12 sequences...
2025-09-26 00:18:03,769 - INFO - Moving batch to device: cpu
2025-09-26 00:18:03,769 - INFO - Generating embeddings on cpu...
2025-09-26 00:20:56,718 - INFO - Embeddings generated successfully
2025-09-26 00:20:57,077 - INFO - Completed annotation batch 221 in 173.3s (120 results)
2025-09-26 00:20:57,078 - INFO - Annotation Progress: 2652/5000 sequences (53.0%) | Elapsed: 27127.5s | ETA: 24017.9s
2025-09-26 00:20:57,078 - INFO - Starting annotation batch 222: sequences 2653-2664
2025-09-26 00:20:57,078 - INFO - Processing batch of 12 sequences with ESM2 batch embedding
2025-09-26 00:20:57,078 - INFO - Tokenizing 12 sequences...
2025-09-26 00:20:57,084 - INFO - Moving batch to device: cpu
2025-09-26 00:20:57,084 - INFO - Generating embeddings on cpu...
2025-09-26 00:22:39,845 - INFO - Embeddings generated successfully
2025-09-26 00:22:40,196 - INFO - Completed annotation batch 222 in 103.1s (120 results)
2025-09-26 00:22:40,196 - INFO - Annotation Progress: 2664/5000 sequences (53.3%) | Elapsed: 27230.6s | ETA: 23877.9s
2025-09-26 00:22:40,196 - INFO - Starting annotation batch 223: sequences 2665-2676
2025-09-26 00:22:40,197 - INFO - Processing batch of 12 sequences with ESM2 batch embedding
2025-09-26 00:22:40,197 - INFO - Tokenizing 12 sequences...
2025-09-26 00:22:40,202 - INFO - Moving batch to device: cpu
2025-09-26 00:22:40,202 - INFO - Generating embeddings on cpu...
2025-09-26 00:24:06,643 - INFO - Embeddings generated successfully
2025-09-26 00:24:06,993 - INFO - Completed annotation batch 223 in 86.8s (120 results)
2025-09-26 00:24:06,993 - INFO - Annotation Progress: 2676/5000 sequences (53.5%) | Elapsed: 27317.4s | ETA: 23724.1s
2025-09-26 00:24:06,993 - INFO - Starting annotation batch 224: sequences 2677-2688
2025-09-26 00:24:06,994 - INFO - Processing batch of 12 sequences with ESM2 batch embedding
2025-09-26 00:24:06,994 - INFO - Tokenizing 12 sequences...
2025-09-26 00:24:07,002 - INFO - Moving batch to device: cpu
2025-09-26 00:24:07,002 - INFO - Generating embeddings on cpu...
2025-09-26 00:26:57,592 - INFO - Embeddings generated successfully
2025-09-26 00:26:58,059 - INFO - Completed annotation batch 224 in 171.1s (120 results)
2025-09-26 00:26:58,060 - INFO - Annotation Progress: 2688/5000 sequences (53.8%) | Elapsed: 27488.5s | ETA: 23643.4s
2025-09-26 00:26:58,060 - INFO - Starting annotation batch 225: sequences 2689-2700
2025-09-26 00:26:58,060 - INFO - Processing batch of 12 sequences with ESM2 batch embedding
2025-09-26 00:26:58,060 - INFO - Tokenizing 12 sequences...
2025-09-26 00:26:58,064 - INFO - Moving batch to device: cpu
2025-09-26 00:26:58,065 - INFO - Generating embeddings on cpu...
2025-09-26 00:28:17,318 - INFO - Embeddings generated successfully
2025-09-26 00:28:17,667 - INFO - Completed annotation batch 225 in 79.6s (120 results)
2025-09-26 00:28:17,667 - INFO - Annotation Progress: 2700/5000 sequences (54.0%) | Elapsed: 27568.1s | ETA: 23483.9s
2025-09-26 00:28:17,667 - INFO - Starting annotation batch 226: sequences 2701-2712
2025-09-26 00:28:17,667 - INFO - Processing batch of 12 sequences with ESM2 batch embedding
2025-09-26 00:28:17,667 - INFO - Tokenizing 12 sequences...
2025-09-26 00:28:17,672 - INFO - Moving batch to device: cpu
2025-09-26 00:28:17,673 - INFO - Generating embeddings on cpu...
2025-09-26 00:29:56,185 - INFO - Embeddings generated successfully
2025-09-26 00:29:56,539 - INFO - Completed annotation batch 226 in 98.9s (120 results)
2025-09-26 00:29:56,539 - INFO - Annotation Progress: 2712/5000 sequences (54.2%) | Elapsed: 27667.0s | ETA: 23341.5s
2025-09-26 00:29:56,539 - INFO - Starting annotation batch 227: sequences 2713-2724
2025-09-26 00:29:56,539 - INFO - Processing batch of 12 sequences with ESM2 batch embedding
2025-09-26 00:29:56,539 - INFO - Tokenizing 12 sequences...
2025-09-26 00:29:56,546 - INFO - Moving batch to device: cpu
2025-09-26 00:29:56,546 - INFO - Generating embeddings on cpu...
2025-09-26 00:32:47,821 - INFO - Embeddings generated successfully
2025-09-26 00:32:48,217 - INFO - Completed annotation batch 227 in 171.7s (120 results)
2025-09-26 00:32:48,217 - INFO - Annotation Progress: 2724/5000 sequences (54.5%) | Elapsed: 27838.7s | ETA: 23260.2s
2025-09-26 00:32:48,217 - INFO - Starting annotation batch 228: sequences 2725-2736
2025-09-26 00:32:48,217 - INFO - Processing batch of 12 sequences with ESM2 batch embedding
2025-09-26 00:32:48,217 - INFO - Tokenizing 12 sequences...
2025-09-26 00:32:48,224 - INFO - Moving batch to device: cpu
2025-09-26 00:32:48,224 - INFO - Generating embeddings on cpu...
2025-09-26 00:35:32,110 - INFO - Embeddings generated successfully
2025-09-26 00:35:32,470 - INFO - Completed annotation batch 228 in 164.3s (120 results)
2025-09-26 00:35:32,470 - INFO - Annotation Progress: 2736/5000 sequences (54.7%) | Elapsed: 28002.9s | ETA: 23172.0s
2025-09-26 00:35:32,470 - INFO - Starting annotation batch 229: sequences 2737-2748
2025-09-26 00:35:32,470 - INFO - Processing batch of 12 sequences with ESM2 batch embedding
2025-09-26 00:35:32,470 - INFO - Tokenizing 12 sequences...
2025-09-26 00:35:32,478 - INFO - Moving batch to device: cpu
2025-09-26 00:35:32,478 - INFO - Generating embeddings on cpu...
2025-09-26 00:38:25,298 - INFO - Embeddings generated successfully
2025-09-26 00:38:25,723 - INFO - Completed annotation batch 229 in 173.3s (120 results)
2025-09-26 00:38:25,724 - INFO - Annotation Progress: 2748/5000 sequences (55.0%) | Elapsed: 28176.2s | ETA: 23090.5s
2025-09-26 00:38:25,724 - INFO - Starting annotation batch 230: sequences 2749-2760
2025-09-26 00:38:25,724 - INFO - Processing batch of 12 sequences with ESM2 batch embedding
2025-09-26 00:38:25,724 - INFO - Tokenizing 12 sequences...
2025-09-26 00:38:25,730 - INFO - Moving batch to device: cpu
2025-09-26 00:38:25,730 - INFO - Generating embeddings on cpu...
2025-09-26 00:41:17,017 - INFO - Embeddings generated successfully
2025-09-26 00:41:17,495 - INFO - Completed annotation batch 230 in 171.8s (120 results)
2025-09-26 00:41:17,495 - INFO - Annotation Progress: 2760/5000 sequences (55.2%) | Elapsed: 28347.9s | ETA: 23007.0s
2025-09-26 00:41:17,495 - INFO - Starting annotation batch 231: sequences 2761-2772
2025-09-26 00:41:17,495 - INFO - Processing batch of 12 sequences with ESM2 batch embedding
2025-09-26 00:41:17,495 - INFO - Tokenizing 12 sequences...
2025-09-26 00:41:17,501 - INFO - Moving batch to device: cpu
2025-09-26 00:41:17,501 - INFO - Generating embeddings on cpu...
2025-09-26 00:42:59,163 - INFO - Embeddings generated successfully
2025-09-26 00:42:59,519 - INFO - Completed annotation batch 231 in 102.0s (120 results)
2025-09-26 00:42:59,519 - INFO - Annotation Progress: 2772/5000 sequences (55.4%) | Elapsed: 28450.0s | ETA: 22866.7s
2025-09-26 00:42:59,519 - INFO - Starting annotation batch 232: sequences 2773-2784
2025-09-26 00:42:59,519 - INFO - Processing batch of 12 sequences with ESM2 batch embedding
2025-09-26 00:42:59,520 - INFO - Tokenizing 12 sequences...
2025-09-26 00:42:59,526 - INFO - Moving batch to device: cpu
2025-09-26 00:42:59,526 - INFO - Generating embeddings on cpu...
2025-09-26 00:45:27,009 - INFO - Embeddings generated successfully
2025-09-26 00:45:27,484 - INFO - Completed annotation batch 232 in 148.0s (120 results)
2025-09-26 00:45:27,484 - INFO - Annotation Progress: 2784/5000 sequences (55.7%) | Elapsed: 28597.9s | ETA: 22763.3s
2025-09-26 00:45:27,484 - INFO - Starting annotation batch 233: sequences 2785-2796
2025-09-26 00:45:27,484 - INFO - Processing batch of 12 sequences with ESM2 batch embedding
2025-09-26 00:45:27,484 - INFO - Tokenizing 12 sequences...
2025-09-26 00:45:27,490 - INFO - Moving batch to device: cpu
2025-09-26 00:45:27,490 - INFO - Generating embeddings on cpu...
2025-09-26 00:47:06,620 - INFO - Embeddings generated successfully
2025-09-26 00:47:06,985 - INFO - Completed annotation batch 233 in 99.5s (120 results)
2025-09-26 00:47:06,985 - INFO - Annotation Progress: 2796/5000 sequences (55.9%) | Elapsed: 28697.4s | ETA: 22621.3s
2025-09-26 00:47:06,985 - INFO - Starting annotation batch 234: sequences 2797-2808
2025-09-26 00:47:06,985 - INFO - Processing batch of 12 sequences with ESM2 batch embedding
2025-09-26 00:47:06,985 - INFO - Tokenizing 12 sequences...
2025-09-26 00:47:06,991 - INFO - Moving batch to device: cpu
2025-09-26 00:47:06,991 - INFO - Generating embeddings on cpu...
2025-09-26 00:49:26,631 - INFO - Embeddings generated successfully
2025-09-26 00:49:26,984 - INFO - Completed annotation batch 234 in 140.0s (120 results)
2025-09-26 00:49:26,984 - INFO - Annotation Progress: 2808/5000 sequences (56.2%) | Elapsed: 28837.4s | ETA: 22511.3s
2025-09-26 00:49:26,984 - INFO - Starting annotation batch 235: sequences 2809-2820
2025-09-26 00:49:26,984 - INFO - Processing batch of 12 sequences with ESM2 batch embedding
2025-09-26 00:49:26,984 - INFO - Tokenizing 12 sequences...
2025-09-26 00:49:26,989 - INFO - Moving batch to device: cpu
2025-09-26 00:49:26,989 - INFO - Generating embeddings on cpu...
2025-09-26 00:51:29,702 - INFO - Embeddings generated successfully
2025-09-26 00:51:30,060 - INFO - Completed annotation batch 235 in 123.1s (120 results)
2025-09-26 00:51:30,060 - INFO - Annotation Progress: 2820/5000 sequences (56.4%) | Elapsed: 28960.5s | ETA: 22387.9s
2025-09-26 00:51:30,060 - INFO - Starting annotation batch 236: sequences 2821-2832
2025-09-26 00:51:30,060 - INFO - Processing batch of 12 sequences with ESM2 batch embedding
2025-09-26 00:51:30,060 - INFO - Tokenizing 12 sequences...
2025-09-26 00:51:30,067 - INFO - Moving batch to device: cpu
2025-09-26 00:51:30,068 - INFO - Generating embeddings on cpu...
2025-09-26 00:53:49,875 - INFO - Embeddings generated successfully
2025-09-26 00:53:50,356 - INFO - Completed annotation batch 236 in 140.3s (120 results)
2025-09-26 00:53:50,356 - INFO - Annotation Progress: 2832/5000 sequences (56.6%) | Elapsed: 29100.8s | ETA: 22277.7s
2025-09-26 00:53:50,356 - INFO - Starting annotation batch 237: sequences 2833-2844
2025-09-26 00:53:50,356 - INFO - Processing batch of 12 sequences with ESM2 batch embedding
2025-09-26 00:53:50,356 - INFO - Tokenizing 12 sequences...
2025-09-26 00:53:50,363 - INFO - Moving batch to device: cpu
2025-09-26 00:53:50,363 - INFO - Generating embeddings on cpu...
2025-09-26 00:56:42,562 - INFO - Embeddings generated successfully
2025-09-26 00:56:42,915 - INFO - Completed annotation batch 237 in 172.6s (120 results)
2025-09-26 00:56:42,915 - INFO - Annotation Progress: 2844/5000 sequences (56.9%) | Elapsed: 29273.4s | ETA: 22191.8s
2025-09-26 00:56:42,915 - INFO - Starting annotation batch 238: sequences 2845-2856
2025-09-26 00:56:42,915 - INFO - Processing batch of 12 sequences with ESM2 batch embedding
2025-09-26 00:56:42,915 - INFO - Tokenizing 12 sequences...
2025-09-26 00:56:42,920 - INFO - Moving batch to device: cpu
2025-09-26 00:56:42,921 - INFO - Generating embeddings on cpu...
2025-09-26 00:58:46,941 - INFO - Embeddings generated successfully
2025-09-26 00:58:47,299 - INFO - Completed annotation batch 238 in 124.4s (120 results)
2025-09-26 00:58:47,299 - INFO - Annotation Progress: 2856/5000 sequences (57.1%) | Elapsed: 29397.7s | ETA: 22068.9s
2025-09-26 00:58:47,299 - INFO - Starting annotation batch 239: sequences 2857-2868
2025-09-26 00:58:47,299 - INFO - Processing batch of 12 sequences with ESM2 batch embedding
2025-09-26 00:58:47,299 - INFO - Tokenizing 12 sequences...
2025-09-26 00:58:47,304 - INFO - Moving batch to device: cpu
2025-09-26 00:58:47,304 - INFO - Generating embeddings on cpu...
2025-09-26 01:00:13,200 - INFO - Embeddings generated successfully
2025-09-26 01:00:13,567 - INFO - Completed annotation batch 239 in 86.3s (120 results)
2025-09-26 01:00:13,567 - INFO - Annotation Progress: 2868/5000 sequences (57.4%) | Elapsed: 29484.0s | ETA: 21917.7s
2025-09-26 01:00:13,567 - INFO - Starting annotation batch 240: sequences 2869-2880
2025-09-26 01:00:13,567 - INFO - Processing batch of 12 sequences with ESM2 batch embedding
2025-09-26 01:00:13,568 - INFO - Tokenizing 12 sequences...
2025-09-26 01:00:13,573 - INFO - Moving batch to device: cpu
2025-09-26 01:00:13,573 - INFO - Generating embeddings on cpu...
2025-09-26 01:01:46,801 - INFO - Embeddings generated successfully
2025-09-26 01:01:47,154 - INFO - Completed annotation batch 240 in 93.6s (120 results)
2025-09-26 01:01:47,154 - INFO - Annotation Progress: 2880/5000 sequences (57.6%) | Elapsed: 29577.6s | ETA: 21772.4s
2025-09-26 01:01:47,154 - INFO - Starting annotation batch 241: sequences 2881-2892
2025-09-26 01:01:47,154 - INFO - Processing batch of 12 sequences with ESM2 batch embedding
2025-09-26 01:01:47,154 - INFO - Tokenizing 12 sequences...
2025-09-26 01:01:47,159 - INFO - Moving batch to device: cpu
2025-09-26 01:01:47,159 - INFO - Generating embeddings on cpu...
2025-09-26 01:03:43,535 - INFO - Embeddings generated successfully
2025-09-26 01:03:43,893 - INFO - Completed annotation batch 241 in 116.7s (120 results)
2025-09-26 01:03:43,893 - INFO - Annotation Progress: 2892/5000 sequences (57.8%) | Elapsed: 29694.3s | ETA: 21644.4s
2025-09-26 01:03:43,893 - INFO - Starting annotation batch 242: sequences 2893-2904
2025-09-26 01:03:43,893 - INFO - Processing batch of 12 sequences with ESM2 batch embedding
2025-09-26 01:03:43,893 - INFO - Tokenizing 12 sequences...
2025-09-26 01:03:43,898 - INFO - Moving batch to device: cpu
2025-09-26 01:03:43,898 - INFO - Generating embeddings on cpu...
2025-09-26 01:05:22,267 - INFO - Embeddings generated successfully
2025-09-26 01:05:22,623 - INFO - Completed annotation batch 242 in 98.7s (120 results)
2025-09-26 01:05:22,623 - INFO - Annotation Progress: 2904/5000 sequences (58.1%) | Elapsed: 29793.1s | ETA: 21503.5s
2025-09-26 01:05:22,623 - INFO - Starting annotation batch 243: sequences 2905-2916
2025-09-26 01:05:22,623 - INFO - Processing batch of 12 sequences with ESM2 batch embedding
2025-09-26 01:05:22,623 - INFO - Tokenizing 12 sequences...
2025-09-26 01:05:22,628 - INFO - Moving batch to device: cpu
2025-09-26 01:05:22,628 - INFO - Generating embeddings on cpu...
2025-09-26 01:08:01,091 - INFO - Embeddings generated successfully
2025-09-26 01:08:01,579 - INFO - Completed annotation batch 243 in 159.0s (120 results)
2025-09-26 01:08:01,579 - INFO - Annotation Progress: 2916/5000 sequences (58.3%) | Elapsed: 29952.0s | ETA: 21406.0s
2025-09-26 01:08:01,579 - INFO - Starting annotation batch 244: sequences 2917-2928
2025-09-26 01:08:01,579 - INFO - Processing batch of 12 sequences with ESM2 batch embedding
2025-09-26 01:08:01,579 - INFO - Tokenizing 12 sequences...
2025-09-26 01:08:01,585 - INFO - Moving batch to device: cpu
2025-09-26 01:08:01,586 - INFO - Generating embeddings on cpu...
2025-09-26 01:10:11,424 - INFO - Embeddings generated successfully
2025-09-26 01:10:11,813 - INFO - Completed annotation batch 244 in 130.2s (120 results)
2025-09-26 01:10:11,813 - INFO - Annotation Progress: 2928/5000 sequences (58.6%) | Elapsed: 30082.3s | ETA: 21287.7s
2025-09-26 01:10:11,813 - INFO - Starting annotation batch 245: sequences 2929-2940
2025-09-26 01:10:11,813 - INFO - Processing batch of 12 sequences with ESM2 batch embedding
2025-09-26 01:10:11,813 - INFO - Tokenizing 12 sequences...
2025-09-26 01:10:11,819 - INFO - Moving batch to device: cpu
2025-09-26 01:10:11,820 - INFO - Generating embeddings on cpu...
2025-09-26 01:11:47,159 - INFO - Embeddings generated successfully
2025-09-26 01:11:47,512 - INFO - Completed annotation batch 245 in 95.7s (120 results)
2025-09-26 01:11:47,512 - INFO - Annotation Progress: 2940/5000 sequences (58.8%) | Elapsed: 30178.0s | ETA: 21145.1s
2025-09-26 01:11:47,512 - INFO - Starting annotation batch 246: sequences 2941-2952
2025-09-26 01:11:47,512 - INFO - Processing batch of 12 sequences with ESM2 batch embedding
2025-09-26 01:11:47,512 - INFO - Tokenizing 12 sequences...
2025-09-26 01:11:47,518 - INFO - Moving batch to device: cpu
2025-09-26 01:11:47,518 - INFO - Generating embeddings on cpu...
2025-09-26 01:14:24,571 - INFO - Embeddings generated successfully
2025-09-26 01:14:24,987 - INFO - Completed annotation batch 246 in 157.5s (120 results)
2025-09-26 01:14:24,987 - INFO - Annotation Progress: 2952/5000 sequences (59.0%) | Elapsed: 30335.4s | ETA: 21045.7s
2025-09-26 01:14:24,988 - INFO - Starting annotation batch 247: sequences 2953-2964
2025-09-26 01:14:24,988 - INFO - Processing batch of 12 sequences with ESM2 batch embedding
2025-09-26 01:14:24,988 - INFO - Tokenizing 12 sequences...
2025-09-26 01:14:24,993 - INFO - Moving batch to device: cpu
2025-09-26 01:14:24,993 - INFO - Generating embeddings on cpu...
2025-09-26 01:15:55,708 - INFO - Embeddings generated successfully
2025-09-26 01:15:56,070 - INFO - Completed annotation batch 247 in 91.1s (120 results)
2025-09-26 01:15:56,071 - INFO - Annotation Progress: 2964/5000 sequences (59.3%) | Elapsed: 30426.5s | ETA: 20900.3s
2025-09-26 01:15:56,071 - INFO - Starting annotation batch 248: sequences 2965-2976
2025-09-26 01:15:56,071 - INFO - Processing batch of 12 sequences with ESM2 batch embedding
2025-09-26 01:15:56,071 - INFO - Tokenizing 12 sequences...
2025-09-26 01:15:56,078 - INFO - Moving batch to device: cpu
2025-09-26 01:15:56,078 - INFO - Generating embeddings on cpu...
2025-09-26 01:17:50,699 - INFO - Embeddings generated successfully
2025-09-26 01:17:51,058 - INFO - Completed annotation batch 248 in 115.0s (120 results)
2025-09-26 01:17:51,058 - INFO - Annotation Progress: 2976/5000 sequences (59.5%) | Elapsed: 30541.5s | ETA: 20771.5s
2025-09-26 01:17:51,058 - INFO - Starting annotation batch 249: sequences 2977-2988
2025-09-26 01:17:51,058 - INFO - Processing batch of 12 sequences with ESM2 batch embedding
2025-09-26 01:17:51,059 - INFO - Tokenizing 12 sequences...
2025-09-26 01:17:51,066 - INFO - Moving batch to device: cpu
2025-09-26 01:17:51,066 - INFO - Generating embeddings on cpu...
2025-09-26 01:20:43,804 - INFO - Embeddings generated successfully
2025-09-26 01:20:44,158 - INFO - Completed annotation batch 249 in 173.1s (120 results)
2025-09-26 01:20:44,158 - INFO - Annotation Progress: 2988/5000 sequences (59.8%) | Elapsed: 30714.6s | ETA: 20682.0s
2025-09-26 01:20:44,158 - INFO - Starting annotation batch 250: sequences 2989-3000
2025-09-26 01:20:44,158 - INFO - Processing batch of 12 sequences with ESM2 batch embedding
2025-09-26 01:20:44,158 - INFO - Tokenizing 12 sequences...
2025-09-26 01:20:44,165 - INFO - Moving batch to device: cpu
2025-09-26 01:20:44,166 - INFO - Generating embeddings on cpu...
2025-09-26 01:23:35,768 - INFO - Embeddings generated successfully
2025-09-26 01:23:36,224 - INFO - Completed annotation batch 250 in 172.1s (120 results)
2025-09-26 01:23:36,224 - INFO - Annotation Progress: 3000/5000 sequences (60.0%) | Elapsed: 30886.7s | ETA: 20591.1s
2025-09-26 01:23:36,224 - INFO - Starting annotation batch 251: sequences 3001-3012
2025-09-26 01:23:36,224 - INFO - Processing batch of 12 sequences with ESM2 batch embedding
2025-09-26 01:23:36,224 - INFO - Tokenizing 12 sequences...
2025-09-26 01:23:36,232 - INFO - Moving batch to device: cpu
2025-09-26 01:23:36,232 - INFO - Generating embeddings on cpu...
2025-09-26 01:26:28,838 - INFO - Embeddings generated successfully
2025-09-26 01:26:29,236 - INFO - Completed annotation batch 251 in 173.0s (120 results)
2025-09-26 01:26:29,237 - INFO - Annotation Progress: 3012/5000 sequences (60.2%) | Elapsed: 31059.7s | ETA: 20500.2s
2025-09-26 01:26:29,237 - INFO - Starting annotation batch 252: sequences 3013-3024
2025-09-26 01:26:29,237 - INFO - Processing batch of 12 sequences with ESM2 batch embedding
2025-09-26 01:26:29,237 - INFO - Tokenizing 12 sequences...
2025-09-26 01:26:29,246 - INFO - Moving batch to device: cpu
2025-09-26 01:26:29,246 - INFO - Generating embeddings on cpu...
2025-09-26 01:29:23,845 - INFO - Embeddings generated successfully
2025-09-26 01:29:24,339 - INFO - Completed annotation batch 252 in 175.1s (120 results)
2025-09-26 01:29:24,339 - INFO - Annotation Progress: 3024/5000 sequences (60.5%) | Elapsed: 31234.8s | ETA: 20410.0s
2025-09-26 01:29:24,339 - INFO - Starting annotation batch 253: sequences 3025-3036
2025-09-26 01:29:24,339 - INFO - Processing batch of 12 sequences with ESM2 batch embedding
2025-09-26 01:29:24,340 - INFO - Tokenizing 12 sequences...
2025-09-26 01:29:24,346 - INFO - Moving batch to device: cpu
2025-09-26 01:29:24,346 - INFO - Generating embeddings on cpu...
2025-09-26 01:31:29,137 - INFO - Embeddings generated successfully
2025-09-26 01:31:29,498 - INFO - Completed annotation batch 253 in 125.2s (120 results)
2025-09-26 01:31:29,498 - INFO - Annotation Progress: 3036/5000 sequences (60.7%) | Elapsed: 31359.9s | ETA: 20286.9s
2025-09-26 01:31:29,498 - INFO - Starting annotation batch 254: sequences 3037-3048
2025-09-26 01:31:29,498 - INFO - Processing batch of 12 sequences with ESM2 batch embedding
2025-09-26 01:31:29,498 - INFO - Tokenizing 12 sequences...
2025-09-26 01:31:29,506 - INFO - Moving batch to device: cpu
2025-09-26 01:31:29,506 - INFO - Generating embeddings on cpu...
2025-09-26 01:33:42,698 - INFO - Embeddings generated successfully
2025-09-26 01:33:43,057 - INFO - Completed annotation batch 254 in 133.6s (120 results)
2025-09-26 01:33:43,057 - INFO - Annotation Progress: 3048/5000 sequences (61.0%) | Elapsed: 31493.5s | ETA: 20169.1s
2025-09-26 01:33:43,057 - INFO - Starting annotation batch 255: sequences 3049-3060
2025-09-26 01:33:43,057 - INFO - Processing batch of 12 sequences with ESM2 batch embedding
2025-09-26 01:33:43,057 - INFO - Tokenizing 12 sequences...
2025-09-26 01:33:43,062 - INFO - Moving batch to device: cpu
2025-09-26 01:33:43,062 - INFO - Generating embeddings on cpu...
2025-09-26 01:35:32,808 - INFO - Embeddings generated successfully
2025-09-26 01:35:33,177 - INFO - Completed annotation batch 255 in 110.1s (120 results)
2025-09-26 01:35:33,177 - INFO - Annotation Progress: 3060/5000 sequences (61.2%) | Elapsed: 31603.6s | ETA: 20036.3s
2025-09-26 01:35:33,177 - INFO - Starting annotation batch 256: sequences 3061-3072
2025-09-26 01:35:33,177 - INFO - Processing batch of 12 sequences with ESM2 batch embedding
2025-09-26 01:35:33,177 - INFO - Tokenizing 12 sequences...
2025-09-26 01:35:33,184 - INFO - Moving batch to device: cpu
2025-09-26 01:35:33,184 - INFO - Generating embeddings on cpu...
2025-09-26 01:38:23,581 - INFO - Embeddings generated successfully
2025-09-26 01:38:23,957 - INFO - Completed annotation batch 256 in 170.8s (120 results)
2025-09-26 01:38:23,957 - INFO - Annotation Progress: 3072/5000 sequences (61.4%) | Elapsed: 31774.4s | ETA: 19941.7s
2025-09-26 01:38:23,957 - INFO - Starting annotation batch 257: sequences 3073-3084
2025-09-26 01:38:23,957 - INFO - Processing batch of 12 sequences with ESM2 batch embedding
2025-09-26 01:38:23,957 - INFO - Tokenizing 12 sequences...
2025-09-26 01:38:23,962 - INFO - Moving batch to device: cpu
2025-09-26 01:38:23,962 - INFO - Generating embeddings on cpu...
2025-09-26 01:39:30,635 - INFO - Embeddings generated successfully
2025-09-26 01:39:30,970 - INFO - Completed annotation batch 257 in 67.0s (120 results)
2025-09-26 01:39:30,971 - INFO - Annotation Progress: 3084/5000 sequences (61.7%) | Elapsed: 31841.4s | ETA: 19782.1s
2025-09-26 01:39:30,971 - INFO - Starting annotation batch 258: sequences 3085-3096
2025-09-26 01:39:30,971 - INFO - Processing batch of 12 sequences with ESM2 batch embedding
2025-09-26 01:39:30,971 - INFO - Tokenizing 12 sequences...
2025-09-26 01:39:30,977 - INFO - Moving batch to device: cpu
2025-09-26 01:39:30,977 - INFO - Generating embeddings on cpu...
2025-09-26 01:42:18,741 - INFO - Embeddings generated successfully
2025-09-26 01:42:19,215 - INFO - Completed annotation batch 258 in 168.2s (120 results)
2025-09-26 01:42:19,215 - INFO - Annotation Progress: 3096/5000 sequences (61.9%) | Elapsed: 32009.7s | ETA: 19685.5s
2025-09-26 01:42:19,215 - INFO - Starting annotation batch 259: sequences 3097-3108
2025-09-26 01:42:19,215 - INFO - Processing batch of 12 sequences with ESM2 batch embedding
2025-09-26 01:42:19,215 - INFO - Tokenizing 12 sequences...
2025-09-26 01:42:19,221 - INFO - Moving batch to device: cpu
2025-09-26 01:42:19,222 - INFO - Generating embeddings on cpu...
2025-09-26 01:45:09,111 - INFO - Embeddings generated successfully
2025-09-26 01:45:09,465 - INFO - Completed annotation batch 259 in 170.2s (120 results)
2025-09-26 01:45:09,465 - INFO - Annotation Progress: 3108/5000 sequences (62.2%) | Elapsed: 32179.9s | ETA: 19589.6s
2025-09-26 01:45:09,465 - INFO - Starting annotation batch 260: sequences 3109-3120
2025-09-26 01:45:09,465 - INFO - Processing batch of 12 sequences with ESM2 batch embedding
2025-09-26 01:45:09,465 - INFO - Tokenizing 12 sequences...
2025-09-26 01:45:09,469 - INFO - Moving batch to device: cpu
2025-09-26 01:45:09,469 - INFO - Generating embeddings on cpu...
2025-09-26 01:46:27,346 - INFO - Embeddings generated successfully
2025-09-26 01:46:27,701 - INFO - Completed annotation batch 260 in 78.2s (120 results)
2025-09-26 01:46:27,701 - INFO - Annotation Progress: 3120/5000 sequences (62.4%) | Elapsed: 32258.1s | ETA: 19437.6s
2025-09-26 01:46:27,701 - INFO - Starting annotation batch 261: sequences 3121-3132
2025-09-26 01:46:27,701 - INFO - Processing batch of 12 sequences with ESM2 batch embedding
2025-09-26 01:46:27,701 - INFO - Tokenizing 12 sequences...
2025-09-26 01:46:27,710 - INFO - Moving batch to device: cpu
2025-09-26 01:46:27,711 - INFO - Generating embeddings on cpu...
2025-09-26 01:49:20,940 - INFO - Embeddings generated successfully
2025-09-26 01:49:21,309 - INFO - Completed annotation batch 261 in 173.6s (120 results)
2025-09-26 01:49:21,309 - INFO - Annotation Progress: 3132/5000 sequences (62.6%) | Elapsed: 32431.8s | ETA: 19343.1s
2025-09-26 01:49:21,309 - INFO - Starting annotation batch 262: sequences 3133-3144
2025-09-26 01:49:21,309 - INFO - Processing batch of 12 sequences with ESM2 batch embedding
2025-09-26 01:49:21,309 - INFO - Tokenizing 12 sequences...
2025-09-26 01:49:21,314 - INFO - Moving batch to device: cpu
2025-09-26 01:49:21,315 - INFO - Generating embeddings on cpu...
2025-09-26 01:50:37,464 - INFO - Embeddings generated successfully
2025-09-26 01:50:37,802 - INFO - Completed annotation batch 262 in 76.5s (120 results)
2025-09-26 01:50:37,802 - INFO - Annotation Progress: 3144/5000 sequences (62.9%) | Elapsed: 32508.2s | ETA: 19190.6s
2025-09-26 01:50:37,802 - INFO - Starting annotation batch 263: sequences 3145-3156
2025-09-26 01:50:37,802 - INFO - Processing batch of 12 sequences with ESM2 batch embedding
2025-09-26 01:50:37,802 - INFO - Tokenizing 12 sequences...
2025-09-26 01:50:37,808 - INFO - Moving batch to device: cpu
2025-09-26 01:50:37,808 - INFO - Generating embeddings on cpu...
2025-09-26 01:52:37,423 - INFO - Embeddings generated successfully
2025-09-26 01:52:37,801 - INFO - Completed annotation batch 263 in 120.0s (120 results)
2025-09-26 01:52:37,801 - INFO - Annotation Progress: 3156/5000 sequences (63.1%) | Elapsed: 32628.2s | ETA: 19064.2s
2025-09-26 01:52:37,801 - INFO - Starting annotation batch 264: sequences 3157-3168
2025-09-26 01:52:37,801 - INFO - Processing batch of 12 sequences with ESM2 batch embedding
2025-09-26 01:52:37,802 - INFO - Tokenizing 12 sequences...
2025-09-26 01:52:37,809 - INFO - Moving batch to device: cpu
2025-09-26 01:52:37,809 - INFO - Generating embeddings on cpu...
2025-09-26 01:55:28,302 - INFO - Embeddings generated successfully
2025-09-26 01:55:28,684 - INFO - Completed annotation batch 264 in 170.9s (120 results)
2025-09-26 01:55:28,684 - INFO - Annotation Progress: 3168/5000 sequences (63.4%) | Elapsed: 32799.1s | ETA: 18967.2s
2025-09-26 01:55:28,684 - INFO - Starting annotation batch 265: sequences 3169-3180
2025-09-26 01:55:28,684 - INFO - Processing batch of 12 sequences with ESM2 batch embedding
2025-09-26 01:55:28,684 - INFO - Tokenizing 12 sequences...
2025-09-26 01:55:28,694 - INFO - Moving batch to device: cpu
2025-09-26 01:55:28,694 - INFO - Generating embeddings on cpu...
2025-09-26 01:58:18,437 - INFO - Embeddings generated successfully
2025-09-26 01:58:18,900 - INFO - Completed annotation batch 265 in 170.2s (120 results)
2025-09-26 01:58:18,901 - INFO - Annotation Progress: 3180/5000 sequences (63.6%) | Elapsed: 32969.3s | ETA: 18869.2s
2025-09-26 01:58:18,901 - INFO - Starting annotation batch 266: sequences 3181-3192
2025-09-26 01:58:18,901 - INFO - Processing batch of 12 sequences with ESM2 batch embedding
2025-09-26 01:58:18,901 - INFO - Tokenizing 12 sequences...
2025-09-26 01:58:18,907 - INFO - Moving batch to device: cpu
2025-09-26 01:58:18,908 - INFO - Generating embeddings on cpu...
2025-09-26 01:59:53,701 - INFO - Embeddings generated successfully
2025-09-26 01:59:54,052 - INFO - Completed annotation batch 266 in 95.2s (120 results)
2025-09-26 01:59:54,053 - INFO - Annotation Progress: 3192/5000 sequences (63.8%) | Elapsed: 33064.5s | ETA: 18728.3s
2025-09-26 01:59:54,053 - INFO - Starting annotation batch 267: sequences 3193-3204
2025-09-26 01:59:54,053 - INFO - Processing batch of 12 sequences with ESM2 batch embedding
2025-09-26 01:59:54,053 - INFO - Tokenizing 12 sequences...
2025-09-26 01:59:54,059 - INFO - Moving batch to device: cpu
2025-09-26 01:59:54,059 - INFO - Generating embeddings on cpu...
2025-09-26 02:02:41,526 - INFO - Embeddings generated successfully
2025-09-26 02:02:41,882 - INFO - Completed annotation batch 267 in 167.8s (120 results)
2025-09-26 02:02:41,882 - INFO - Annotation Progress: 3204/5000 sequences (64.1%) | Elapsed: 33232.3s | ETA: 18628.4s
2025-09-26 02:02:41,882 - INFO - Starting annotation batch 268: sequences 3205-3216
2025-09-26 02:02:41,882 - INFO - Processing batch of 12 sequences with ESM2 batch embedding
2025-09-26 02:02:41,882 - INFO - Tokenizing 12 sequences...
2025-09-26 02:02:41,888 - INFO - Moving batch to device: cpu
2025-09-26 02:02:41,888 - INFO - Generating embeddings on cpu...
2025-09-26 02:05:24,395 - INFO - Embeddings generated successfully
2025-09-26 02:05:24,743 - INFO - Completed annotation batch 268 in 162.9s (120 results)
2025-09-26 02:05:24,744 - INFO - Annotation Progress: 3216/5000 sequences (64.3%) | Elapsed: 33395.2s | ETA: 18525.2s
2025-09-26 02:05:24,744 - INFO - Starting annotation batch 269: sequences 3217-3228
2025-09-26 02:05:24,744 - INFO - Processing batch of 12 sequences with ESM2 batch embedding
2025-09-26 02:05:24,744 - INFO - Tokenizing 12 sequences...
2025-09-26 02:05:24,751 - INFO - Moving batch to device: cpu
2025-09-26 02:05:24,751 - INFO - Generating embeddings on cpu...
2025-09-26 02:08:18,587 - INFO - Embeddings generated successfully
2025-09-26 02:08:19,060 - INFO - Completed annotation batch 269 in 174.3s (120 results)
2025-09-26 02:08:19,060 - INFO - Annotation Progress: 3228/5000 sequences (64.6%) | Elapsed: 33569.5s | ETA: 18427.9s
2025-09-26 02:08:19,060 - INFO - Starting annotation batch 270: sequences 3229-3240
2025-09-26 02:08:19,060 - INFO - Processing batch of 12 sequences with ESM2 batch embedding
2025-09-26 02:08:19,061 - INFO - Tokenizing 12 sequences...
2025-09-26 02:08:19,067 - INFO - Moving batch to device: cpu
2025-09-26 02:08:19,068 - INFO - Generating embeddings on cpu...
2025-09-26 02:09:48,672 - INFO - Embeddings generated successfully
2025-09-26 02:09:49,033 - INFO - Completed annotation batch 270 in 90.0s (120 results)
2025-09-26 02:09:49,033 - INFO - Annotation Progress: 3240/5000 sequences (64.8%) | Elapsed: 33659.5s | ETA: 18284.2s
2025-09-26 02:09:49,033 - INFO - Starting annotation batch 271: sequences 3241-3252
2025-09-26 02:09:49,033 - INFO - Processing batch of 12 sequences with ESM2 batch embedding
2025-09-26 02:09:49,033 - INFO - Tokenizing 12 sequences...
2025-09-26 02:09:49,038 - INFO - Moving batch to device: cpu
2025-09-26 02:09:49,038 - INFO - Generating embeddings on cpu...
2025-09-26 02:10:53,408 - INFO - Embeddings generated successfully
2025-09-26 02:10:53,756 - INFO - Completed annotation batch 271 in 64.7s (120 results)
2025-09-26 02:10:53,756 - INFO - Annotation Progress: 3252/5000 sequences (65.0%) | Elapsed: 33724.2s | ETA: 18127.3s
2025-09-26 02:10:53,756 - INFO - Starting annotation batch 272: sequences 3253-3264
2025-09-26 02:10:53,756 - INFO - Processing batch of 12 sequences with ESM2 batch embedding
2025-09-26 02:10:53,756 - INFO - Tokenizing 12 sequences...
2025-09-26 02:10:53,763 - INFO - Moving batch to device: cpu
2025-09-26 02:10:53,763 - INFO - Generating embeddings on cpu...
2025-09-26 02:13:42,667 - INFO - Embeddings generated successfully
2025-09-26 02:13:43,031 - INFO - Completed annotation batch 272 in 169.3s (120 results)
2025-09-26 02:13:43,031 - INFO - Annotation Progress: 3264/5000 sequences (65.3%) | Elapsed: 33893.5s | ETA: 18026.7s
2025-09-26 02:13:43,031 - INFO - Starting annotation batch 273: sequences 3265-3276
2025-09-26 02:13:43,031 - INFO - Processing batch of 12 sequences with ESM2 batch embedding
2025-09-26 02:13:43,031 - INFO - Tokenizing 12 sequences...
2025-09-26 02:13:43,035 - INFO - Moving batch to device: cpu
2025-09-26 02:13:43,035 - INFO - Generating embeddings on cpu...
2025-09-26 02:15:26,227 - INFO - Embeddings generated successfully
2025-09-26 02:15:26,618 - INFO - Completed annotation batch 273 in 103.6s (120 results)
2025-09-26 02:15:26,618 - INFO - Annotation Progress: 3276/5000 sequences (65.5%) | Elapsed: 33997.1s | ETA: 17891.0s
2025-09-26 02:15:26,618 - INFO - Starting annotation batch 274: sequences 3277-3288
2025-09-26 02:15:26,618 - INFO - Processing batch of 12 sequences with ESM2 batch embedding
2025-09-26 02:15:26,618 - INFO - Tokenizing 12 sequences...
2025-09-26 02:15:26,623 - INFO - Moving batch to device: cpu
2025-09-26 02:15:26,623 - INFO - Generating embeddings on cpu...
2025-09-26 02:17:13,925 - INFO - Embeddings generated successfully
2025-09-26 02:17:14,296 - INFO - Completed annotation batch 274 in 107.7s (120 results)
2025-09-26 02:17:14,297 - INFO - Annotation Progress: 3288/5000 sequences (65.8%) | Elapsed: 34104.7s | ETA: 17757.7s
2025-09-26 02:17:14,297 - INFO - Starting annotation batch 275: sequences 3289-3300
2025-09-26 02:17:14,297 - INFO - Processing batch of 12 sequences with ESM2 batch embedding
2025-09-26 02:17:14,297 - INFO - Tokenizing 12 sequences...
2025-09-26 02:17:14,305 - INFO - Moving batch to device: cpu
2025-09-26 02:17:14,305 - INFO - Generating embeddings on cpu...
2025-09-26 02:20:02,776 - INFO - Embeddings generated successfully
2025-09-26 02:20:03,363 - INFO - Completed annotation batch 275 in 169.1s (120 results)
2025-09-26 02:20:03,364 - INFO - Annotation Progress: 3300/5000 sequences (66.0%) | Elapsed: 34273.8s | ETA: 17656.2s
2025-09-26 02:20:03,364 - INFO - Starting annotation batch 276: sequences 3301-3312
2025-09-26 02:20:03,364 - INFO - Processing batch of 12 sequences with ESM2 batch embedding
2025-09-26 02:20:03,364 - INFO - Tokenizing 12 sequences...
2025-09-26 02:20:03,369 - INFO - Moving batch to device: cpu
2025-09-26 02:20:03,369 - INFO - Generating embeddings on cpu...
2025-09-26 02:21:14,293 - INFO - Embeddings generated successfully
2025-09-26 02:21:14,646 - INFO - Completed annotation batch 276 in 71.3s (120 results)
2025-09-26 02:21:14,646 - INFO - Annotation Progress: 3312/5000 sequences (66.2%) | Elapsed: 34345.1s | ETA: 17504.4s
2025-09-26 02:21:14,646 - INFO - Starting annotation batch 277: sequences 3313-3324
2025-09-26 02:21:14,646 - INFO - Processing batch of 12 sequences with ESM2 batch embedding
2025-09-26 02:21:14,646 - INFO - Tokenizing 12 sequences...
2025-09-26 02:21:14,652 - INFO - Moving batch to device: cpu
2025-09-26 02:21:14,652 - INFO - Generating embeddings on cpu...
2025-09-26 02:22:39,905 - INFO - Embeddings generated successfully
2025-09-26 02:22:40,261 - INFO - Completed annotation batch 277 in 85.6s (120 results)
2025-09-26 02:22:40,261 - INFO - Annotation Progress: 3324/5000 sequences (66.5%) | Elapsed: 34430.7s | ETA: 17360.4s
2025-09-26 02:22:40,261 - INFO - Starting annotation batch 278: sequences 3325-3336
2025-09-26 02:22:40,261 - INFO - Processing batch of 12 sequences with ESM2 batch embedding
2025-09-26 02:22:40,261 - INFO - Tokenizing 12 sequences...
2025-09-26 02:22:40,265 - INFO - Moving batch to device: cpu
2025-09-26 02:22:40,266 - INFO - Generating embeddings on cpu...
2025-09-26 02:23:52,128 - INFO - Embeddings generated successfully
2025-09-26 02:23:52,477 - INFO - Completed annotation batch 278 in 72.2s (120 results)
2025-09-26 02:23:52,478 - INFO - Annotation Progress: 3336/5000 sequences (66.7%) | Elapsed: 34502.9s | ETA: 17210.1s
2025-09-26 02:23:52,478 - INFO - Starting annotation batch 279: sequences 3337-3348
2025-09-26 02:23:52,478 - INFO - Processing batch of 12 sequences with ESM2 batch embedding
2025-09-26 02:23:52,478 - INFO - Tokenizing 12 sequences...
2025-09-26 02:23:52,483 - INFO - Moving batch to device: cpu
2025-09-26 02:23:52,483 - INFO - Generating embeddings on cpu...
2025-09-26 02:26:42,151 - INFO - Embeddings generated successfully
2025-09-26 02:26:42,613 - INFO - Completed annotation batch 279 in 170.1s (120 results)
2025-09-26 02:26:42,613 - INFO - Annotation Progress: 3348/5000 sequences (67.0%) | Elapsed: 34673.1s | ETA: 17108.7s
2025-09-26 02:26:42,613 - INFO - Starting annotation batch 280: sequences 3349-3360
2025-09-26 02:26:42,613 - INFO - Processing batch of 12 sequences with ESM2 batch embedding
2025-09-26 02:26:42,613 - INFO - Tokenizing 12 sequences...
2025-09-26 02:26:42,621 - INFO - Moving batch to device: cpu
2025-09-26 02:26:42,622 - INFO - Generating embeddings on cpu...
2025-09-26 02:29:32,809 - INFO - Embeddings generated successfully
2025-09-26 02:29:33,170 - INFO - Completed annotation batch 280 in 170.6s (120 results)
2025-09-26 02:29:33,170 - INFO - Annotation Progress: 3360/5000 sequences (67.2%) | Elapsed: 34843.6s | ETA: 17007.0s
2025-09-26 02:29:33,170 - INFO - Starting annotation batch 281: sequences 3361-3372
2025-09-26 02:29:33,170 - INFO - Processing batch of 12 sequences with ESM2 batch embedding
2025-09-26 02:29:33,170 - INFO - Tokenizing 12 sequences...
2025-09-26 02:29:33,179 - INFO - Moving batch to device: cpu
2025-09-26 02:29:33,179 - INFO - Generating embeddings on cpu...
2025-09-26 02:32:21,809 - INFO - Embeddings generated successfully
2025-09-26 02:32:22,280 - INFO - Completed annotation batch 281 in 169.1s (120 results)
2025-09-26 02:32:22,281 - INFO - Annotation Progress: 3372/5000 sequences (67.4%) | Elapsed: 35012.7s | ETA: 16904.1s
2025-09-26 02:32:22,281 - INFO - Starting annotation batch 282: sequences 3373-3384
2025-09-26 02:32:22,281 - INFO - Processing batch of 12 sequences with ESM2 batch embedding
2025-09-26 02:32:22,281 - INFO - Tokenizing 12 sequences...
2025-09-26 02:32:22,289 - INFO - Moving batch to device: cpu
2025-09-26 02:32:22,289 - INFO - Generating embeddings on cpu...
2025-09-26 02:35:13,031 - INFO - Embeddings generated successfully
2025-09-26 02:35:13,391 - INFO - Completed annotation batch 282 in 171.1s (120 results)
2025-09-26 02:35:13,391 - INFO - Annotation Progress: 3384/5000 sequences (67.7%) | Elapsed: 35183.8s | ETA: 16801.7s
2025-09-26 02:35:13,391 - INFO - Starting annotation batch 283: sequences 3385-3396
2025-09-26 02:35:13,391 - INFO - Processing batch of 12 sequences with ESM2 batch embedding
2025-09-26 02:35:13,392 - INFO - Tokenizing 12 sequences...
2025-09-26 02:35:13,396 - INFO - Moving batch to device: cpu
2025-09-26 02:35:13,396 - INFO - Generating embeddings on cpu...
2025-09-26 02:36:49,712 - INFO - Embeddings generated successfully
2025-09-26 02:36:50,065 - INFO - Completed annotation batch 283 in 96.7s (120 results)
2025-09-26 02:36:50,065 - INFO - Annotation Progress: 3396/5000 sequences (67.9%) | Elapsed: 35280.5s | ETA: 16663.7s
2025-09-26 02:36:50,065 - INFO - Starting annotation batch 284: sequences 3397-3408
2025-09-26 02:36:50,065 - INFO - Processing batch of 12 sequences with ESM2 batch embedding
2025-09-26 02:36:50,065 - INFO - Tokenizing 12 sequences...
2025-09-26 02:36:50,073 - INFO - Moving batch to device: cpu
2025-09-26 02:36:50,073 - INFO - Generating embeddings on cpu...
2025-09-26 02:39:38,965 - INFO - Embeddings generated successfully
2025-09-26 02:39:39,428 - INFO - Completed annotation batch 284 in 169.4s (120 results)
2025-09-26 02:39:39,428 - INFO - Annotation Progress: 3408/5000 sequences (68.2%) | Elapsed: 35449.9s | ETA: 16559.9s
2025-09-26 02:39:39,428 - INFO - Starting annotation batch 285: sequences 3409-3420
2025-09-26 02:39:39,428 - INFO - Processing batch of 12 sequences with ESM2 batch embedding
2025-09-26 02:39:39,428 - INFO - Tokenizing 12 sequences...
2025-09-26 02:39:39,434 - INFO - Moving batch to device: cpu
2025-09-26 02:39:39,434 - INFO - Generating embeddings on cpu...
2025-09-26 02:42:32,235 - INFO - Embeddings generated successfully
2025-09-26 02:42:32,671 - INFO - Completed annotation batch 285 in 173.2s (120 results)
2025-09-26 02:42:32,671 - INFO - Annotation Progress: 3420/5000 sequences (68.4%) | Elapsed: 35623.1s | ETA: 16457.5s
2025-09-26 02:42:32,671 - INFO - Starting annotation batch 286: sequences 3421-3432
2025-09-26 02:42:32,672 - INFO - Processing batch of 12 sequences with ESM2 batch embedding
2025-09-26 02:42:32,672 - INFO - Tokenizing 12 sequences...
2025-09-26 02:42:32,677 - INFO - Moving batch to device: cpu
2025-09-26 02:42:32,678 - INFO - Generating embeddings on cpu...
2025-09-26 02:44:02,000 - INFO - Embeddings generated successfully
2025-09-26 02:44:02,356 - INFO - Completed annotation batch 286 in 89.7s (120 results)
2025-09-26 02:44:02,357 - INFO - Annotation Progress: 3432/5000 sequences (68.6%) | Elapsed: 35712.8s | ETA: 16316.3s
2025-09-26 02:44:02,357 - INFO - Starting annotation batch 287: sequences 3433-3444
2025-09-26 02:44:02,357 - INFO - Processing batch of 12 sequences with ESM2 batch embedding
2025-09-26 02:44:02,357 - INFO - Tokenizing 12 sequences...
2025-09-26 02:44:02,361 - INFO - Moving batch to device: cpu
2025-09-26 02:44:02,362 - INFO - Generating embeddings on cpu...
2025-09-26 02:45:26,048 - INFO - Embeddings generated successfully
2025-09-26 02:45:26,408 - INFO - Completed annotation batch 287 in 84.1s (120 results)
2025-09-26 02:45:26,408 - INFO - Annotation Progress: 3444/5000 sequences (68.9%) | Elapsed: 35796.9s | ETA: 16173.0s
2025-09-26 02:45:26,408 - INFO - Starting annotation batch 288: sequences 3445-3456
2025-09-26 02:45:26,408 - INFO - Processing batch of 12 sequences with ESM2 batch embedding
2025-09-26 02:45:26,408 - INFO - Tokenizing 12 sequences...
2025-09-26 02:45:26,415 - INFO - Moving batch to device: cpu
2025-09-26 02:45:26,415 - INFO - Generating embeddings on cpu...
2025-09-26 02:47:48,890 - INFO - Embeddings generated successfully
2025-09-26 02:47:49,242 - INFO - Completed annotation batch 288 in 142.8s (120 results)
2025-09-26 02:47:49,242 - INFO - Annotation Progress: 3456/5000 sequences (69.1%) | Elapsed: 35939.7s | ETA: 16056.4s
2025-09-26 02:47:49,242 - INFO - Starting annotation batch 289: sequences 3457-3468
2025-09-26 02:47:49,242 - INFO - Processing batch of 12 sequences with ESM2 batch embedding
2025-09-26 02:47:49,242 - INFO - Tokenizing 12 sequences...
2025-09-26 02:47:49,248 - INFO - Moving batch to device: cpu
2025-09-26 02:47:49,248 - INFO - Generating embeddings on cpu...
2025-09-26 02:49:14,220 - INFO - Embeddings generated successfully
2025-09-26 02:49:14,559 - INFO - Completed annotation batch 289 in 85.3s (120 results)
2025-09-26 02:49:14,560 - INFO - Annotation Progress: 3468/5000 sequences (69.4%) | Elapsed: 36025.0s | ETA: 15914.2s
2025-09-26 02:49:14,560 - INFO - Starting annotation batch 290: sequences 3469-3480
2025-09-26 02:49:14,560 - INFO - Processing batch of 12 sequences with ESM2 batch embedding
2025-09-26 02:49:14,560 - INFO - Tokenizing 12 sequences...
2025-09-26 02:49:14,567 - INFO - Moving batch to device: cpu
2025-09-26 02:49:14,568 - INFO - Generating embeddings on cpu...
2025-09-26 02:52:06,287 - INFO - Embeddings generated successfully
2025-09-26 02:52:06,692 - INFO - Completed annotation batch 290 in 172.1s (120 results)
2025-09-26 02:52:06,692 - INFO - Annotation Progress: 3480/5000 sequences (69.6%) | Elapsed: 36197.1s | ETA: 15810.2s
2025-09-26 02:52:06,692 - INFO - Starting annotation batch 291: sequences 3481-3492
2025-09-26 02:52:06,692 - INFO - Processing batch of 12 sequences with ESM2 batch embedding
2025-09-26 02:52:06,692 - INFO - Tokenizing 12 sequences...
2025-09-26 02:52:06,698 - INFO - Moving batch to device: cpu
2025-09-26 02:52:06,698 - INFO - Generating embeddings on cpu...
2025-09-26 02:53:57,991 - INFO - Embeddings generated successfully
2025-09-26 02:53:58,345 - INFO - Completed annotation batch 291 in 111.7s (120 results)
2025-09-26 02:53:58,345 - INFO - Annotation Progress: 3492/5000 sequences (69.8%) | Elapsed: 36308.8s | ETA: 15679.7s
2025-09-26 02:53:58,345 - INFO - Starting annotation batch 292: sequences 3493-3504
2025-09-26 02:53:58,345 - INFO - Processing batch of 12 sequences with ESM2 batch embedding
2025-09-26 02:53:58,345 - INFO - Tokenizing 12 sequences...
2025-09-26 02:53:58,350 - INFO - Moving batch to device: cpu
2025-09-26 02:53:58,350 - INFO - Generating embeddings on cpu...
2025-09-26 02:55:50,497 - INFO - Embeddings generated successfully
2025-09-26 02:55:50,851 - INFO - Completed annotation batch 292 in 112.5s (120 results)
2025-09-26 02:55:50,851 - INFO - Annotation Progress: 3504/5000 sequences (70.1%) | Elapsed: 36421.3s | ETA: 15549.7s
2025-09-26 02:55:50,851 - INFO - Starting annotation batch 293: sequences 3505-3516
2025-09-26 02:55:50,851 - INFO - Processing batch of 12 sequences with ESM2 batch embedding
2025-09-26 02:55:50,851 - INFO - Tokenizing 12 sequences...
2025-09-26 02:55:50,856 - INFO - Moving batch to device: cpu
2025-09-26 02:55:50,856 - INFO - Generating embeddings on cpu...
2025-09-26 02:57:00,025 - INFO - Embeddings generated successfully
2025-09-26 02:57:00,373 - INFO - Completed annotation batch 293 in 69.5s (120 results)
2025-09-26 02:57:00,373 - INFO - Annotation Progress: 3516/5000 sequences (70.3%) | Elapsed: 36490.8s | ETA: 15401.7s
2025-09-26 02:57:00,373 - INFO - Starting annotation batch 294: sequences 3517-3528
2025-09-26 02:57:00,373 - INFO - Processing batch of 12 sequences with ESM2 batch embedding
2025-09-26 02:57:00,373 - INFO - Tokenizing 12 sequences...
2025-09-26 02:57:00,379 - INFO - Moving batch to device: cpu
2025-09-26 02:57:00,379 - INFO - Generating embeddings on cpu...
2025-09-26 02:59:14,128 - INFO - Embeddings generated successfully
2025-09-26 02:59:14,514 - INFO - Completed annotation batch 294 in 134.1s (120 results)
2025-09-26 02:59:14,515 - INFO - Annotation Progress: 3528/5000 sequences (70.6%) | Elapsed: 36625.0s | ETA: 15281.2s
2025-09-26 02:59:14,515 - INFO - Starting annotation batch 295: sequences 3529-3540
2025-09-26 02:59:14,515 - INFO - Processing batch of 12 sequences with ESM2 batch embedding
2025-09-26 02:59:14,515 - INFO - Tokenizing 12 sequences...
2025-09-26 02:59:14,524 - INFO - Moving batch to device: cpu
2025-09-26 02:59:14,524 - INFO - Generating embeddings on cpu...
2025-09-26 03:02:06,020 - INFO - Embeddings generated successfully
2025-09-26 03:02:06,496 - INFO - Completed annotation batch 295 in 172.0s (120 results)
2025-09-26 03:02:06,496 - INFO - Annotation Progress: 3540/5000 sequences (70.8%) | Elapsed: 36796.9s | ETA: 15176.1s
2025-09-26 03:02:06,496 - INFO - Starting annotation batch 296: sequences 3541-3552
2025-09-26 03:02:06,496 - INFO - Processing batch of 12 sequences with ESM2 batch embedding
2025-09-26 03:02:06,496 - INFO - Tokenizing 12 sequences...
2025-09-26 03:02:06,502 - INFO - Moving batch to device: cpu
2025-09-26 03:02:06,503 - INFO - Generating embeddings on cpu...
2025-09-26 03:03:44,802 - INFO - Embeddings generated successfully
2025-09-26 03:03:45,149 - INFO - Completed annotation batch 296 in 98.7s (120 results)
2025-09-26 03:03:45,150 - INFO - Annotation Progress: 3552/5000 sequences (71.0%) | Elapsed: 36895.6s | ETA: 15040.8s
2025-09-26 03:03:45,150 - INFO - Starting annotation batch 297: sequences 3553-3564
2025-09-26 03:03:45,150 - INFO - Processing batch of 12 sequences with ESM2 batch embedding
2025-09-26 03:03:45,150 - INFO - Tokenizing 12 sequences...
2025-09-26 03:03:45,155 - INFO - Moving batch to device: cpu
2025-09-26 03:03:45,155 - INFO - Generating embeddings on cpu...
2025-09-26 03:05:27,199 - INFO - Embeddings generated successfully
2025-09-26 03:05:27,542 - INFO - Completed annotation batch 297 in 102.4s (120 results)
2025-09-26 03:05:27,543 - INFO - Annotation Progress: 3564/5000 sequences (71.3%) | Elapsed: 36998.0s | ETA: 14907.2s
2025-09-26 03:05:27,543 - INFO - Starting annotation batch 298: sequences 3565-3576
2025-09-26 03:05:27,543 - INFO - Processing batch of 12 sequences with ESM2 batch embedding
2025-09-26 03:05:27,543 - INFO - Tokenizing 12 sequences...
2025-09-26 03:05:27,549 - INFO - Moving batch to device: cpu
2025-09-26 03:05:27,549 - INFO - Generating embeddings on cpu...
2025-09-26 03:07:42,563 - INFO - Embeddings generated successfully
2025-09-26 03:07:42,911 - INFO - Completed annotation batch 298 in 135.4s (120 results)
2025-09-26 03:07:42,911 - INFO - Annotation Progress: 3576/5000 sequences (71.5%) | Elapsed: 37133.4s | ETA: 14786.9s
2025-09-26 03:07:42,911 - INFO - Starting annotation batch 299: sequences 3577-3588
2025-09-26 03:07:42,911 - INFO - Processing batch of 12 sequences with ESM2 batch embedding
2025-09-26 03:07:42,912 - INFO - Tokenizing 12 sequences...
2025-09-26 03:07:42,917 - INFO - Moving batch to device: cpu
2025-09-26 03:07:42,917 - INFO - Generating embeddings on cpu...
2025-09-26 03:09:10,529 - INFO - Embeddings generated successfully
2025-09-26 03:09:10,899 - INFO - Completed annotation batch 299 in 88.0s (120 results)
2025-09-26 03:09:10,899 - INFO - Annotation Progress: 3588/5000 sequences (71.8%) | Elapsed: 37221.3s | ETA: 14647.9s
2025-09-26 03:09:10,899 - INFO - Starting annotation batch 300: sequences 3589-3600
2025-09-26 03:09:10,899 - INFO - Processing batch of 12 sequences with ESM2 batch embedding
2025-09-26 03:09:10,899 - INFO - Tokenizing 12 sequences...
2025-09-26 03:09:10,904 - INFO - Moving batch to device: cpu
2025-09-26 03:09:10,904 - INFO - Generating embeddings on cpu...
2025-09-26 03:10:51,010 - INFO - Embeddings generated successfully
2025-09-26 03:10:51,519 - INFO - Completed annotation batch 300 in 100.6s (120 results)
2025-09-26 03:10:51,519 - INFO - Annotation Progress: 3600/5000 sequences (72.0%) | Elapsed: 37322.0s | ETA: 14514.1s
2025-09-26 03:10:51,519 - INFO - Starting annotation batch 301: sequences 3601-3612
2025-09-26 03:10:51,519 - INFO - Processing batch of 12 sequences with ESM2 batch embedding
2025-09-26 03:10:51,519 - INFO - Tokenizing 12 sequences...
2025-09-26 03:10:51,524 - INFO - Moving batch to device: cpu
2025-09-26 03:10:51,524 - INFO - Generating embeddings on cpu...
2025-09-26 03:11:55,459 - INFO - Embeddings generated successfully
2025-09-26 03:11:55,802 - INFO - Completed annotation batch 301 in 64.3s (120 results)
2025-09-26 03:11:55,803 - INFO - Annotation Progress: 3612/5000 sequences (72.2%) | Elapsed: 37386.2s | ETA: 14366.6s
2025-09-26 03:11:55,803 - INFO - Starting annotation batch 302: sequences 3613-3624
2025-09-26 03:11:55,803 - INFO - Processing batch of 12 sequences with ESM2 batch embedding
2025-09-26 03:11:55,803 - INFO - Tokenizing 12 sequences...
2025-09-26 03:11:55,810 - INFO - Moving batch to device: cpu
2025-09-26 03:11:55,810 - INFO - Generating embeddings on cpu...
2025-09-26 03:14:36,535 - INFO - Embeddings generated successfully
2025-09-26 03:14:36,925 - INFO - Completed annotation batch 302 in 161.1s (120 results)
2025-09-26 03:14:36,925 - INFO - Annotation Progress: 3624/5000 sequences (72.5%) | Elapsed: 37547.4s | ETA: 14256.4s
2025-09-26 03:14:36,925 - INFO - Starting annotation batch 303: sequences 3625-3636
2025-09-26 03:14:36,925 - INFO - Processing batch of 12 sequences with ESM2 batch embedding
2025-09-26 03:14:36,925 - INFO - Tokenizing 12 sequences...
2025-09-26 03:14:36,930 - INFO - Moving batch to device: cpu
2025-09-26 03:14:36,930 - INFO - Generating embeddings on cpu...
2025-09-26 03:15:52,804 - INFO - Embeddings generated successfully
2025-09-26 03:15:53,255 - INFO - Completed annotation batch 303 in 76.3s (120 results)
2025-09-26 03:15:53,256 - INFO - Annotation Progress: 3636/5000 sequences (72.7%) | Elapsed: 37623.7s | ETA: 14114.1s
2025-09-26 03:15:53,256 - INFO - Starting annotation batch 304: sequences 3637-3648
2025-09-26 03:15:53,256 - INFO - Processing batch of 12 sequences with ESM2 batch embedding
2025-09-26 03:15:53,256 - INFO - Tokenizing 12 sequences...
2025-09-26 03:15:53,263 - INFO - Moving batch to device: cpu
2025-09-26 03:15:53,263 - INFO - Generating embeddings on cpu...
2025-09-26 03:18:45,896 - INFO - Embeddings generated successfully
2025-09-26 03:18:46,403 - INFO - Completed annotation batch 304 in 173.1s (120 results)
2025-09-26 03:18:46,404 - INFO - Annotation Progress: 3648/5000 sequences (73.0%) | Elapsed: 37796.8s | ETA: 14008.0s
2025-09-26 03:18:46,404 - INFO - Starting annotation batch 305: sequences 3649-3660
2025-09-26 03:18:46,404 - INFO - Processing batch of 12 sequences with ESM2 batch embedding
2025-09-26 03:18:46,404 - INFO - Tokenizing 12 sequences...
2025-09-26 03:18:46,410 - INFO - Moving batch to device: cpu
2025-09-26 03:18:46,410 - INFO - Generating embeddings on cpu...
2025-09-26 03:21:15,640 - INFO - Embeddings generated successfully
2025-09-26 03:21:15,984 - INFO - Completed annotation batch 305 in 149.6s (120 results)
2025-09-26 03:21:15,984 - INFO - Annotation Progress: 3660/5000 sequences (73.2%) | Elapsed: 37946.4s | ETA: 13893.0s
2025-09-26 03:21:15,984 - INFO - Starting annotation batch 306: sequences 3661-3672
2025-09-26 03:21:15,984 - INFO - Processing batch of 12 sequences with ESM2 batch embedding
2025-09-26 03:21:15,985 - INFO - Tokenizing 12 sequences...
2025-09-26 03:21:15,992 - INFO - Moving batch to device: cpu
2025-09-26 03:21:15,993 - INFO - Generating embeddings on cpu...
2025-09-26 03:24:05,424 - INFO - Embeddings generated successfully
2025-09-26 03:24:05,895 - INFO - Completed annotation batch 306 in 169.9s (120 results)
2025-09-26 03:24:05,896 - INFO - Annotation Progress: 3672/5000 sequences (73.4%) | Elapsed: 38116.3s | ETA: 13785.0s
2025-09-26 03:24:05,896 - INFO - Starting annotation batch 307: sequences 3673-3684
2025-09-26 03:24:05,896 - INFO - Processing batch of 12 sequences with ESM2 batch embedding
2025-09-26 03:24:05,896 - INFO - Tokenizing 12 sequences...
2025-09-26 03:24:05,902 - INFO - Moving batch to device: cpu
2025-09-26 03:24:05,902 - INFO - Generating embeddings on cpu...
2025-09-26 03:26:38,073 - INFO - Embeddings generated successfully
2025-09-26 03:26:38,546 - INFO - Completed annotation batch 307 in 152.6s (120 results)
2025-09-26 03:26:38,546 - INFO - Annotation Progress: 3684/5000 sequences (73.7%) | Elapsed: 38269.0s | ETA: 13670.5s
2025-09-26 03:26:38,546 - INFO - Starting annotation batch 308: sequences 3685-3696
2025-09-26 03:26:38,546 - INFO - Processing batch of 12 sequences with ESM2 batch embedding
2025-09-26 03:26:38,546 - INFO - Tokenizing 12 sequences...
2025-09-26 03:26:38,551 - INFO - Moving batch to device: cpu
2025-09-26 03:26:38,551 - INFO - Generating embeddings on cpu...
2025-09-26 03:28:00,833 - INFO - Embeddings generated successfully
2025-09-26 03:28:01,182 - INFO - Completed annotation batch 308 in 82.6s (120 results)
2025-09-26 03:28:01,182 - INFO - Annotation Progress: 3696/5000 sequences (73.9%) | Elapsed: 38351.6s | ETA: 13531.0s
2025-09-26 03:28:01,182 - INFO - Starting annotation batch 309: sequences 3697-3708
2025-09-26 03:28:01,183 - INFO - Processing batch of 12 sequences with ESM2 batch embedding
2025-09-26 03:28:01,183 - INFO - Tokenizing 12 sequences...
2025-09-26 03:28:01,188 - INFO - Moving batch to device: cpu
2025-09-26 03:28:01,188 - INFO - Generating embeddings on cpu...
2025-09-26 03:29:19,293 - INFO - Embeddings generated successfully
2025-09-26 03:29:19,635 - INFO - Completed annotation batch 309 in 78.5s (120 results)
2025-09-26 03:29:19,635 - INFO - Annotation Progress: 3708/5000 sequences (74.2%) | Elapsed: 38430.1s | ETA: 13390.4s
2025-09-26 03:29:19,635 - INFO - Starting annotation batch 310: sequences 3709-3720
2025-09-26 03:29:19,635 - INFO - Processing batch of 12 sequences with ESM2 batch embedding
2025-09-26 03:29:19,635 - INFO - Tokenizing 12 sequences...
2025-09-26 03:29:19,641 - INFO - Moving batch to device: cpu
2025-09-26 03:29:19,641 - INFO - Generating embeddings on cpu...
2025-09-26 03:31:03,443 - INFO - Embeddings generated successfully
2025-09-26 03:31:03,786 - INFO - Completed annotation batch 310 in 104.2s (120 results)
2025-09-26 03:31:03,786 - INFO - Annotation Progress: 3720/5000 sequences (74.4%) | Elapsed: 38534.2s | ETA: 13259.1s
2025-09-26 03:31:03,786 - INFO - Starting annotation batch 311: sequences 3721-3732
2025-09-26 03:31:03,787 - INFO - Processing batch of 12 sequences with ESM2 batch embedding
2025-09-26 03:31:03,787 - INFO - Tokenizing 12 sequences...
2025-09-26 03:31:03,790 - INFO - Moving batch to device: cpu
2025-09-26 03:31:03,791 - INFO - Generating embeddings on cpu...
2025-09-26 03:32:22,349 - INFO - Embeddings generated successfully
2025-09-26 03:32:22,712 - INFO - Completed annotation batch 311 in 78.9s (120 results)
2025-09-26 03:32:22,712 - INFO - Annotation Progress: 3732/5000 sequences (74.6%) | Elapsed: 38613.2s | ETA: 13119.4s
2025-09-26 03:32:22,712 - INFO - Starting annotation batch 312: sequences 3733-3744
2025-09-26 03:32:22,712 - INFO - Processing batch of 12 sequences with ESM2 batch embedding
2025-09-26 03:32:22,712 - INFO - Tokenizing 12 sequences...
2025-09-26 03:32:22,719 - INFO - Moving batch to device: cpu
2025-09-26 03:32:22,720 - INFO - Generating embeddings on cpu...
2025-09-26 03:35:15,712 - INFO - Embeddings generated successfully
2025-09-26 03:35:16,175 - INFO - Completed annotation batch 312 in 173.5s (120 results)
2025-09-26 03:35:16,175 - INFO - Annotation Progress: 3744/5000 sequences (74.9%) | Elapsed: 38786.6s | ETA: 13011.8s
2025-09-26 03:35:16,175 - INFO - Starting annotation batch 313: sequences 3745-3756
2025-09-26 03:35:16,175 - INFO - Processing batch of 12 sequences with ESM2 batch embedding
2025-09-26 03:35:16,175 - INFO - Tokenizing 12 sequences...
2025-09-26 03:35:16,182 - INFO - Moving batch to device: cpu
2025-09-26 03:35:16,182 - INFO - Generating embeddings on cpu...
2025-09-26 03:37:04,862 - INFO - Embeddings generated successfully
2025-09-26 03:37:05,215 - INFO - Completed annotation batch 313 in 109.0s (120 results)
2025-09-26 03:37:05,215 - INFO - Annotation Progress: 3756/5000 sequences (75.1%) | Elapsed: 38895.7s | ETA: 12882.4s
2025-09-26 03:37:05,215 - INFO - Starting annotation batch 314: sequences 3757-3768
2025-09-26 03:37:05,215 - INFO - Processing batch of 12 sequences with ESM2 batch embedding
2025-09-26 03:37:05,215 - INFO - Tokenizing 12 sequences...
2025-09-26 03:37:05,222 - INFO - Moving batch to device: cpu
2025-09-26 03:37:05,222 - INFO - Generating embeddings on cpu...
2025-09-26 03:39:11,731 - INFO - Embeddings generated successfully
2025-09-26 03:39:12,094 - INFO - Completed annotation batch 314 in 126.9s (120 results)
2025-09-26 03:39:12,095 - INFO - Annotation Progress: 3768/5000 sequences (75.4%) | Elapsed: 39022.5s | ETA: 12759.0s
2025-09-26 03:39:12,095 - INFO - Starting annotation batch 315: sequences 3769-3780
2025-09-26 03:39:12,095 - INFO - Processing batch of 12 sequences with ESM2 batch embedding
2025-09-26 03:39:12,095 - INFO - Tokenizing 12 sequences...
2025-09-26 03:39:12,102 - INFO - Moving batch to device: cpu
2025-09-26 03:39:12,102 - INFO - Generating embeddings on cpu...
2025-09-26 03:42:04,466 - INFO - Embeddings generated successfully
2025-09-26 03:42:04,951 - INFO - Completed annotation batch 315 in 172.9s (120 results)
2025-09-26 03:42:04,951 - INFO - Annotation Progress: 3780/5000 sequences (75.6%) | Elapsed: 39195.4s | ETA: 12650.4s
2025-09-26 03:42:04,951 - INFO - Starting annotation batch 316: sequences 3781-3792
2025-09-26 03:42:04,951 - INFO - Processing batch of 12 sequences with ESM2 batch embedding
2025-09-26 03:42:04,951 - INFO - Tokenizing 12 sequences...
2025-09-26 03:42:04,958 - INFO - Moving batch to device: cpu
2025-09-26 03:42:04,958 - INFO - Generating embeddings on cpu...
2025-09-26 03:44:22,167 - INFO - Embeddings generated successfully
2025-09-26 03:44:22,520 - INFO - Completed annotation batch 316 in 137.6s (120 results)
2025-09-26 03:44:22,521 - INFO - Annotation Progress: 3792/5000 sequences (75.8%) | Elapsed: 39333.0s | ETA: 12530.1s
2025-09-26 03:44:22,521 - INFO - Starting annotation batch 317: sequences 3793-3804
2025-09-26 03:44:22,521 - INFO - Processing batch of 12 sequences with ESM2 batch embedding
2025-09-26 03:44:22,521 - INFO - Tokenizing 12 sequences...
2025-09-26 03:44:22,526 - INFO - Moving batch to device: cpu
2025-09-26 03:44:22,526 - INFO - Generating embeddings on cpu...
2025-09-26 03:45:52,434 - INFO - Embeddings generated successfully
2025-09-26 03:45:52,820 - INFO - Completed annotation batch 317 in 90.3s (120 results)
2025-09-26 03:45:52,820 - INFO - Annotation Progress: 3804/5000 sequences (76.1%) | Elapsed: 39423.3s | ETA: 12394.9s
2025-09-26 03:45:52,820 - INFO - Starting annotation batch 318: sequences 3805-3816
2025-09-26 03:45:52,820 - INFO - Processing batch of 12 sequences with ESM2 batch embedding
2025-09-26 03:45:52,820 - INFO - Tokenizing 12 sequences...
2025-09-26 03:45:52,825 - INFO - Moving batch to device: cpu
2025-09-26 03:45:52,825 - INFO - Generating embeddings on cpu...
2025-09-26 03:47:17,755 - INFO - Embeddings generated successfully
2025-09-26 03:47:18,105 - INFO - Completed annotation batch 318 in 85.3s (120 results)
2025-09-26 03:47:18,105 - INFO - Annotation Progress: 3816/5000 sequences (76.3%) | Elapsed: 39508.5s | ETA: 12258.4s
2025-09-26 03:47:18,105 - INFO - Starting annotation batch 319: sequences 3817-3828
2025-09-26 03:47:18,105 - INFO - Processing batch of 12 sequences with ESM2 batch embedding
2025-09-26 03:47:18,105 - INFO - Tokenizing 12 sequences...
2025-09-26 03:47:18,112 - INFO - Moving batch to device: cpu
2025-09-26 03:47:18,113 - INFO - Generating embeddings on cpu...
2025-09-26 03:50:10,604 - INFO - Embeddings generated successfully
2025-09-26 03:50:11,081 - INFO - Completed annotation batch 319 in 173.0s (120 results)
2025-09-26 03:50:11,081 - INFO - Annotation Progress: 3828/5000 sequences (76.6%) | Elapsed: 39681.5s | ETA: 12149.1s
2025-09-26 03:50:11,081 - INFO - Starting annotation batch 320: sequences 3829-3840
2025-09-26 03:50:11,081 - INFO - Processing batch of 12 sequences with ESM2 batch embedding
2025-09-26 03:50:11,081 - INFO - Tokenizing 12 sequences...
2025-09-26 03:50:11,088 - INFO - Moving batch to device: cpu
2025-09-26 03:50:11,088 - INFO - Generating embeddings on cpu...
2025-09-26 03:51:57,988 - INFO - Embeddings generated successfully
2025-09-26 03:51:58,338 - INFO - Completed annotation batch 320 in 107.3s (120 results)
2025-09-26 03:51:58,338 - INFO - Annotation Progress: 3840/5000 sequences (76.8%) | Elapsed: 39788.8s | ETA: 12019.5s
2025-09-26 03:51:58,338 - INFO - Starting annotation batch 321: sequences 3841-3852
2025-09-26 03:51:58,339 - INFO - Processing batch of 12 sequences with ESM2 batch embedding
2025-09-26 03:51:58,339 - INFO - Tokenizing 12 sequences...
2025-09-26 03:51:58,343 - INFO - Moving batch to device: cpu
2025-09-26 03:51:58,343 - INFO - Generating embeddings on cpu...
2025-09-26 03:53:07,393 - INFO - Embeddings generated successfully
2025-09-26 03:53:07,763 - INFO - Completed annotation batch 321 in 69.4s (120 results)
2025-09-26 03:53:07,763 - INFO - Annotation Progress: 3852/5000 sequences (77.0%) | Elapsed: 39858.2s | ETA: 11878.8s
2025-09-26 03:53:07,763 - INFO - Starting annotation batch 322: sequences 3853-3864
2025-09-26 03:53:07,763 - INFO - Processing batch of 12 sequences with ESM2 batch embedding
2025-09-26 03:53:07,763 - INFO - Tokenizing 12 sequences...
2025-09-26 03:53:07,767 - INFO - Moving batch to device: cpu
2025-09-26 03:53:07,767 - INFO - Generating embeddings on cpu...
2025-09-26 03:54:41,104 - INFO - Embeddings generated successfully
2025-09-26 03:54:41,454 - INFO - Completed annotation batch 322 in 93.7s (120 results)
2025-09-26 03:54:41,454 - INFO - Annotation Progress: 3864/5000 sequences (77.3%) | Elapsed: 39951.9s | ETA: 11745.7s
2025-09-26 03:54:41,454 - INFO - Starting annotation batch 323: sequences 3865-3876
2025-09-26 03:54:41,454 - INFO - Processing batch of 12 sequences with ESM2 batch embedding
2025-09-26 03:54:41,454 - INFO - Tokenizing 12 sequences...
2025-09-26 03:54:41,460 - INFO - Moving batch to device: cpu
2025-09-26 03:54:41,460 - INFO - Generating embeddings on cpu...
2025-09-26 03:56:56,488 - INFO - Embeddings generated successfully
2025-09-26 03:56:56,836 - INFO - Completed annotation batch 323 in 135.4s (120 results)
2025-09-26 03:56:56,836 - INFO - Annotation Progress: 3876/5000 sequences (77.5%) | Elapsed: 40087.3s | ETA: 11624.9s
2025-09-26 03:56:56,836 - INFO - Starting annotation batch 324: sequences 3877-3888
2025-09-26 03:56:56,836 - INFO - Processing batch of 12 sequences with ESM2 batch embedding
2025-09-26 03:56:56,836 - INFO - Tokenizing 12 sequences...
2025-09-26 03:56:56,841 - INFO - Moving batch to device: cpu
2025-09-26 03:56:56,841 - INFO - Generating embeddings on cpu...
2025-09-26 03:58:32,484 - INFO - Embeddings generated successfully
2025-09-26 03:58:32,849 - INFO - Completed annotation batch 324 in 96.0s (120 results)
2025-09-26 03:58:32,849 - INFO - Annotation Progress: 3888/5000 sequences (77.8%) | Elapsed: 40183.3s | ETA: 11492.8s
2025-09-26 03:58:32,849 - INFO - Starting annotation batch 325: sequences 3889-3900
2025-09-26 03:58:32,849 - INFO - Processing batch of 12 sequences with ESM2 batch embedding
2025-09-26 03:58:32,849 - INFO - Tokenizing 12 sequences...
2025-09-26 03:58:32,854 - INFO - Moving batch to device: cpu
2025-09-26 03:58:32,854 - INFO - Generating embeddings on cpu...
2025-09-26 04:00:08,309 - INFO - Embeddings generated successfully
2025-09-26 04:00:08,654 - INFO - Completed annotation batch 325 in 95.8s (120 results)
2025-09-26 04:00:08,654 - INFO - Annotation Progress: 3900/5000 sequences (78.0%) | Elapsed: 40279.1s | ETA: 11360.8s
2025-09-26 04:00:08,654 - INFO - Starting annotation batch 326: sequences 3901-3912
2025-09-26 04:00:08,654 - INFO - Processing batch of 12 sequences with ESM2 batch embedding
2025-09-26 04:00:08,654 - INFO - Tokenizing 12 sequences...
2025-09-26 04:00:08,660 - INFO - Moving batch to device: cpu
2025-09-26 04:00:08,660 - INFO - Generating embeddings on cpu...
2025-09-26 04:01:50,402 - INFO - Embeddings generated successfully
2025-09-26 04:01:50,757 - INFO - Completed annotation batch 326 in 102.1s (120 results)
2025-09-26 04:01:50,757 - INFO - Annotation Progress: 3912/5000 sequences (78.2%) | Elapsed: 40381.2s | ETA: 11230.8s
2025-09-26 04:01:50,757 - INFO - Starting annotation batch 327: sequences 3913-3924
2025-09-26 04:01:50,757 - INFO - Processing batch of 12 sequences with ESM2 batch embedding
2025-09-26 04:01:50,757 - INFO - Tokenizing 12 sequences...
2025-09-26 04:01:50,763 - INFO - Moving batch to device: cpu
2025-09-26 04:01:50,763 - INFO - Generating embeddings on cpu...
2025-09-26 04:03:32,281 - INFO - Embeddings generated successfully
2025-09-26 04:03:32,630 - INFO - Completed annotation batch 327 in 101.9s (120 results)
2025-09-26 04:03:32,630 - INFO - Annotation Progress: 3924/5000 sequences (78.5%) | Elapsed: 40483.1s | ETA: 11100.9s
2025-09-26 04:03:32,630 - INFO - Starting annotation batch 328: sequences 3925-3936
2025-09-26 04:03:32,630 - INFO - Processing batch of 12 sequences with ESM2 batch embedding
2025-09-26 04:03:32,630 - INFO - Tokenizing 12 sequences...
2025-09-26 04:03:32,635 - INFO - Moving batch to device: cpu
2025-09-26 04:03:32,636 - INFO - Generating embeddings on cpu...
2025-09-26 04:05:15,140 - INFO - Embeddings generated successfully
2025-09-26 04:05:15,488 - INFO - Completed annotation batch 328 in 102.9s (120 results)
2025-09-26 04:05:15,488 - INFO - Annotation Progress: 3936/5000 sequences (78.7%) | Elapsed: 40585.9s | ETA: 10971.4s
2025-09-26 04:05:15,489 - INFO - Starting annotation batch 329: sequences 3937-3948
2025-09-26 04:05:15,489 - INFO - Processing batch of 12 sequences with ESM2 batch embedding
2025-09-26 04:05:15,489 - INFO - Tokenizing 12 sequences...
2025-09-26 04:05:15,494 - INFO - Moving batch to device: cpu
2025-09-26 04:05:15,494 - INFO - Generating embeddings on cpu...
2025-09-26 04:07:12,940 - INFO - Embeddings generated successfully
2025-09-26 04:07:13,297 - INFO - Completed annotation batch 329 in 117.8s (120 results)
2025-09-26 04:07:13,297 - INFO - Annotation Progress: 3948/5000 sequences (79.0%) | Elapsed: 40703.7s | ETA: 10846.1s
2025-09-26 04:07:13,297 - INFO - Starting annotation batch 330: sequences 3949-3960
2025-09-26 04:07:13,297 - INFO - Processing batch of 12 sequences with ESM2 batch embedding
2025-09-26 04:07:13,297 - INFO - Tokenizing 12 sequences...
2025-09-26 04:07:13,306 - INFO - Moving batch to device: cpu
2025-09-26 04:07:13,306 - INFO - Generating embeddings on cpu...
2025-09-26 04:10:03,184 - INFO - Embeddings generated successfully
2025-09-26 04:10:03,530 - INFO - Completed annotation batch 330 in 170.2s (120 results)
2025-09-26 04:10:03,530 - INFO - Annotation Progress: 3960/5000 sequences (79.2%) | Elapsed: 40874.0s | ETA: 10734.6s
2025-09-26 04:10:03,530 - INFO - Starting annotation batch 331: sequences 3961-3972
2025-09-26 04:10:03,530 - INFO - Processing batch of 12 sequences with ESM2 batch embedding
2025-09-26 04:10:03,530 - INFO - Tokenizing 12 sequences...
2025-09-26 04:10:03,535 - INFO - Moving batch to device: cpu
2025-09-26 04:10:03,535 - INFO - Generating embeddings on cpu...
2025-09-26 04:11:15,615 - INFO - Embeddings generated successfully
2025-09-26 04:11:15,967 - INFO - Completed annotation batch 331 in 72.4s (120 results)
2025-09-26 04:11:15,967 - INFO - Annotation Progress: 3972/5000 sequences (79.4%) | Elapsed: 40946.4s | ETA: 10597.4s
2025-09-26 04:11:15,967 - INFO - Starting annotation batch 332: sequences 3973-3984
2025-09-26 04:11:15,967 - INFO - Processing batch of 12 sequences with ESM2 batch embedding
2025-09-26 04:11:15,967 - INFO - Tokenizing 12 sequences...
2025-09-26 04:11:15,973 - INFO - Moving batch to device: cpu
2025-09-26 04:11:15,973 - INFO - Generating embeddings on cpu...
2025-09-26 04:13:08,496 - INFO - Embeddings generated successfully
2025-09-26 04:13:08,868 - INFO - Completed annotation batch 332 in 112.9s (120 results)
2025-09-26 04:13:08,868 - INFO - Annotation Progress: 3984/5000 sequences (79.7%) | Elapsed: 41059.3s | ETA: 10470.9s
2025-09-26 04:13:08,868 - INFO - Starting annotation batch 333: sequences 3985-3996
2025-09-26 04:13:08,868 - INFO - Processing batch of 12 sequences with ESM2 batch embedding
2025-09-26 04:13:08,868 - INFO - Tokenizing 12 sequences...
2025-09-26 04:13:08,875 - INFO - Moving batch to device: cpu
2025-09-26 04:13:08,875 - INFO - Generating embeddings on cpu...
2025-09-26 04:15:56,770 - INFO - Embeddings generated successfully
2025-09-26 04:15:57,245 - INFO - Completed annotation batch 333 in 168.4s (120 results)
2025-09-26 04:15:57,245 - INFO - Annotation Progress: 3996/5000 sequences (79.9%) | Elapsed: 41227.7s | ETA: 10358.5s
2025-09-26 04:15:57,245 - INFO - Starting annotation batch 334: sequences 3997-4008
2025-09-26 04:15:57,245 - INFO - Processing batch of 12 sequences with ESM2 batch embedding
2025-09-26 04:15:57,245 - INFO - Tokenizing 12 sequences...
2025-09-26 04:15:57,252 - INFO - Moving batch to device: cpu
2025-09-26 04:15:57,252 - INFO - Generating embeddings on cpu...
2025-09-26 04:18:04,333 - INFO - Embeddings generated successfully
2025-09-26 04:18:04,690 - INFO - Completed annotation batch 334 in 127.4s (120 results)
2025-09-26 04:18:04,690 - INFO - Annotation Progress: 4008/5000 sequences (80.2%) | Elapsed: 41355.1s | ETA: 10235.6s
2025-09-26 04:18:04,690 - INFO - Starting annotation batch 335: sequences 4009-4020
2025-09-26 04:18:04,690 - INFO - Processing batch of 12 sequences with ESM2 batch embedding
2025-09-26 04:18:04,690 - INFO - Tokenizing 12 sequences...
2025-09-26 04:18:04,694 - INFO - Moving batch to device: cpu
2025-09-26 04:18:04,694 - INFO - Generating embeddings on cpu...
2025-09-26 04:19:30,195 - INFO - Embeddings generated successfully
2025-09-26 04:19:30,530 - INFO - Completed annotation batch 335 in 85.8s (120 results)
2025-09-26 04:19:30,530 - INFO - Annotation Progress: 4020/5000 sequences (80.4%) | Elapsed: 41441.0s | ETA: 10102.5s
2025-09-26 04:19:30,530 - INFO - Starting annotation batch 336: sequences 4021-4032
2025-09-26 04:19:30,530 - INFO - Processing batch of 12 sequences with ESM2 batch embedding
2025-09-26 04:19:30,530 - INFO - Tokenizing 12 sequences...
2025-09-26 04:19:30,536 - INFO - Moving batch to device: cpu
2025-09-26 04:19:30,536 - INFO - Generating embeddings on cpu...
2025-09-26 04:21:41,312 - INFO - Embeddings generated successfully
2025-09-26 04:21:41,692 - INFO - Completed annotation batch 336 in 131.2s (120 results)
2025-09-26 04:21:41,692 - INFO - Annotation Progress: 4032/5000 sequences (80.6%) | Elapsed: 41572.1s | ETA: 9980.6s
2025-09-26 04:21:41,692 - INFO - Starting annotation batch 337: sequences 4033-4044
2025-09-26 04:21:41,692 - INFO - Processing batch of 12 sequences with ESM2 batch embedding
2025-09-26 04:21:41,692 - INFO - Tokenizing 12 sequences...
2025-09-26 04:21:41,700 - INFO - Moving batch to device: cpu
2025-09-26 04:21:41,701 - INFO - Generating embeddings on cpu...
2025-09-26 04:24:29,631 - INFO - Embeddings generated successfully
2025-09-26 04:24:30,118 - INFO - Completed annotation batch 337 in 168.4s (120 results)
2025-09-26 04:24:30,118 - INFO - Annotation Progress: 4044/5000 sequences (80.9%) | Elapsed: 41740.6s | ETA: 9867.5s
2025-09-26 04:24:30,118 - INFO - Starting annotation batch 338: sequences 4045-4056
2025-09-26 04:24:30,118 - INFO - Processing batch of 12 sequences with ESM2 batch embedding
2025-09-26 04:24:30,118 - INFO - Tokenizing 12 sequences...
2025-09-26 04:24:30,124 - INFO - Moving batch to device: cpu
2025-09-26 04:24:30,124 - INFO - Generating embeddings on cpu...
2025-09-26 04:26:12,754 - INFO - Embeddings generated successfully
2025-09-26 04:26:13,108 - INFO - Completed annotation batch 338 in 103.0s (120 results)
2025-09-26 04:26:13,109 - INFO - Annotation Progress: 4056/5000 sequences (81.1%) | Elapsed: 41843.6s | ETA: 9738.7s
2025-09-26 04:26:13,109 - INFO - Starting annotation batch 339: sequences 4057-4068
2025-09-26 04:26:13,109 - INFO - Processing batch of 12 sequences with ESM2 batch embedding
2025-09-26 04:26:13,109 - INFO - Tokenizing 12 sequences...
2025-09-26 04:26:13,115 - INFO - Moving batch to device: cpu
2025-09-26 04:26:13,115 - INFO - Generating embeddings on cpu...
2025-09-26 04:27:49,819 - INFO - Embeddings generated successfully
2025-09-26 04:27:50,170 - INFO - Completed annotation batch 339 in 97.1s (120 results)
2025-09-26 04:27:50,170 - INFO - Annotation Progress: 4068/5000 sequences (81.4%) | Elapsed: 41940.6s | ETA: 9608.8s
2025-09-26 04:27:50,170 - INFO - Starting annotation batch 340: sequences 4069-4080
2025-09-26 04:27:50,170 - INFO - Processing batch of 12 sequences with ESM2 batch embedding
2025-09-26 04:27:50,170 - INFO - Tokenizing 12 sequences...
2025-09-26 04:27:50,175 - INFO - Moving batch to device: cpu
2025-09-26 04:27:50,176 - INFO - Generating embeddings on cpu...
2025-09-26 04:29:25,427 - INFO - Embeddings generated successfully
2025-09-26 04:29:25,775 - INFO - Completed annotation batch 340 in 95.6s (120 results)
2025-09-26 04:29:25,775 - INFO - Annotation Progress: 4080/5000 sequences (81.6%) | Elapsed: 42036.2s | ETA: 9478.8s
2025-09-26 04:29:25,775 - INFO - Starting annotation batch 341: sequences 4081-4092
2025-09-26 04:29:25,775 - INFO - Processing batch of 12 sequences with ESM2 batch embedding
2025-09-26 04:29:25,775 - INFO - Tokenizing 12 sequences...
2025-09-26 04:29:25,780 - INFO - Moving batch to device: cpu
2025-09-26 04:29:25,780 - INFO - Generating embeddings on cpu...
2025-09-26 04:30:30,580 - INFO - Embeddings generated successfully
2025-09-26 04:30:30,936 - INFO - Completed annotation batch 341 in 65.2s (120 results)
2025-09-26 04:30:30,936 - INFO - Annotation Progress: 4092/5000 sequences (81.8%) | Elapsed: 42101.4s | ETA: 9342.1s
2025-09-26 04:30:30,936 - INFO - Starting annotation batch 342: sequences 4093-4104
2025-09-26 04:30:30,936 - INFO - Processing batch of 12 sequences with ESM2 batch embedding
2025-09-26 04:30:30,936 - INFO - Tokenizing 12 sequences...
2025-09-26 04:30:30,943 - INFO - Moving batch to device: cpu
2025-09-26 04:30:30,943 - INFO - Generating embeddings on cpu...
2025-09-26 04:32:20,157 - INFO - Embeddings generated successfully
2025-09-26 04:32:20,504 - INFO - Completed annotation batch 342 in 109.6s (120 results)
2025-09-26 04:32:20,504 - INFO - Annotation Progress: 4104/5000 sequences (82.1%) | Elapsed: 42210.9s | ETA: 9215.6s
2025-09-26 04:32:20,504 - INFO - Starting annotation batch 343: sequences 4105-4116
2025-09-26 04:32:20,504 - INFO - Processing batch of 12 sequences with ESM2 batch embedding
2025-09-26 04:32:20,504 - INFO - Tokenizing 12 sequences...
2025-09-26 04:32:20,510 - INFO - Moving batch to device: cpu
2025-09-26 04:32:20,510 - INFO - Generating embeddings on cpu...
2025-09-26 04:34:33,440 - INFO - Embeddings generated successfully
2025-09-26 04:34:33,794 - INFO - Completed annotation batch 343 in 133.3s (120 results)
2025-09-26 04:34:33,795 - INFO - Annotation Progress: 4116/5000 sequences (82.3%) | Elapsed: 42344.2s | ETA: 9094.3s
2025-09-26 04:34:33,795 - INFO - Starting annotation batch 344: sequences 4117-4128
2025-09-26 04:34:33,795 - INFO - Processing batch of 12 sequences with ESM2 batch embedding
2025-09-26 04:34:33,795 - INFO - Tokenizing 12 sequences...
2025-09-26 04:34:33,802 - INFO - Moving batch to device: cpu
2025-09-26 04:34:33,802 - INFO - Generating embeddings on cpu...
2025-09-26 04:36:47,742 - INFO - Embeddings generated successfully
2025-09-26 04:36:48,098 - INFO - Completed annotation batch 344 in 134.3s (120 results)
2025-09-26 04:36:48,098 - INFO - Annotation Progress: 4128/5000 sequences (82.6%) | Elapsed: 42478.5s | ETA: 8973.2s
2025-09-26 04:36:48,098 - INFO - Starting annotation batch 345: sequences 4129-4140
2025-09-26 04:36:48,098 - INFO - Processing batch of 12 sequences with ESM2 batch embedding
2025-09-26 04:36:48,098 - INFO - Tokenizing 12 sequences...
2025-09-26 04:36:48,105 - INFO - Moving batch to device: cpu
2025-09-26 04:36:48,105 - INFO - Generating embeddings on cpu...
2025-09-26 04:38:37,091 - INFO - Embeddings generated successfully
2025-09-26 04:38:37,448 - INFO - Completed annotation batch 345 in 109.3s (120 results)
2025-09-26 04:38:37,448 - INFO - Annotation Progress: 4140/5000 sequences (82.8%) | Elapsed: 42587.9s | ETA: 8846.8s
2025-09-26 04:38:37,448 - INFO - Starting annotation batch 346: sequences 4141-4152
2025-09-26 04:38:37,448 - INFO - Processing batch of 12 sequences with ESM2 batch embedding
2025-09-26 04:38:37,448 - INFO - Tokenizing 12 sequences...
2025-09-26 04:38:37,457 - INFO - Moving batch to device: cpu
2025-09-26 04:38:37,457 - INFO - Generating embeddings on cpu...
2025-09-26 04:41:29,658 - INFO - Embeddings generated successfully
2025-09-26 04:41:30,078 - INFO - Completed annotation batch 346 in 172.6s (120 results)
2025-09-26 04:41:30,078 - INFO - Annotation Progress: 4152/5000 sequences (83.0%) | Elapsed: 42760.5s | ETA: 8733.4s
2025-09-26 04:41:30,078 - INFO - Starting annotation batch 347: sequences 4153-4164
2025-09-26 04:41:30,078 - INFO - Processing batch of 12 sequences with ESM2 batch embedding
2025-09-26 04:41:30,078 - INFO - Tokenizing 12 sequences...
2025-09-26 04:41:30,084 - INFO - Moving batch to device: cpu
2025-09-26 04:41:30,084 - INFO - Generating embeddings on cpu...
2025-09-26 04:43:44,243 - INFO - Embeddings generated successfully
2025-09-26 04:43:44,597 - INFO - Completed annotation batch 347 in 134.5s (120 results)
2025-09-26 04:43:44,597 - INFO - Annotation Progress: 4164/5000 sequences (83.3%) | Elapsed: 42895.0s | ETA: 8612.0s
2025-09-26 04:43:44,597 - INFO - Starting annotation batch 348: sequences 4165-4176
2025-09-26 04:43:44,597 - INFO - Processing batch of 12 sequences with ESM2 batch embedding
2025-09-26 04:43:44,597 - INFO - Tokenizing 12 sequences...
2025-09-26 04:43:44,603 - INFO - Moving batch to device: cpu
2025-09-26 04:43:44,603 - INFO - Generating embeddings on cpu...
2025-09-26 04:45:22,171 - INFO - Embeddings generated successfully
2025-09-26 04:45:22,509 - INFO - Completed annotation batch 348 in 97.9s (120 results)
2025-09-26 04:45:22,509 - INFO - Annotation Progress: 4176/5000 sequences (83.5%) | Elapsed: 42993.0s | ETA: 8483.3s
2025-09-26 04:45:22,509 - INFO - Starting annotation batch 349: sequences 4177-4188
2025-09-26 04:45:22,509 - INFO - Processing batch of 12 sequences with ESM2 batch embedding
2025-09-26 04:45:22,509 - INFO - Tokenizing 12 sequences...
2025-09-26 04:45:22,518 - INFO - Moving batch to device: cpu
2025-09-26 04:45:22,518 - INFO - Generating embeddings on cpu...
2025-09-26 04:48:10,790 - INFO - Embeddings generated successfully
2025-09-26 04:48:11,220 - INFO - Completed annotation batch 349 in 168.7s (120 results)
2025-09-26 04:48:11,220 - INFO - Annotation Progress: 4188/5000 sequences (83.8%) | Elapsed: 43161.7s | ETA: 8368.5s
2025-09-26 04:48:11,220 - INFO - Starting annotation batch 350: sequences 4189-4200
2025-09-26 04:48:11,220 - INFO - Processing batch of 12 sequences with ESM2 batch embedding
2025-09-26 04:48:11,221 - INFO - Tokenizing 12 sequences...
2025-09-26 04:48:11,226 - INFO - Moving batch to device: cpu
2025-09-26 04:48:11,226 - INFO - Generating embeddings on cpu...
2025-09-26 04:49:22,070 - INFO - Embeddings generated successfully
2025-09-26 04:49:22,422 - INFO - Completed annotation batch 350 in 71.2s (120 results)
2025-09-26 04:49:22,422 - INFO - Annotation Progress: 4200/5000 sequences (84.0%) | Elapsed: 43232.9s | ETA: 8234.8s
2025-09-26 04:49:22,423 - INFO - Starting annotation batch 351: sequences 4201-4212
2025-09-26 04:49:22,423 - INFO - Processing batch of 12 sequences with ESM2 batch embedding
2025-09-26 04:49:22,423 - INFO - Tokenizing 12 sequences...
2025-09-26 04:49:22,426 - INFO - Moving batch to device: cpu
2025-09-26 04:49:22,426 - INFO - Generating embeddings on cpu...
2025-09-26 04:50:21,616 - INFO - Embeddings generated successfully
2025-09-26 04:50:21,983 - INFO - Completed annotation batch 351 in 59.6s (120 results)
2025-09-26 04:50:21,984 - INFO - Annotation Progress: 4212/5000 sequences (84.2%) | Elapsed: 43292.4s | ETA: 8099.3s
2025-09-26 04:50:21,984 - INFO - Starting annotation batch 352: sequences 4213-4224
2025-09-26 04:50:21,984 - INFO - Processing batch of 12 sequences with ESM2 batch embedding
2025-09-26 04:50:21,984 - INFO - Tokenizing 12 sequences...
2025-09-26 04:50:21,991 - INFO - Moving batch to device: cpu
2025-09-26 04:50:21,992 - INFO - Generating embeddings on cpu...
2025-09-26 04:53:10,381 - INFO - Embeddings generated successfully
2025-09-26 04:53:10,861 - INFO - Completed annotation batch 352 in 168.9s (120 results)
2025-09-26 04:53:10,861 - INFO - Annotation Progress: 4224/5000 sequences (84.5%) | Elapsed: 43461.3s | ETA: 7984.4s
2025-09-26 04:53:10,861 - INFO - Starting annotation batch 353: sequences 4225-4236
2025-09-26 04:53:10,861 - INFO - Processing batch of 12 sequences with ESM2 batch embedding
2025-09-26 04:53:10,861 - INFO - Tokenizing 12 sequences...
2025-09-26 04:53:10,867 - INFO - Moving batch to device: cpu
2025-09-26 04:53:10,867 - INFO - Generating embeddings on cpu...
2025-09-26 04:55:07,384 - INFO - Embeddings generated successfully
2025-09-26 04:55:07,745 - INFO - Completed annotation batch 353 in 116.9s (120 results)
2025-09-26 04:55:07,745 - INFO - Annotation Progress: 4236/5000 sequences (84.7%) | Elapsed: 43578.2s | ETA: 7859.7s
2025-09-26 04:55:07,745 - INFO - Starting annotation batch 354: sequences 4237-4248
2025-09-26 04:55:07,745 - INFO - Processing batch of 12 sequences with ESM2 batch embedding
2025-09-26 04:55:07,745 - INFO - Tokenizing 12 sequences...
2025-09-26 04:55:07,752 - INFO - Moving batch to device: cpu
2025-09-26 04:55:07,752 - INFO - Generating embeddings on cpu...
2025-09-26 04:57:53,761 - INFO - Embeddings generated successfully
2025-09-26 04:57:54,156 - INFO - Completed annotation batch 354 in 166.4s (120 results)
2025-09-26 04:57:54,157 - INFO - Annotation Progress: 4248/5000 sequences (85.0%) | Elapsed: 43744.6s | ETA: 7743.9s
2025-09-26 04:57:54,157 - INFO - Starting annotation batch 355: sequences 4249-4260
2025-09-26 04:57:54,157 - INFO - Processing batch of 12 sequences with ESM2 batch embedding
2025-09-26 04:57:54,157 - INFO - Tokenizing 12 sequences...
2025-09-26 04:57:54,164 - INFO - Moving batch to device: cpu
2025-09-26 04:57:54,165 - INFO - Generating embeddings on cpu...
2025-09-26 05:00:47,134 - INFO - Embeddings generated successfully
2025-09-26 05:00:47,604 - INFO - Completed annotation batch 355 in 173.4s (120 results)
2025-09-26 05:00:47,604 - INFO - Annotation Progress: 4260/5000 sequences (85.2%) | Elapsed: 43918.0s | ETA: 7629.0s
2025-09-26 05:00:47,604 - INFO - Starting annotation batch 356: sequences 4261-4272
2025-09-26 05:00:47,604 - INFO - Processing batch of 12 sequences with ESM2 batch embedding
2025-09-26 05:00:47,604 - INFO - Tokenizing 12 sequences...
2025-09-26 05:00:47,610 - INFO - Moving batch to device: cpu
2025-09-26 05:00:47,610 - INFO - Generating embeddings on cpu...
2025-09-26 05:03:37,762 - INFO - Embeddings generated successfully
2025-09-26 05:03:38,142 - INFO - Completed annotation batch 356 in 170.5s (120 results)
2025-09-26 05:03:38,142 - INFO - Annotation Progress: 4272/5000 sequences (85.4%) | Elapsed: 44088.6s | ETA: 7513.2s
2025-09-26 05:03:38,142 - INFO - Starting annotation batch 357: sequences 4273-4284
2025-09-26 05:03:38,142 - INFO - Processing batch of 12 sequences with ESM2 batch embedding
2025-09-26 05:03:38,143 - INFO - Tokenizing 12 sequences...
2025-09-26 05:03:38,151 - INFO - Moving batch to device: cpu
2025-09-26 05:03:38,152 - INFO - Generating embeddings on cpu...
2025-09-26 05:06:30,998 - INFO - Embeddings generated successfully
2025-09-26 05:06:31,461 - INFO - Completed annotation batch 357 in 173.3s (120 results)
2025-09-26 05:06:31,461 - INFO - Annotation Progress: 4284/5000 sequences (85.7%) | Elapsed: 44261.9s | ETA: 7397.6s
2025-09-26 05:06:31,461 - INFO - Starting annotation batch 358: sequences 4285-4296
2025-09-26 05:06:31,461 - INFO - Processing batch of 12 sequences with ESM2 batch embedding
2025-09-26 05:06:31,461 - INFO - Tokenizing 12 sequences...
2025-09-26 05:06:31,470 - INFO - Moving batch to device: cpu
2025-09-26 05:06:31,471 - INFO - Generating embeddings on cpu...
2025-09-26 05:09:22,561 - INFO - Embeddings generated successfully
2025-09-26 05:09:22,963 - INFO - Completed annotation batch 358 in 171.5s (120 results)
2025-09-26 05:09:22,963 - INFO - Annotation Progress: 4296/5000 sequences (85.9%) | Elapsed: 44433.4s | ETA: 7281.5s
2025-09-26 05:09:22,963 - INFO - Starting annotation batch 359: sequences 4297-4308
2025-09-26 05:09:22,963 - INFO - Processing batch of 12 sequences with ESM2 batch embedding
2025-09-26 05:09:22,963 - INFO - Tokenizing 12 sequences...
2025-09-26 05:09:22,969 - INFO - Moving batch to device: cpu
2025-09-26 05:09:22,969 - INFO - Generating embeddings on cpu...
2025-09-26 05:11:38,257 - INFO - Embeddings generated successfully
2025-09-26 05:11:38,705 - INFO - Completed annotation batch 359 in 135.7s (120 results)
2025-09-26 05:11:38,705 - INFO - Annotation Progress: 4308/5000 sequences (86.2%) | Elapsed: 44569.1s | ETA: 7159.2s
2025-09-26 05:11:38,705 - INFO - Starting annotation batch 360: sequences 4309-4320
2025-09-26 05:11:38,705 - INFO - Processing batch of 12 sequences with ESM2 batch embedding
2025-09-26 05:11:38,705 - INFO - Tokenizing 12 sequences...
2025-09-26 05:11:38,711 - INFO - Moving batch to device: cpu
2025-09-26 05:11:38,711 - INFO - Generating embeddings on cpu...
2025-09-26 05:12:48,707 - INFO - Embeddings generated successfully
2025-09-26 05:12:49,081 - INFO - Completed annotation batch 360 in 70.4s (120 results)
2025-09-26 05:12:49,081 - INFO - Annotation Progress: 4320/5000 sequences (86.4%) | Elapsed: 44639.5s | ETA: 7026.6s
2025-09-26 05:12:49,081 - INFO - Starting annotation batch 361: sequences 4321-4332
2025-09-26 05:12:49,081 - INFO - Processing batch of 12 sequences with ESM2 batch embedding
2025-09-26 05:12:49,082 - INFO - Tokenizing 12 sequences...
2025-09-26 05:12:49,090 - INFO - Moving batch to device: cpu
2025-09-26 05:12:49,090 - INFO - Generating embeddings on cpu...
2025-09-26 05:15:39,814 - INFO - Embeddings generated successfully
2025-09-26 05:15:40,167 - INFO - Completed annotation batch 361 in 171.1s (120 results)
2025-09-26 05:15:40,167 - INFO - Annotation Progress: 4332/5000 sequences (86.6%) | Elapsed: 44810.6s | ETA: 6909.9s
2025-09-26 05:15:40,167 - INFO - Starting annotation batch 362: sequences 4333-4344
2025-09-26 05:15:40,167 - INFO - Processing batch of 12 sequences with ESM2 batch embedding
2025-09-26 05:15:40,167 - INFO - Tokenizing 12 sequences...
2025-09-26 05:15:40,172 - INFO - Moving batch to device: cpu
2025-09-26 05:15:40,173 - INFO - Generating embeddings on cpu...
2025-09-26 05:17:02,684 - INFO - Embeddings generated successfully
2025-09-26 05:17:03,039 - INFO - Completed annotation batch 362 in 82.9s (120 results)
2025-09-26 05:17:03,039 - INFO - Annotation Progress: 4344/5000 sequences (86.9%) | Elapsed: 44893.5s | ETA: 6779.5s
2025-09-26 05:17:03,039 - INFO - Starting annotation batch 363: sequences 4345-4356
2025-09-26 05:17:03,039 - INFO - Processing batch of 12 sequences with ESM2 batch embedding
2025-09-26 05:17:03,039 - INFO - Tokenizing 12 sequences...
2025-09-26 05:17:03,049 - INFO - Moving batch to device: cpu
2025-09-26 05:17:03,049 - INFO - Generating embeddings on cpu...
2025-09-26 05:19:30,864 - INFO - Embeddings generated successfully
2025-09-26 05:19:31,228 - INFO - Completed annotation batch 363 in 148.2s (120 results)
2025-09-26 05:19:31,228 - INFO - Annotation Progress: 4356/5000 sequences (87.1%) | Elapsed: 45041.7s | ETA: 6659.1s
2025-09-26 05:19:31,228 - INFO - Starting annotation batch 364: sequences 4357-4368
2025-09-26 05:19:31,228 - INFO - Processing batch of 12 sequences with ESM2 batch embedding
2025-09-26 05:19:31,229 - INFO - Tokenizing 12 sequences...
2025-09-26 05:19:31,233 - INFO - Moving batch to device: cpu
2025-09-26 05:19:31,233 - INFO - Generating embeddings on cpu...
2025-09-26 05:20:30,254 - INFO - Embeddings generated successfully
2025-09-26 05:20:30,611 - INFO - Completed annotation batch 364 in 59.4s (120 results)
2025-09-26 05:20:30,611 - INFO - Annotation Progress: 4368/5000 sequences (87.4%) | Elapsed: 45101.1s | ETA: 6525.6s
2025-09-26 05:20:30,611 - INFO - Starting annotation batch 365: sequences 4369-4380
2025-09-26 05:20:30,612 - INFO - Processing batch of 12 sequences with ESM2 batch embedding
2025-09-26 05:20:30,612 - INFO - Tokenizing 12 sequences...
2025-09-26 05:20:30,616 - INFO - Moving batch to device: cpu
2025-09-26 05:20:30,616 - INFO - Generating embeddings on cpu...
2025-09-26 05:21:43,070 - INFO - Embeddings generated successfully
2025-09-26 05:21:43,417 - INFO - Completed annotation batch 365 in 72.8s (120 results)
2025-09-26 05:21:43,417 - INFO - Annotation Progress: 4380/5000 sequences (87.6%) | Elapsed: 45173.9s | ETA: 6394.5s
2025-09-26 05:21:43,417 - INFO - Starting annotation batch 366: sequences 4381-4392
2025-09-26 05:21:43,417 - INFO - Processing batch of 12 sequences with ESM2 batch embedding
2025-09-26 05:21:43,417 - INFO - Tokenizing 12 sequences...
2025-09-26 05:21:43,422 - INFO - Moving batch to device: cpu
2025-09-26 05:21:43,422 - INFO - Generating embeddings on cpu...
2025-09-26 05:23:15,778 - INFO - Embeddings generated successfully
2025-09-26 05:23:16,118 - INFO - Completed annotation batch 366 in 92.7s (120 results)
2025-09-26 05:23:16,118 - INFO - Annotation Progress: 4392/5000 sequences (87.8%) | Elapsed: 45266.6s | ETA: 6266.4s
2025-09-26 05:23:16,118 - INFO - Starting annotation batch 367: sequences 4393-4404
2025-09-26 05:23:16,118 - INFO - Processing batch of 12 sequences with ESM2 batch embedding
2025-09-26 05:23:16,118 - INFO - Tokenizing 12 sequences...
2025-09-26 05:23:16,127 - INFO - Moving batch to device: cpu
2025-09-26 05:23:16,127 - INFO - Generating embeddings on cpu...
2025-09-26 05:26:09,273 - INFO - Embeddings generated successfully
2025-09-26 05:26:09,682 - INFO - Completed annotation batch 367 in 173.6s (120 results)
2025-09-26 05:26:09,682 - INFO - Annotation Progress: 4404/5000 sequences (88.1%) | Elapsed: 45440.1s | ETA: 6149.5s
2025-09-26 05:26:09,682 - INFO - Starting annotation batch 368: sequences 4405-4416
2025-09-26 05:26:09,682 - INFO - Processing batch of 12 sequences with ESM2 batch embedding
2025-09-26 05:26:09,682 - INFO - Tokenizing 12 sequences...
2025-09-26 05:26:09,689 - INFO - Moving batch to device: cpu
2025-09-26 05:26:09,689 - INFO - Generating embeddings on cpu...
2025-09-26 05:29:02,608 - INFO - Embeddings generated successfully
2025-09-26 05:29:03,003 - INFO - Completed annotation batch 368 in 173.3s (120 results)
2025-09-26 05:29:03,003 - INFO - Annotation Progress: 4416/5000 sequences (88.3%) | Elapsed: 45613.4s | ETA: 6032.2s
2025-09-26 05:29:03,003 - INFO - Starting annotation batch 369: sequences 4417-4428
2025-09-26 05:29:03,003 - INFO - Processing batch of 12 sequences with ESM2 batch embedding
2025-09-26 05:29:03,003 - INFO - Tokenizing 12 sequences...
2025-09-26 05:29:03,008 - INFO - Moving batch to device: cpu
2025-09-26 05:29:03,008 - INFO - Generating embeddings on cpu...
2025-09-26 05:30:37,570 - INFO - Embeddings generated successfully
2025-09-26 05:30:37,917 - INFO - Completed annotation batch 369 in 94.9s (120 results)
2025-09-26 05:30:37,917 - INFO - Annotation Progress: 4428/5000 sequences (88.6%) | Elapsed: 45708.4s | ETA: 5904.5s
2025-09-26 05:30:37,917 - INFO - Starting annotation batch 370: sequences 4429-4440
2025-09-26 05:30:37,917 - INFO - Processing batch of 12 sequences with ESM2 batch embedding
2025-09-26 05:30:37,917 - INFO - Tokenizing 12 sequences...
2025-09-26 05:30:37,924 - INFO - Moving batch to device: cpu
2025-09-26 05:30:37,924 - INFO - Generating embeddings on cpu...
2025-09-26 05:33:23,181 - INFO - Embeddings generated successfully
2025-09-26 05:33:23,676 - INFO - Completed annotation batch 370 in 165.8s (120 results)
2025-09-26 05:33:23,676 - INFO - Annotation Progress: 4440/5000 sequences (88.8%) | Elapsed: 45874.1s | ETA: 5785.9s
2025-09-26 05:33:23,676 - INFO - Starting annotation batch 371: sequences 4441-4452
2025-09-26 05:33:23,676 - INFO - Processing batch of 12 sequences with ESM2 batch embedding
2025-09-26 05:33:23,676 - INFO - Tokenizing 12 sequences...
2025-09-26 05:33:23,686 - INFO - Moving batch to device: cpu
2025-09-26 05:33:23,687 - INFO - Generating embeddings on cpu...
2025-09-26 05:36:20,928 - INFO - Embeddings generated successfully
2025-09-26 05:36:21,374 - INFO - Completed annotation batch 371 in 177.7s (120 results)
2025-09-26 05:36:21,374 - INFO - Annotation Progress: 4452/5000 sequences (89.0%) | Elapsed: 46051.8s | ETA: 5668.6s
2025-09-26 05:36:21,374 - INFO - Starting annotation batch 372: sequences 4453-4464
2025-09-26 05:36:21,375 - INFO - Processing batch of 12 sequences with ESM2 batch embedding
2025-09-26 05:36:21,375 - INFO - Tokenizing 12 sequences...
2025-09-26 05:36:21,380 - INFO - Moving batch to device: cpu
2025-09-26 05:36:21,380 - INFO - Generating embeddings on cpu...
2025-09-26 05:38:17,463 - INFO - Embeddings generated successfully
2025-09-26 05:38:17,809 - INFO - Completed annotation batch 372 in 116.4s (120 results)
2025-09-26 05:38:17,809 - INFO - Annotation Progress: 4464/5000 sequences (89.3%) | Elapsed: 46168.3s | ETA: 5543.5s
2025-09-26 05:38:17,810 - INFO - Starting annotation batch 373: sequences 4465-4476
2025-09-26 05:38:17,810 - INFO - Processing batch of 12 sequences with ESM2 batch embedding
2025-09-26 05:38:17,810 - INFO - Tokenizing 12 sequences...
2025-09-26 05:38:17,816 - INFO - Moving batch to device: cpu
2025-09-26 05:38:17,816 - INFO - Generating embeddings on cpu...
2025-09-26 05:40:35,911 - INFO - Embeddings generated successfully
2025-09-26 05:40:36,268 - INFO - Completed annotation batch 373 in 138.5s (120 results)
2025-09-26 05:40:36,268 - INFO - Annotation Progress: 4476/5000 sequences (89.5%) | Elapsed: 46306.7s | ETA: 5421.1s
2025-09-26 05:40:36,268 - INFO - Starting annotation batch 374: sequences 4477-4488
2025-09-26 05:40:36,268 - INFO - Processing batch of 12 sequences with ESM2 batch embedding
2025-09-26 05:40:36,269 - INFO - Tokenizing 12 sequences...
2025-09-26 05:40:36,277 - INFO - Moving batch to device: cpu
2025-09-26 05:40:36,278 - INFO - Generating embeddings on cpu...
2025-09-26 05:43:27,221 - INFO - Embeddings generated successfully
2025-09-26 05:43:27,596 - INFO - Completed annotation batch 374 in 171.3s (120 results)
2025-09-26 05:43:27,596 - INFO - Annotation Progress: 4488/5000 sequences (89.8%) | Elapsed: 46478.0s | ETA: 5302.3s
2025-09-26 05:43:27,596 - INFO - Starting annotation batch 375: sequences 4489-4500
2025-09-26 05:43:27,596 - INFO - Processing batch of 12 sequences with ESM2 batch embedding
2025-09-26 05:43:27,596 - INFO - Tokenizing 12 sequences...
2025-09-26 05:43:27,604 - INFO - Moving batch to device: cpu
2025-09-26 05:43:27,604 - INFO - Generating embeddings on cpu...
2025-09-26 05:45:55,979 - INFO - Embeddings generated successfully
2025-09-26 05:45:56,341 - INFO - Completed annotation batch 375 in 148.7s (120 results)
2025-09-26 05:45:56,341 - INFO - Annotation Progress: 4500/5000 sequences (90.0%) | Elapsed: 46626.8s | ETA: 5180.8s
2025-09-26 05:45:56,341 - INFO - Starting annotation batch 376: sequences 4501-4512
2025-09-26 05:45:56,341 - INFO - Processing batch of 12 sequences with ESM2 batch embedding
2025-09-26 05:45:56,341 - INFO - Tokenizing 12 sequences...
2025-09-26 05:45:56,349 - INFO - Moving batch to device: cpu
2025-09-26 05:45:56,349 - INFO - Generating embeddings on cpu...
2025-09-26 05:48:45,458 - INFO - Embeddings generated successfully
2025-09-26 05:48:45,921 - INFO - Completed annotation batch 376 in 169.6s (120 results)
2025-09-26 05:48:45,922 - INFO - Annotation Progress: 4512/5000 sequences (90.2%) | Elapsed: 46796.4s | ETA: 5061.3s
2025-09-26 05:48:45,922 - INFO - Starting annotation batch 377: sequences 4513-4524
2025-09-26 05:48:45,922 - INFO - Processing batch of 12 sequences with ESM2 batch embedding
2025-09-26 05:48:45,922 - INFO - Tokenizing 12 sequences...
2025-09-26 05:48:45,927 - INFO - Moving batch to device: cpu
2025-09-26 05:48:45,927 - INFO - Generating embeddings on cpu...
2025-09-26 05:49:51,158 - INFO - Embeddings generated successfully
2025-09-26 05:49:51,520 - INFO - Completed annotation batch 377 in 65.6s (120 results)
2025-09-26 05:49:51,520 - INFO - Annotation Progress: 4524/5000 sequences (90.5%) | Elapsed: 46862.0s | ETA: 4930.7s
2025-09-26 05:49:51,520 - INFO - Starting annotation batch 378: sequences 4525-4536
2025-09-26 05:49:51,520 - INFO - Processing batch of 12 sequences with ESM2 batch embedding
2025-09-26 05:49:51,520 - INFO - Tokenizing 12 sequences...
2025-09-26 05:49:51,526 - INFO - Moving batch to device: cpu
2025-09-26 05:49:51,526 - INFO - Generating embeddings on cpu...
2025-09-26 05:52:43,028 - INFO - Embeddings generated successfully
2025-09-26 05:52:43,416 - INFO - Completed annotation batch 378 in 171.9s (120 results)
2025-09-26 05:52:43,416 - INFO - Annotation Progress: 4536/5000 sequences (90.7%) | Elapsed: 47033.9s | ETA: 4811.2s
2025-09-26 05:52:43,416 - INFO - Starting annotation batch 379: sequences 4537-4548
2025-09-26 05:52:43,416 - INFO - Processing batch of 12 sequences with ESM2 batch embedding
2025-09-26 05:52:43,416 - INFO - Tokenizing 12 sequences...
2025-09-26 05:52:43,425 - INFO - Moving batch to device: cpu
2025-09-26 05:52:43,425 - INFO - Generating embeddings on cpu...
2025-09-26 05:55:33,184 - INFO - Embeddings generated successfully
2025-09-26 05:55:33,667 - INFO - Completed annotation batch 379 in 170.3s (120 results)
2025-09-26 05:55:33,667 - INFO - Annotation Progress: 4548/5000 sequences (91.0%) | Elapsed: 47204.1s | ETA: 4691.3s
2025-09-26 05:55:33,667 - INFO - Starting annotation batch 380: sequences 4549-4560
2025-09-26 05:55:33,667 - INFO - Processing batch of 12 sequences with ESM2 batch embedding
2025-09-26 05:55:33,667 - INFO - Tokenizing 12 sequences...
2025-09-26 05:55:33,674 - INFO - Moving batch to device: cpu
2025-09-26 05:55:33,675 - INFO - Generating embeddings on cpu...
2025-09-26 05:58:23,109 - INFO - Embeddings generated successfully
2025-09-26 05:58:23,533 - INFO - Completed annotation batch 380 in 169.9s (120 results)
2025-09-26 05:58:23,534 - INFO - Annotation Progress: 4560/5000 sequences (91.2%) | Elapsed: 47374.0s | ETA: 4571.2s
2025-09-26 05:58:23,534 - INFO - Starting annotation batch 381: sequences 4561-4572
2025-09-26 05:58:23,534 - INFO - Processing batch of 12 sequences with ESM2 batch embedding
2025-09-26 05:58:23,534 - INFO - Tokenizing 12 sequences...
2025-09-26 05:58:23,543 - INFO - Moving batch to device: cpu
2025-09-26 05:58:23,543 - INFO - Generating embeddings on cpu...
2025-09-26 06:01:12,732 - INFO - Embeddings generated successfully
2025-09-26 06:01:13,085 - INFO - Completed annotation batch 381 in 169.6s (120 results)
2025-09-26 06:01:13,085 - INFO - Annotation Progress: 4572/5000 sequences (91.4%) | Elapsed: 47543.5s | ETA: 4450.7s
2025-09-26 06:01:13,085 - INFO - Starting annotation batch 382: sequences 4573-4584
2025-09-26 06:01:13,085 - INFO - Processing batch of 12 sequences with ESM2 batch embedding
2025-09-26 06:01:13,085 - INFO - Tokenizing 12 sequences...
2025-09-26 06:01:13,090 - INFO - Moving batch to device: cpu
2025-09-26 06:01:13,090 - INFO - Generating embeddings on cpu...
2025-09-26 06:03:09,693 - INFO - Embeddings generated successfully
2025-09-26 06:03:10,061 - INFO - Completed annotation batch 382 in 117.0s (120 results)
2025-09-26 06:03:10,061 - INFO - Annotation Progress: 4584/5000 sequences (91.7%) | Elapsed: 47660.5s | ETA: 4325.2s
2025-09-26 06:03:10,061 - INFO - Starting annotation batch 383: sequences 4585-4596
2025-09-26 06:03:10,061 - INFO - Processing batch of 12 sequences with ESM2 batch embedding
2025-09-26 06:03:10,061 - INFO - Tokenizing 12 sequences...
2025-09-26 06:03:10,066 - INFO - Moving batch to device: cpu
2025-09-26 06:03:10,066 - INFO - Generating embeddings on cpu...
2025-09-26 06:04:32,522 - INFO - Embeddings generated successfully
2025-09-26 06:04:32,873 - INFO - Completed annotation batch 383 in 82.8s (120 results)
2025-09-26 06:04:32,873 - INFO - Annotation Progress: 4596/5000 sequences (91.9%) | Elapsed: 47743.3s | ETA: 4196.8s
2025-09-26 06:04:32,873 - INFO - Starting annotation batch 384: sequences 4597-4608
2025-09-26 06:04:32,873 - INFO - Processing batch of 12 sequences with ESM2 batch embedding
2025-09-26 06:04:32,874 - INFO - Tokenizing 12 sequences...
2025-09-26 06:04:32,879 - INFO - Moving batch to device: cpu
2025-09-26 06:04:32,879 - INFO - Generating embeddings on cpu...
2025-09-26 06:06:33,528 - INFO - Embeddings generated successfully
2025-09-26 06:06:33,869 - INFO - Completed annotation batch 384 in 121.0s (120 results)
2025-09-26 06:06:33,869 - INFO - Annotation Progress: 4608/5000 sequences (92.2%) | Elapsed: 47864.3s | ETA: 4071.8s
2025-09-26 06:06:33,869 - INFO - Starting annotation batch 385: sequences 4609-4620
2025-09-26 06:06:33,869 - INFO - Processing batch of 12 sequences with ESM2 batch embedding
2025-09-26 06:06:33,869 - INFO - Tokenizing 12 sequences...
2025-09-26 06:06:33,875 - INFO - Moving batch to device: cpu
2025-09-26 06:06:33,876 - INFO - Generating embeddings on cpu...
2025-09-26 06:08:26,044 - INFO - Embeddings generated successfully
2025-09-26 06:08:26,441 - INFO - Completed annotation batch 385 in 112.6s (120 results)
2025-09-26 06:08:26,441 - INFO - Annotation Progress: 4620/5000 sequences (92.4%) | Elapsed: 47976.9s | ETA: 3946.2s
2025-09-26 06:08:26,441 - INFO - Starting annotation batch 386: sequences 4621-4632
2025-09-26 06:08:26,441 - INFO - Processing batch of 12 sequences with ESM2 batch embedding
2025-09-26 06:08:26,441 - INFO - Tokenizing 12 sequences...
2025-09-26 06:08:26,448 - INFO - Moving batch to device: cpu
2025-09-26 06:08:26,448 - INFO - Generating embeddings on cpu...
2025-09-26 06:10:27,933 - INFO - Embeddings generated successfully
2025-09-26 06:10:28,277 - INFO - Completed annotation batch 386 in 121.8s (120 results)
2025-09-26 06:10:28,277 - INFO - Annotation Progress: 4632/5000 sequences (92.6%) | Elapsed: 48098.7s | ETA: 3821.3s
2025-09-26 06:10:28,277 - INFO - Starting annotation batch 387: sequences 4633-4644
2025-09-26 06:10:28,277 - INFO - Processing batch of 12 sequences with ESM2 batch embedding
2025-09-26 06:10:28,277 - INFO - Tokenizing 12 sequences...
2025-09-26 06:10:28,285 - INFO - Moving batch to device: cpu
2025-09-26 06:10:28,285 - INFO - Generating embeddings on cpu...
2025-09-26 06:13:17,740 - INFO - Embeddings generated successfully
2025-09-26 06:13:18,103 - INFO - Completed annotation batch 387 in 169.8s (120 results)
2025-09-26 06:13:18,103 - INFO - Annotation Progress: 4644/5000 sequences (92.9%) | Elapsed: 48268.5s | ETA: 3700.2s
2025-09-26 06:13:18,103 - INFO - Starting annotation batch 388: sequences 4645-4656
2025-09-26 06:13:18,103 - INFO - Processing batch of 12 sequences with ESM2 batch embedding
2025-09-26 06:13:18,103 - INFO - Tokenizing 12 sequences...
2025-09-26 06:13:18,111 - INFO - Moving batch to device: cpu
2025-09-26 06:13:18,111 - INFO - Generating embeddings on cpu...
2025-09-26 06:16:07,210 - INFO - Embeddings generated successfully
2025-09-26 06:16:07,694 - INFO - Completed annotation batch 388 in 169.6s (120 results)
2025-09-26 06:16:07,694 - INFO - Annotation Progress: 4656/5000 sequences (93.1%) | Elapsed: 48438.1s | ETA: 3578.8s
2025-09-26 06:16:07,694 - INFO - Starting annotation batch 389: sequences 4657-4668
2025-09-26 06:16:07,694 - INFO - Processing batch of 12 sequences with ESM2 batch embedding
2025-09-26 06:16:07,694 - INFO - Tokenizing 12 sequences...
2025-09-26 06:16:07,703 - INFO - Moving batch to device: cpu
2025-09-26 06:16:07,703 - INFO - Generating embeddings on cpu...
2025-09-26 06:18:58,620 - INFO - Embeddings generated successfully
2025-09-26 06:18:58,962 - INFO - Completed annotation batch 389 in 171.3s (120 results)
2025-09-26 06:18:58,962 - INFO - Annotation Progress: 4668/5000 sequences (93.4%) | Elapsed: 48609.4s | ETA: 3457.2s
2025-09-26 06:18:58,962 - INFO - Starting annotation batch 390: sequences 4669-4680
2025-09-26 06:18:58,962 - INFO - Processing batch of 12 sequences with ESM2 batch embedding
2025-09-26 06:18:58,962 - INFO - Tokenizing 12 sequences...
2025-09-26 06:18:58,969 - INFO - Moving batch to device: cpu
2025-09-26 06:18:58,969 - INFO - Generating embeddings on cpu...
2025-09-26 06:21:48,784 - INFO - Embeddings generated successfully
2025-09-26 06:21:49,265 - INFO - Completed annotation batch 390 in 170.3s (120 results)
2025-09-26 06:21:49,265 - INFO - Annotation Progress: 4680/5000 sequences (93.6%) | Elapsed: 48779.7s | ETA: 3335.4s
2025-09-26 06:21:49,265 - INFO - Starting annotation batch 391: sequences 4681-4692
2025-09-26 06:21:49,265 - INFO - Processing batch of 12 sequences with ESM2 batch embedding
2025-09-26 06:21:49,265 - INFO - Tokenizing 12 sequences...
2025-09-26 06:21:49,271 - INFO - Moving batch to device: cpu
2025-09-26 06:21:49,271 - INFO - Generating embeddings on cpu...
2025-09-26 06:23:39,301 - INFO - Embeddings generated successfully
2025-09-26 06:23:39,751 - INFO - Completed annotation batch 391 in 110.5s (120 results)
2025-09-26 06:23:39,751 - INFO - Annotation Progress: 4692/5000 sequences (93.8%) | Elapsed: 48890.2s | ETA: 3209.3s
2025-09-26 06:23:39,751 - INFO - Starting annotation batch 392: sequences 4693-4704
2025-09-26 06:23:39,751 - INFO - Processing batch of 12 sequences with ESM2 batch embedding
2025-09-26 06:23:39,751 - INFO - Tokenizing 12 sequences...
2025-09-26 06:23:39,758 - INFO - Moving batch to device: cpu
2025-09-26 06:23:39,758 - INFO - Generating embeddings on cpu...
2025-09-26 06:25:38,921 - INFO - Embeddings generated successfully
2025-09-26 06:25:39,267 - INFO - Completed annotation batch 392 in 119.5s (120 results)
2025-09-26 06:25:39,267 - INFO - Annotation Progress: 4704/5000 sequences (94.1%) | Elapsed: 49009.7s | ETA: 3083.9s
2025-09-26 06:25:39,267 - INFO - Starting annotation batch 393: sequences 4705-4716
2025-09-26 06:25:39,267 - INFO - Processing batch of 12 sequences with ESM2 batch embedding
2025-09-26 06:25:39,267 - INFO - Tokenizing 12 sequences...
2025-09-26 06:25:39,272 - INFO - Moving batch to device: cpu
2025-09-26 06:25:39,273 - INFO - Generating embeddings on cpu...
2025-09-26 06:27:07,607 - INFO - Embeddings generated successfully
2025-09-26 06:27:07,962 - INFO - Completed annotation batch 393 in 88.7s (120 results)
2025-09-26 06:27:07,962 - INFO - Annotation Progress: 4716/5000 sequences (94.3%) | Elapsed: 49098.4s | ETA: 2956.7s
2025-09-26 06:27:07,962 - INFO - Starting annotation batch 394: sequences 4717-4728
2025-09-26 06:27:07,962 - INFO - Processing batch of 12 sequences with ESM2 batch embedding
2025-09-26 06:27:07,962 - INFO - Tokenizing 12 sequences...
2025-09-26 06:27:07,968 - INFO - Moving batch to device: cpu
2025-09-26 06:27:07,968 - INFO - Generating embeddings on cpu...
2025-09-26 06:28:50,603 - INFO - Embeddings generated successfully
2025-09-26 06:28:50,951 - INFO - Completed annotation batch 394 in 103.0s (120 results)
2025-09-26 06:28:50,951 - INFO - Annotation Progress: 4728/5000 sequences (94.6%) | Elapsed: 49201.4s | ETA: 2830.5s
2025-09-26 06:28:50,951 - INFO - Starting annotation batch 395: sequences 4729-4740
2025-09-26 06:28:50,951 - INFO - Processing batch of 12 sequences with ESM2 batch embedding
2025-09-26 06:28:50,951 - INFO - Tokenizing 12 sequences...
2025-09-26 06:28:50,958 - INFO - Moving batch to device: cpu
2025-09-26 06:28:50,958 - INFO - Generating embeddings on cpu...
2025-09-26 06:31:39,320 - INFO - Embeddings generated successfully
2025-09-26 06:31:39,702 - INFO - Completed annotation batch 395 in 168.8s (120 results)
2025-09-26 06:31:39,703 - INFO - Annotation Progress: 4740/5000 sequences (94.8%) | Elapsed: 49370.1s | ETA: 2708.1s
2025-09-26 06:31:39,703 - INFO - Starting annotation batch 396: sequences 4741-4752
2025-09-26 06:31:39,703 - INFO - Processing batch of 12 sequences with ESM2 batch embedding
2025-09-26 06:31:39,703 - INFO - Tokenizing 12 sequences...
2025-09-26 06:31:39,708 - INFO - Moving batch to device: cpu
2025-09-26 06:31:39,708 - INFO - Generating embeddings on cpu...
2025-09-26 06:33:54,850 - INFO - Embeddings generated successfully
2025-09-26 06:33:55,202 - INFO - Completed annotation batch 396 in 135.5s (120 results)
2025-09-26 06:33:55,203 - INFO - Annotation Progress: 4752/5000 sequences (95.0%) | Elapsed: 49505.6s | ETA: 2583.6s
2025-09-26 06:33:55,203 - INFO - Starting annotation batch 397: sequences 4753-4764
2025-09-26 06:33:55,203 - INFO - Processing batch of 12 sequences with ESM2 batch embedding
2025-09-26 06:33:55,203 - INFO - Tokenizing 12 sequences...
2025-09-26 06:33:55,209 - INFO - Moving batch to device: cpu
2025-09-26 06:33:55,209 - INFO - Generating embeddings on cpu...
2025-09-26 06:36:09,041 - INFO - Embeddings generated successfully
2025-09-26 06:36:09,407 - INFO - Completed annotation batch 397 in 134.2s (120 results)
2025-09-26 06:36:09,408 - INFO - Annotation Progress: 4764/5000 sequences (95.3%) | Elapsed: 49639.9s | ETA: 2459.1s
2025-09-26 06:36:09,408 - INFO - Starting annotation batch 398: sequences 4765-4776
2025-09-26 06:36:09,408 - INFO - Processing batch of 12 sequences with ESM2 batch embedding
2025-09-26 06:36:09,408 - INFO - Tokenizing 12 sequences...
2025-09-26 06:36:09,415 - INFO - Moving batch to device: cpu
2025-09-26 06:36:09,415 - INFO - Generating embeddings on cpu...
2025-09-26 06:38:58,667 - INFO - Embeddings generated successfully
2025-09-26 06:38:59,056 - INFO - Completed annotation batch 398 in 169.6s (120 results)
2025-09-26 06:38:59,056 - INFO - Annotation Progress: 4776/5000 sequences (95.5%) | Elapsed: 49809.5s | ETA: 2336.1s
2025-09-26 06:38:59,056 - INFO - Starting annotation batch 399: sequences 4777-4788
2025-09-26 06:38:59,056 - INFO - Processing batch of 12 sequences with ESM2 batch embedding
2025-09-26 06:38:59,057 - INFO - Tokenizing 12 sequences...
2025-09-26 06:38:59,062 - INFO - Moving batch to device: cpu
2025-09-26 06:38:59,062 - INFO - Generating embeddings on cpu...
2025-09-26 06:40:45,479 - INFO - Embeddings generated successfully
2025-09-26 06:40:45,848 - INFO - Completed annotation batch 399 in 106.8s (120 results)
2025-09-26 06:40:45,848 - INFO - Annotation Progress: 4788/5000 sequences (95.8%) | Elapsed: 49916.3s | ETA: 2210.2s
2025-09-26 06:40:45,848 - INFO - Starting annotation batch 400: sequences 4789-4800
2025-09-26 06:40:45,848 - INFO - Processing batch of 12 sequences with ESM2 batch embedding
2025-09-26 06:40:45,848 - INFO - Tokenizing 12 sequences...
2025-09-26 06:40:45,855 - INFO - Moving batch to device: cpu
2025-09-26 06:40:45,855 - INFO - Generating embeddings on cpu...
2025-09-26 06:42:57,437 - INFO - Embeddings generated successfully
2025-09-26 06:42:57,788 - INFO - Completed annotation batch 400 in 131.9s (120 results)
2025-09-26 06:42:57,788 - INFO - Annotation Progress: 4800/5000 sequences (96.0%) | Elapsed: 50048.2s | ETA: 2085.3s
2025-09-26 06:42:57,788 - INFO - Starting annotation batch 401: sequences 4801-4812
2025-09-26 06:42:57,788 - INFO - Processing batch of 12 sequences with ESM2 batch embedding
2025-09-26 06:42:57,788 - INFO - Tokenizing 12 sequences...
2025-09-26 06:42:57,797 - INFO - Moving batch to device: cpu
2025-09-26 06:42:57,797 - INFO - Generating embeddings on cpu...
2025-09-26 06:45:47,191 - INFO - Embeddings generated successfully
2025-09-26 06:45:47,671 - INFO - Completed annotation batch 401 in 169.9s (120 results)
2025-09-26 06:45:47,672 - INFO - Annotation Progress: 4812/5000 sequences (96.2%) | Elapsed: 50218.1s | ETA: 1962.0s
2025-09-26 06:45:47,672 - INFO - Starting annotation batch 402: sequences 4813-4824
2025-09-26 06:45:47,672 - INFO - Processing batch of 12 sequences with ESM2 batch embedding
2025-09-26 06:45:47,672 - INFO - Tokenizing 12 sequences...
2025-09-26 06:45:47,680 - INFO - Moving batch to device: cpu
2025-09-26 06:45:47,680 - INFO - Generating embeddings on cpu...
2025-09-26 06:48:25,024 - INFO - Embeddings generated successfully
2025-09-26 06:48:25,510 - INFO - Completed annotation batch 402 in 157.8s (120 results)
2025-09-26 06:48:25,510 - INFO - Annotation Progress: 4824/5000 sequences (96.5%) | Elapsed: 50376.0s | ETA: 1837.9s
2025-09-26 06:48:25,510 - INFO - Starting annotation batch 403: sequences 4825-4836
2025-09-26 06:48:25,511 - INFO - Processing batch of 12 sequences with ESM2 batch embedding
2025-09-26 06:48:25,511 - INFO - Tokenizing 12 sequences...
2025-09-26 06:48:25,516 - INFO - Moving batch to device: cpu
2025-09-26 06:48:25,517 - INFO - Generating embeddings on cpu...
2025-09-26 06:50:19,577 - INFO - Embeddings generated successfully
2025-09-26 06:50:19,930 - INFO - Completed annotation batch 403 in 114.4s (120 results)
2025-09-26 06:50:19,930 - INFO - Annotation Progress: 4836/5000 sequences (96.7%) | Elapsed: 50490.4s | ETA: 1712.2s
2025-09-26 06:50:19,930 - INFO - Starting annotation batch 404: sequences 4837-4848
2025-09-26 06:50:19,930 - INFO - Processing batch of 12 sequences with ESM2 batch embedding
2025-09-26 06:50:19,930 - INFO - Tokenizing 12 sequences...
2025-09-26 06:50:19,937 - INFO - Moving batch to device: cpu
2025-09-26 06:50:19,937 - INFO - Generating embeddings on cpu...
2025-09-26 06:52:57,908 - INFO - Embeddings generated successfully
2025-09-26 06:52:58,391 - INFO - Completed annotation batch 404 in 158.5s (120 results)
2025-09-26 06:52:58,392 - INFO - Annotation Progress: 4848/5000 sequences (97.0%) | Elapsed: 50648.8s | ETA: 1588.0s
2025-09-26 06:52:58,392 - INFO - Starting annotation batch 405: sequences 4849-4860
2025-09-26 06:52:58,392 - INFO - Processing batch of 12 sequences with ESM2 batch embedding
2025-09-26 06:52:58,392 - INFO - Tokenizing 12 sequences...
2025-09-26 06:52:58,397 - INFO - Moving batch to device: cpu
2025-09-26 06:52:58,398 - INFO - Generating embeddings on cpu...
2025-09-26 06:54:37,255 - INFO - Embeddings generated successfully
2025-09-26 06:54:37,626 - INFO - Completed annotation batch 405 in 99.2s (120 results)
2025-09-26 06:54:37,626 - INFO - Annotation Progress: 4860/5000 sequences (97.2%) | Elapsed: 50748.1s | ETA: 1461.9s
2025-09-26 06:54:37,626 - INFO - Starting annotation batch 406: sequences 4861-4872
2025-09-26 06:54:37,626 - INFO - Processing batch of 12 sequences with ESM2 batch embedding
2025-09-26 06:54:37,626 - INFO - Tokenizing 12 sequences...
2025-09-26 06:54:37,633 - INFO - Moving batch to device: cpu
2025-09-26 06:54:37,633 - INFO - Generating embeddings on cpu...
2025-09-26 06:57:27,755 - INFO - Embeddings generated successfully
2025-09-26 06:57:28,100 - INFO - Completed annotation batch 406 in 170.5s (120 results)
2025-09-26 06:57:28,100 - INFO - Annotation Progress: 4872/5000 sequences (97.4%) | Elapsed: 50918.5s | ETA: 1337.8s
2025-09-26 06:57:28,100 - INFO - Starting annotation batch 407: sequences 4873-4884
2025-09-26 06:57:28,100 - INFO - Processing batch of 12 sequences with ESM2 batch embedding
2025-09-26 06:57:28,100 - INFO - Tokenizing 12 sequences...
2025-09-26 06:57:28,107 - INFO - Moving batch to device: cpu
2025-09-26 06:57:28,108 - INFO - Generating embeddings on cpu...
2025-09-26 07:00:19,408 - INFO - Embeddings generated successfully
2025-09-26 07:00:19,874 - INFO - Completed annotation batch 407 in 171.8s (120 results)
2025-09-26 07:00:19,874 - INFO - Annotation Progress: 4884/5000 sequences (97.7%) | Elapsed: 51090.3s | ETA: 1213.4s
2025-09-26 07:00:19,874 - INFO - Starting annotation batch 408: sequences 4885-4896
2025-09-26 07:00:19,874 - INFO - Processing batch of 12 sequences with ESM2 batch embedding
2025-09-26 07:00:19,874 - INFO - Tokenizing 12 sequences...
2025-09-26 07:00:19,881 - INFO - Moving batch to device: cpu
2025-09-26 07:00:19,881 - INFO - Generating embeddings on cpu...
2025-09-26 07:02:57,401 - INFO - Embeddings generated successfully
2025-09-26 07:02:57,822 - INFO - Completed annotation batch 408 in 157.9s (120 results)
2025-09-26 07:02:57,822 - INFO - Annotation Progress: 4896/5000 sequences (97.9%) | Elapsed: 51248.3s | ETA: 1088.6s
2025-09-26 07:02:57,822 - INFO - Starting annotation batch 409: sequences 4897-4908
2025-09-26 07:02:57,822 - INFO - Processing batch of 12 sequences with ESM2 batch embedding
2025-09-26 07:02:57,822 - INFO - Tokenizing 12 sequences...
2025-09-26 07:02:57,829 - INFO - Moving batch to device: cpu
2025-09-26 07:02:57,830 - INFO - Generating embeddings on cpu...
2025-09-26 07:05:48,300 - INFO - Embeddings generated successfully
2025-09-26 07:05:48,660 - INFO - Completed annotation batch 409 in 170.8s (120 results)
2025-09-26 07:05:48,660 - INFO - Annotation Progress: 4908/5000 sequences (98.2%) | Elapsed: 51419.1s | ETA: 963.8s
2025-09-26 07:05:48,660 - INFO - Starting annotation batch 410: sequences 4909-4920
2025-09-26 07:05:48,660 - INFO - Processing batch of 12 sequences with ESM2 batch embedding
2025-09-26 07:05:48,660 - INFO - Tokenizing 12 sequences...
2025-09-26 07:05:48,668 - INFO - Moving batch to device: cpu
2025-09-26 07:05:48,668 - INFO - Generating embeddings on cpu...
2025-09-26 07:08:38,670 - INFO - Embeddings generated successfully
2025-09-26 07:08:39,144 - INFO - Completed annotation batch 410 in 170.5s (120 results)
2025-09-26 07:08:39,144 - INFO - Annotation Progress: 4920/5000 sequences (98.4%) | Elapsed: 51589.6s | ETA: 838.9s
2025-09-26 07:08:39,144 - INFO - Starting annotation batch 411: sequences 4921-4932
2025-09-26 07:08:39,144 - INFO - Processing batch of 12 sequences with ESM2 batch embedding
2025-09-26 07:08:39,145 - INFO - Tokenizing 12 sequences...
2025-09-26 07:08:39,150 - INFO - Moving batch to device: cpu
2025-09-26 07:08:39,150 - INFO - Generating embeddings on cpu...
2025-09-26 07:10:25,261 - INFO - Embeddings generated successfully
2025-09-26 07:10:25,612 - INFO - Completed annotation batch 411 in 106.5s (120 results)
2025-09-26 07:10:25,612 - INFO - Annotation Progress: 4932/5000 sequences (98.6%) | Elapsed: 51696.1s | ETA: 712.8s
2025-09-26 07:10:25,612 - INFO - Starting annotation batch 412: sequences 4933-4944
2025-09-26 07:10:25,612 - INFO - Processing batch of 12 sequences with ESM2 batch embedding
2025-09-26 07:10:25,612 - INFO - Tokenizing 12 sequences...
2025-09-26 07:10:25,619 - INFO - Moving batch to device: cpu
2025-09-26 07:10:25,619 - INFO - Generating embeddings on cpu...
2025-09-26 07:13:13,644 - INFO - Embeddings generated successfully
2025-09-26 07:13:14,112 - INFO - Completed annotation batch 412 in 168.5s (120 results)
2025-09-26 07:13:14,112 - INFO - Annotation Progress: 4944/5000 sequences (98.9%) | Elapsed: 51864.6s | ETA: 587.5s
2025-09-26 07:13:14,112 - INFO - Starting annotation batch 413: sequences 4945-4956
2025-09-26 07:13:14,113 - INFO - Processing batch of 12 sequences with ESM2 batch embedding
2025-09-26 07:13:14,113 - INFO - Tokenizing 12 sequences...
2025-09-26 07:13:14,118 - INFO - Moving batch to device: cpu
2025-09-26 07:13:14,118 - INFO - Generating embeddings on cpu...
2025-09-26 07:14:51,094 - INFO - Embeddings generated successfully
2025-09-26 07:14:51,448 - INFO - Completed annotation batch 413 in 97.3s (120 results)
2025-09-26 07:14:51,448 - INFO - Annotation Progress: 4956/5000 sequences (99.1%) | Elapsed: 51961.9s | ETA: 461.3s
2025-09-26 07:14:51,448 - INFO - Starting annotation batch 414: sequences 4957-4968
2025-09-26 07:14:51,448 - INFO - Processing batch of 12 sequences with ESM2 batch embedding
2025-09-26 07:14:51,448 - INFO - Tokenizing 12 sequences...
2025-09-26 07:14:51,453 - INFO - Moving batch to device: cpu
2025-09-26 07:14:51,453 - INFO - Generating embeddings on cpu...
2025-09-26 07:16:21,050 - INFO - Embeddings generated successfully
2025-09-26 07:16:21,406 - INFO - Completed annotation batch 414 in 90.0s (120 results)
2025-09-26 07:16:21,407 - INFO - Annotation Progress: 4968/5000 sequences (99.4%) | Elapsed: 52051.8s | ETA: 335.3s
2025-09-26 07:16:21,407 - INFO - Starting annotation batch 415: sequences 4969-4980
2025-09-26 07:16:21,407 - INFO - Processing batch of 12 sequences with ESM2 batch embedding
2025-09-26 07:16:21,407 - INFO - Tokenizing 12 sequences...
2025-09-26 07:16:21,414 - INFO - Moving batch to device: cpu
2025-09-26 07:16:21,414 - INFO - Generating embeddings on cpu...
2025-09-26 07:19:10,508 - INFO - Embeddings generated successfully
2025-09-26 07:19:10,860 - INFO - Completed annotation batch 415 in 169.5s (120 results)
2025-09-26 07:19:10,861 - INFO - Annotation Progress: 4980/5000 sequences (99.6%) | Elapsed: 52221.3s | ETA: 209.7s
2025-09-26 07:19:10,861 - INFO - Starting annotation batch 416: sequences 4981-4992
2025-09-26 07:19:10,861 - INFO - Processing batch of 12 sequences with ESM2 batch embedding
2025-09-26 07:19:10,861 - INFO - Tokenizing 12 sequences...
2025-09-26 07:19:10,867 - INFO - Moving batch to device: cpu
2025-09-26 07:19:10,867 - INFO - Generating embeddings on cpu...
2025-09-26 07:21:47,887 - INFO - Embeddings generated successfully
2025-09-26 07:21:48,245 - INFO - Completed annotation batch 416 in 157.4s (120 results)
2025-09-26 07:21:48,245 - INFO - Annotation Progress: 4992/5000 sequences (99.8%) | Elapsed: 52378.7s | ETA: 83.9s
2025-09-26 07:21:48,245 - INFO - Starting annotation batch 417: sequences 4993-5000
2025-09-26 07:21:48,245 - INFO - Processing batch of 8 sequences with ESM2 batch embedding
2025-09-26 07:21:48,245 - INFO - Tokenizing 8 sequences...
2025-09-26 07:21:48,249 - INFO - Moving batch to device: cpu
2025-09-26 07:21:48,250 - INFO - Generating embeddings on cpu...
2025-09-26 07:23:04,701 - INFO - Embeddings generated successfully
2025-09-26 07:23:04,941 - INFO - Completed annotation batch 417 in 76.7s (80 results)
2025-09-26 07:23:04,941 - INFO - Annotation Progress: 5000/5000 sequences (100.0%) | Elapsed: 52455.4s | ETA: 0.0s
2025-09-26 07:23:04,977 - ERROR - Pipeline failed: Cannot save file into a non-existent directory: '/Users/rashedulislam/Documents/git_repos/GeneAnnotation'
2025-09-30 19:23:53,669 - INFO - Loading embedding model: esm2_large
2025-09-30 19:23:53,669 - INFO - Initializing ESM2Embedder using device: cpu
2025-09-30 19:23:57,328 - INFO - Annotator initialized successfully
2025-09-30 19:23:57,328 - INFO - Starting optimized annotation pipeline...
2025-09-30 19:23:57,349 - INFO - Processing 5000 sequences from data/uniprot_sprot_5000.fasta
2025-09-30 19:23:57,349 - INFO - Starting annotation batch 1: sequences 1-12
2025-09-30 19:23:57,349 - INFO - Processing batch of 12 sequences with ESM2 batch embedding
2025-09-30 19:23:57,349 - INFO - Tokenizing 12 sequences...
2025-09-30 19:23:57,355 - INFO - Moving batch to device: cpu
2025-09-30 19:23:57,355 - INFO - Generating embeddings on cpu...
2025-09-30 19:26:24,220 - INFO - Embeddings generated successfully
2025-09-30 19:26:24,569 - INFO - Completed annotation batch 1 in 147.2s (120 results)
2025-09-30 19:26:24,569 - INFO - Annotation Progress: 12/5000 sequences (0.2%) | Elapsed: 147.2s | ETA: 61203.1s
2025-09-30 19:26:24,569 - INFO - Starting annotation batch 2: sequences 13-24
2025-09-30 19:26:24,569 - INFO - Processing batch of 12 sequences with ESM2 batch embedding
2025-09-30 19:26:24,569 - INFO - Tokenizing 12 sequences...
2025-09-30 19:26:24,574 - INFO - Moving batch to device: cpu
2025-09-30 19:26:24,574 - INFO - Generating embeddings on cpu...
2025-09-30 19:28:11,393 - INFO - Embeddings generated successfully
2025-09-30 19:28:11,733 - INFO - Completed annotation batch 2 in 107.2s (120 results)
2025-09-30 19:28:11,734 - INFO - Annotation Progress: 24/5000 sequences (0.5%) | Elapsed: 254.4s | ETA: 52746.8s
2025-09-30 19:28:11,734 - INFO - Starting annotation batch 3: sequences 25-36
2025-09-30 19:28:11,734 - INFO - Processing batch of 12 sequences with ESM2 batch embedding
2025-09-30 19:28:11,734 - INFO - Tokenizing 12 sequences...
2025-09-30 19:28:11,741 - INFO - Moving batch to device: cpu
2025-09-30 19:28:11,741 - INFO - Generating embeddings on cpu...
2025-09-30 19:30:48,962 - INFO - Embeddings generated successfully
2025-09-30 19:30:49,361 - INFO - Completed annotation batch 3 in 157.6s (120 results)
2025-09-30 19:30:49,361 - INFO - Annotation Progress: 36/5000 sequences (0.7%) | Elapsed: 412.0s | ETA: 56814.8s
2025-09-30 19:30:49,361 - INFO - Starting annotation batch 4: sequences 37-48
2025-09-30 19:30:49,361 - INFO - Processing batch of 12 sequences with ESM2 batch embedding
2025-09-30 19:30:49,361 - INFO - Tokenizing 12 sequences...
2025-09-30 19:30:49,367 - INFO - Moving batch to device: cpu
2025-09-30 19:30:49,367 - INFO - Generating embeddings on cpu...
2025-09-30 19:33:12,504 - INFO - Embeddings generated successfully
2025-09-30 19:33:12,904 - INFO - Completed annotation batch 4 in 143.5s (120 results)
2025-09-30 19:33:12,904 - INFO - Annotation Progress: 48/5000 sequences (1.0%) | Elapsed: 555.6s | ETA: 57316.9s
2025-09-30 19:33:12,904 - INFO - Starting annotation batch 5: sequences 49-60
2025-09-30 19:33:12,904 - INFO - Processing batch of 12 sequences with ESM2 batch embedding
2025-09-30 19:33:12,904 - INFO - Tokenizing 12 sequences...
2025-09-30 19:33:12,911 - INFO - Moving batch to device: cpu
2025-09-30 19:33:12,911 - INFO - Generating embeddings on cpu...
2025-09-30 19:35:21,944 - INFO - Embeddings generated successfully
2025-09-30 19:35:22,327 - INFO - Completed annotation batch 5 in 129.4s (120 results)
2025-09-30 19:35:22,328 - INFO - Annotation Progress: 60/5000 sequences (1.2%) | Elapsed: 685.0s | ETA: 56398.3s
2025-09-30 19:35:22,328 - INFO - Starting annotation batch 6: sequences 61-72
2025-09-30 19:35:22,328 - INFO - Processing batch of 12 sequences with ESM2 batch embedding
2025-09-30 19:35:22,328 - INFO - Tokenizing 12 sequences...
2025-09-30 19:35:22,333 - INFO - Moving batch to device: cpu
2025-09-30 19:35:22,333 - INFO - Generating embeddings on cpu...
2025-09-30 19:37:10,504 - INFO - Embeddings generated successfully
2025-09-30 19:37:10,929 - INFO - Completed annotation batch 6 in 108.6s (120 results)
2025-09-30 19:37:10,930 - INFO - Annotation Progress: 72/5000 sequences (1.4%) | Elapsed: 793.6s | ETA: 54317.6s
2025-09-30 19:37:10,930 - INFO - Starting annotation batch 7: sequences 73-84
2025-09-30 19:37:10,930 - INFO - Processing batch of 12 sequences with ESM2 batch embedding
2025-09-30 19:37:10,930 - INFO - Tokenizing 12 sequences...
2025-09-30 19:37:10,936 - INFO - Moving batch to device: cpu
2025-09-30 19:37:10,936 - INFO - Generating embeddings on cpu...
2025-09-30 19:39:14,241 - INFO - Embeddings generated successfully
2025-09-30 19:39:14,660 - INFO - Completed annotation batch 7 in 123.7s (120 results)
2025-09-30 19:39:14,660 - INFO - Annotation Progress: 84/5000 sequences (1.7%) | Elapsed: 917.3s | ETA: 53685.8s
2025-09-30 19:39:14,660 - INFO - Starting annotation batch 8: sequences 85-96
2025-09-30 19:39:14,660 - INFO - Processing batch of 12 sequences with ESM2 batch embedding
2025-09-30 19:39:14,660 - INFO - Tokenizing 12 sequences...
2025-09-30 19:39:14,667 - INFO - Moving batch to device: cpu
2025-09-30 19:39:14,667 - INFO - Generating embeddings on cpu...
2025-09-30 19:42:05,691 - INFO - Embeddings generated successfully
2025-09-30 19:42:06,101 - INFO - Completed annotation batch 8 in 171.4s (120 results)
2025-09-30 19:42:06,101 - INFO - Annotation Progress: 96/5000 sequences (1.9%) | Elapsed: 1088.8s | ETA: 55618.2s
2025-09-30 19:42:06,101 - INFO - Starting annotation batch 9: sequences 97-108
2025-09-30 19:42:06,101 - INFO - Processing batch of 12 sequences with ESM2 batch embedding
2025-09-30 19:42:06,102 - INFO - Tokenizing 12 sequences...
2025-09-30 19:42:06,108 - INFO - Moving batch to device: cpu
2025-09-30 19:42:06,108 - INFO - Generating embeddings on cpu...
2025-09-30 19:44:53,125 - INFO - Embeddings generated successfully
2025-09-30 19:44:53,502 - INFO - Completed annotation batch 9 in 167.4s (120 results)
2025-09-30 19:44:53,503 - INFO - Annotation Progress: 108/5000 sequences (2.2%) | Elapsed: 1256.2s | ETA: 56900.1s
2025-09-30 19:44:53,503 - INFO - Starting annotation batch 10: sequences 109-120
2025-09-30 19:44:53,503 - INFO - Processing batch of 12 sequences with ESM2 batch embedding
2025-09-30 19:44:53,503 - INFO - Tokenizing 12 sequences...
2025-09-30 19:44:53,509 - INFO - Moving batch to device: cpu
2025-09-30 19:44:53,509 - INFO - Generating embeddings on cpu...
2025-09-30 19:47:01,748 - INFO - Embeddings generated successfully
2025-09-30 19:47:02,142 - INFO - Completed annotation batch 10 in 128.6s (120 results)
2025-09-30 19:47:02,142 - INFO - Annotation Progress: 120/5000 sequences (2.4%) | Elapsed: 1384.8s | ETA: 56315.8s
2025-09-30 19:47:02,143 - INFO - Starting annotation batch 11: sequences 121-132
2025-09-30 19:47:02,143 - INFO - Processing batch of 12 sequences with ESM2 batch embedding
2025-09-30 19:47:02,143 - INFO - Tokenizing 12 sequences...
2025-09-30 19:47:02,148 - INFO - Moving batch to device: cpu
2025-09-30 19:47:02,148 - INFO - Generating embeddings on cpu...
2025-09-30 19:49:12,071 - INFO - Embeddings generated successfully
2025-09-30 19:49:12,452 - INFO - Completed annotation batch 11 in 130.3s (120 results)
2025-09-30 19:49:12,452 - INFO - Annotation Progress: 132/5000 sequences (2.6%) | Elapsed: 1515.1s | ETA: 55876.0s
2025-09-30 19:49:12,452 - INFO - Starting annotation batch 12: sequences 133-144
2025-09-30 19:49:12,453 - INFO - Processing batch of 12 sequences with ESM2 batch embedding
2025-09-30 19:49:12,453 - INFO - Tokenizing 12 sequences...
2025-09-30 19:49:12,458 - INFO - Moving batch to device: cpu
2025-09-30 19:49:12,458 - INFO - Generating embeddings on cpu...
2025-09-30 19:51:28,391 - INFO - Embeddings generated successfully
2025-09-30 19:51:28,779 - INFO - Completed annotation batch 12 in 136.3s (120 results)
2025-09-30 19:51:28,779 - INFO - Annotation Progress: 144/5000 sequences (2.9%) | Elapsed: 1651.5s | ETA: 55690.6s
2025-09-30 19:51:28,779 - INFO - Starting annotation batch 13: sequences 145-156
2025-09-30 19:51:28,779 - INFO - Processing batch of 12 sequences with ESM2 batch embedding
2025-09-30 19:51:28,779 - INFO - Tokenizing 12 sequences...
2025-09-30 19:51:28,784 - INFO - Moving batch to device: cpu
2025-09-30 19:51:28,784 - INFO - Generating embeddings on cpu...
2025-09-30 19:53:42,733 - INFO - Embeddings generated successfully
2025-09-30 19:53:43,118 - INFO - Completed annotation batch 13 in 134.3s (120 results)
2025-09-30 19:53:43,118 - INFO - Annotation Progress: 156/5000 sequences (3.1%) | Elapsed: 1785.8s | ETA: 55451.1s
2025-09-30 19:53:43,118 - INFO - Starting annotation batch 14: sequences 157-168
2025-09-30 19:53:43,119 - INFO - Processing batch of 12 sequences with ESM2 batch embedding
2025-09-30 19:53:43,119 - INFO - Tokenizing 12 sequences...
2025-09-30 19:53:43,126 - INFO - Moving batch to device: cpu
2025-09-30 19:53:43,126 - INFO - Generating embeddings on cpu...
2025-09-30 19:56:30,698 - INFO - Embeddings generated successfully
2025-09-30 19:56:31,053 - INFO - Completed annotation batch 14 in 167.9s (120 results)
2025-09-30 19:56:31,053 - INFO - Annotation Progress: 168/5000 sequences (3.4%) | Elapsed: 1953.7s | ETA: 56192.9s
2025-09-30 19:56:31,054 - INFO - Starting annotation batch 15: sequences 169-180
2025-09-30 19:56:31,054 - INFO - Processing batch of 12 sequences with ESM2 batch embedding
2025-09-30 19:56:31,054 - INFO - Tokenizing 12 sequences...
2025-09-30 19:56:31,061 - INFO - Moving batch to device: cpu
2025-09-30 19:56:31,062 - INFO - Generating embeddings on cpu...
2025-09-30 19:59:17,222 - INFO - Embeddings generated successfully
2025-09-30 19:59:17,560 - INFO - Completed annotation batch 15 in 166.5s (120 results)
2025-09-30 19:59:17,560 - INFO - Annotation Progress: 180/5000 sequences (3.6%) | Elapsed: 2120.2s | ETA: 56775.1s
2025-09-30 19:59:17,560 - INFO - Starting annotation batch 16: sequences 181-192
2025-09-30 19:59:17,560 - INFO - Processing batch of 12 sequences with ESM2 batch embedding
2025-09-30 19:59:17,560 - INFO - Tokenizing 12 sequences...
2025-09-30 19:59:17,566 - INFO - Moving batch to device: cpu
2025-09-30 19:59:17,566 - INFO - Generating embeddings on cpu...
2025-09-30 20:01:11,986 - INFO - Embeddings generated successfully
2025-09-30 20:01:12,366 - INFO - Completed annotation batch 16 in 114.8s (120 results)
2025-09-30 20:01:12,366 - INFO - Annotation Progress: 192/5000 sequences (3.8%) | Elapsed: 2235.0s | ETA: 55969.1s
2025-09-30 20:01:12,366 - INFO - Starting annotation batch 17: sequences 193-204
2025-09-30 20:01:12,366 - INFO - Processing batch of 12 sequences with ESM2 batch embedding
2025-09-30 20:01:12,366 - INFO - Tokenizing 12 sequences...
2025-09-30 20:01:12,372 - INFO - Moving batch to device: cpu
2025-09-30 20:01:12,372 - INFO - Generating embeddings on cpu...
2025-09-30 20:03:58,117 - INFO - Embeddings generated successfully
2025-09-30 20:03:58,496 - INFO - Completed annotation batch 17 in 166.1s (120 results)
2025-09-30 20:03:58,496 - INFO - Annotation Progress: 204/5000 sequences (4.1%) | Elapsed: 2401.2s | ETA: 56451.0s
2025-09-30 20:03:58,496 - INFO - Starting annotation batch 18: sequences 205-216
2025-09-30 20:03:58,496 - INFO - Processing batch of 12 sequences with ESM2 batch embedding
2025-09-30 20:03:58,496 - INFO - Tokenizing 12 sequences...
2025-09-30 20:03:58,503 - INFO - Moving batch to device: cpu
2025-09-30 20:03:58,503 - INFO - Generating embeddings on cpu...
2025-09-30 20:06:30,865 - INFO - Embeddings generated successfully
2025-09-30 20:06:31,258 - INFO - Completed annotation batch 18 in 152.8s (120 results)
2025-09-30 20:06:31,258 - INFO - Annotation Progress: 216/5000 sequences (4.3%) | Elapsed: 2553.9s | ETA: 56564.8s
2025-09-30 20:06:31,258 - INFO - Starting annotation batch 19: sequences 217-228
2025-09-30 20:06:31,258 - INFO - Processing batch of 12 sequences with ESM2 batch embedding
2025-09-30 20:06:31,259 - INFO - Tokenizing 12 sequences...
2025-09-30 20:06:31,264 - INFO - Moving batch to device: cpu
2025-09-30 20:06:31,264 - INFO - Generating embeddings on cpu...
2025-09-30 20:08:03,361 - INFO - Embeddings generated successfully
2025-09-30 20:08:03,650 - INFO - Completed annotation batch 19 in 92.4s (120 results)
2025-09-30 20:08:03,651 - INFO - Annotation Progress: 228/5000 sequences (4.6%) | Elapsed: 2646.3s | ETA: 55387.1s
2025-09-30 20:08:03,651 - INFO - Starting annotation batch 20: sequences 229-240
2025-09-30 20:08:03,651 - INFO - Processing batch of 12 sequences with ESM2 batch embedding
2025-09-30 20:08:03,651 - INFO - Tokenizing 12 sequences...
2025-09-30 20:08:03,658 - INFO - Moving batch to device: cpu
2025-09-30 20:08:03,658 - INFO - Generating embeddings on cpu...
2025-09-30 20:10:20,018 - INFO - Embeddings generated successfully
2025-09-30 20:10:20,413 - INFO - Completed annotation batch 20 in 136.8s (120 results)
2025-09-30 20:10:20,414 - INFO - Annotation Progress: 240/5000 sequences (4.8%) | Elapsed: 2783.1s | ETA: 55197.9s
2025-09-30 20:10:20,414 - INFO - Starting annotation batch 21: sequences 241-252
2025-09-30 20:10:20,414 - INFO - Processing batch of 12 sequences with ESM2 batch embedding
2025-09-30 20:10:20,414 - INFO - Tokenizing 12 sequences...
2025-09-30 20:10:20,421 - INFO - Moving batch to device: cpu
2025-09-30 20:10:20,421 - INFO - Generating embeddings on cpu...
2025-09-30 20:13:05,359 - INFO - Embeddings generated successfully
2025-09-30 20:13:05,688 - INFO - Completed annotation batch 21 in 165.3s (120 results)
2025-09-30 20:13:05,688 - INFO - Annotation Progress: 252/5000 sequences (5.0%) | Elapsed: 2948.4s | ETA: 55550.8s
2025-09-30 20:13:05,688 - INFO - Starting annotation batch 22: sequences 253-264
2025-09-30 20:13:05,688 - INFO - Processing batch of 12 sequences with ESM2 batch embedding
2025-09-30 20:13:05,688 - INFO - Tokenizing 12 sequences...
2025-09-30 20:13:05,695 - INFO - Moving batch to device: cpu
2025-09-30 20:13:05,695 - INFO - Generating embeddings on cpu...
2025-09-30 20:15:49,454 - INFO - Embeddings generated successfully
2025-09-30 20:15:49,829 - INFO - Completed annotation batch 22 in 164.1s (120 results)
2025-09-30 20:15:49,829 - INFO - Annotation Progress: 264/5000 sequences (5.3%) | Elapsed: 3112.5s | ETA: 55836.4s
2025-09-30 20:15:49,829 - INFO - Starting annotation batch 23: sequences 265-276
2025-09-30 20:15:49,829 - INFO - Processing batch of 12 sequences with ESM2 batch embedding
2025-09-30 20:15:49,829 - INFO - Tokenizing 12 sequences...
2025-09-30 20:15:49,834 - INFO - Moving batch to device: cpu
2025-09-30 20:15:49,835 - INFO - Generating embeddings on cpu...
2025-09-30 20:18:09,500 - INFO - Embeddings generated successfully
2025-09-30 20:18:09,892 - INFO - Completed annotation batch 23 in 140.1s (120 results)
2025-09-30 20:18:09,892 - INFO - Annotation Progress: 276/5000 sequences (5.5%) | Elapsed: 3252.6s | ETA: 55670.7s
2025-09-30 20:18:09,892 - INFO - Starting annotation batch 24: sequences 277-288
2025-09-30 20:18:09,892 - INFO - Processing batch of 12 sequences with ESM2 batch embedding
2025-09-30 20:18:09,892 - INFO - Tokenizing 12 sequences...
2025-09-30 20:18:09,898 - INFO - Moving batch to device: cpu
2025-09-30 20:18:09,899 - INFO - Generating embeddings on cpu...
2025-09-30 20:20:50,432 - INFO - Embeddings generated successfully
2025-09-30 20:20:50,771 - INFO - Completed annotation batch 24 in 160.9s (120 results)
2025-09-30 20:20:50,771 - INFO - Annotation Progress: 288/5000 sequences (5.8%) | Elapsed: 3413.4s | ETA: 55847.7s
2025-09-30 20:20:50,771 - INFO - Starting annotation batch 25: sequences 289-300
2025-09-30 20:20:50,772 - INFO - Processing batch of 12 sequences with ESM2 batch embedding
2025-09-30 20:20:50,772 - INFO - Tokenizing 12 sequences...
2025-09-30 20:20:50,777 - INFO - Moving batch to device: cpu
2025-09-30 20:20:50,777 - INFO - Generating embeddings on cpu...
2025-09-30 20:21:57,738 - INFO - Embeddings generated successfully
2025-09-30 20:21:58,048 - INFO - Completed annotation batch 25 in 67.3s (120 results)
2025-09-30 20:21:58,048 - INFO - Annotation Progress: 300/5000 sequences (6.0%) | Elapsed: 3480.7s | ETA: 54531.3s
2025-09-30 20:21:58,049 - INFO - Starting annotation batch 26: sequences 301-312
2025-09-30 20:21:58,049 - INFO - Processing batch of 12 sequences with ESM2 batch embedding
2025-09-30 20:21:58,049 - INFO - Tokenizing 12 sequences...
2025-09-30 20:21:58,055 - INFO - Moving batch to device: cpu
2025-09-30 20:21:58,055 - INFO - Generating embeddings on cpu...
2025-09-30 20:23:49,352 - INFO - Embeddings generated successfully
2025-09-30 20:23:49,661 - INFO - Completed annotation batch 26 in 111.6s (120 results)
2025-09-30 20:23:49,661 - INFO - Annotation Progress: 312/5000 sequences (6.2%) | Elapsed: 3592.3s | ETA: 53977.1s
2025-09-30 20:23:49,661 - INFO - Starting annotation batch 27: sequences 313-324
2025-09-30 20:23:49,661 - INFO - Processing batch of 12 sequences with ESM2 batch embedding
2025-09-30 20:23:49,662 - INFO - Tokenizing 12 sequences...
2025-09-30 20:23:49,666 - INFO - Moving batch to device: cpu
2025-09-30 20:23:49,666 - INFO - Generating embeddings on cpu...
2025-09-30 20:25:01,731 - INFO - Embeddings generated successfully
2025-09-30 20:25:02,032 - INFO - Completed annotation batch 27 in 72.4s (120 results)
2025-09-30 20:25:02,032 - INFO - Annotation Progress: 324/5000 sequences (6.5%) | Elapsed: 3664.7s | ETA: 52889.4s
2025-09-30 20:25:02,032 - INFO - Starting annotation batch 28: sequences 325-336
2025-09-30 20:25:02,032 - INFO - Processing batch of 12 sequences with ESM2 batch embedding
2025-09-30 20:25:02,032 - INFO - Tokenizing 12 sequences...
2025-09-30 20:25:02,039 - INFO - Moving batch to device: cpu
2025-09-30 20:25:02,040 - INFO - Generating embeddings on cpu...
2025-09-30 20:27:39,121 - INFO - Embeddings generated successfully
2025-09-30 20:27:39,433 - INFO - Completed annotation batch 28 in 157.4s (120 results)
2025-09-30 20:27:39,433 - INFO - Annotation Progress: 336/5000 sequences (6.7%) | Elapsed: 3822.1s | ETA: 53054.5s
2025-09-30 20:27:39,433 - INFO - Starting annotation batch 29: sequences 337-348
2025-09-30 20:27:39,433 - INFO - Processing batch of 12 sequences with ESM2 batch embedding
2025-09-30 20:27:39,433 - INFO - Tokenizing 12 sequences...
2025-09-30 20:27:39,438 - INFO - Moving batch to device: cpu
2025-09-30 20:27:39,439 - INFO - Generating embeddings on cpu...
2025-09-30 20:29:40,934 - INFO - Embeddings generated successfully
2025-09-30 20:29:41,242 - INFO - Completed annotation batch 29 in 121.8s (120 results)
2025-09-30 20:29:41,242 - INFO - Annotation Progress: 348/5000 sequences (7.0%) | Elapsed: 3943.9s | ETA: 52721.5s
2025-09-30 20:29:41,242 - INFO - Starting annotation batch 30: sequences 349-360
2025-09-30 20:29:41,243 - INFO - Processing batch of 12 sequences with ESM2 batch embedding
2025-09-30 20:29:41,243 - INFO - Tokenizing 12 sequences...
2025-09-30 20:29:41,247 - INFO - Moving batch to device: cpu
2025-09-30 20:29:41,247 - INFO - Generating embeddings on cpu...
2025-09-30 20:31:10,299 - INFO - Embeddings generated successfully
2025-09-30 20:31:10,593 - INFO - Completed annotation batch 30 in 89.4s (120 results)
2025-09-30 20:31:10,593 - INFO - Annotation Progress: 360/5000 sequences (7.2%) | Elapsed: 4033.3s | ETA: 51984.3s
2025-09-30 20:31:10,593 - INFO - Starting annotation batch 31: sequences 361-372
2025-09-30 20:31:10,593 - INFO - Processing batch of 12 sequences with ESM2 batch embedding
2025-09-30 20:31:10,593 - INFO - Tokenizing 12 sequences...
2025-09-30 20:31:10,601 - INFO - Moving batch to device: cpu
2025-09-30 20:31:10,601 - INFO - Generating embeddings on cpu...
2025-09-30 20:33:39,906 - INFO - Embeddings generated successfully
2025-09-30 20:33:40,219 - INFO - Completed annotation batch 31 in 149.6s (120 results)
2025-09-30 20:33:40,219 - INFO - Annotation Progress: 372/5000 sequences (7.4%) | Elapsed: 4182.9s | ETA: 52038.8s
2025-09-30 20:33:40,219 - INFO - Starting annotation batch 32: sequences 373-384
2025-09-30 20:33:40,219 - INFO - Processing batch of 12 sequences with ESM2 batch embedding
2025-09-30 20:33:40,219 - INFO - Tokenizing 12 sequences...
2025-09-30 20:33:40,226 - INFO - Moving batch to device: cpu
2025-09-30 20:33:40,226 - INFO - Generating embeddings on cpu...
2025-09-30 20:35:45,010 - INFO - Embeddings generated successfully
2025-09-30 20:35:45,310 - INFO - Completed annotation batch 32 in 125.1s (120 results)
2025-09-30 20:35:45,310 - INFO - Annotation Progress: 384/5000 sequences (7.7%) | Elapsed: 4308.0s | ETA: 51785.5s
2025-09-30 20:35:45,310 - INFO - Starting annotation batch 33: sequences 385-396
2025-09-30 20:35:45,310 - INFO - Processing batch of 12 sequences with ESM2 batch embedding
2025-09-30 20:35:45,310 - INFO - Tokenizing 12 sequences...
2025-09-30 20:35:45,316 - INFO - Moving batch to device: cpu
2025-09-30 20:35:45,316 - INFO - Generating embeddings on cpu...
2025-09-30 20:37:26,097 - INFO - Embeddings generated successfully
2025-09-30 20:37:26,401 - INFO - Completed annotation batch 33 in 101.1s (120 results)
2025-09-30 20:37:26,401 - INFO - Annotation Progress: 396/5000 sequences (7.9%) | Elapsed: 4409.1s | ETA: 51261.0s
2025-09-30 20:37:26,401 - INFO - Starting annotation batch 34: sequences 397-408
2025-09-30 20:37:26,401 - INFO - Processing batch of 12 sequences with ESM2 batch embedding
2025-09-30 20:37:26,401 - INFO - Tokenizing 12 sequences...
2025-09-30 20:37:26,406 - INFO - Moving batch to device: cpu
2025-09-30 20:37:26,406 - INFO - Generating embeddings on cpu...
2025-09-30 20:38:45,385 - INFO - Embeddings generated successfully
2025-09-30 20:38:45,688 - INFO - Completed annotation batch 34 in 79.3s (120 results)
2025-09-30 20:38:45,688 - INFO - Annotation Progress: 408/5000 sequences (8.2%) | Elapsed: 4488.4s | ETA: 50516.1s
2025-09-30 20:38:45,688 - INFO - Starting annotation batch 35: sequences 409-420
2025-09-30 20:38:45,688 - INFO - Processing batch of 12 sequences with ESM2 batch embedding
2025-09-30 20:38:45,688 - INFO - Tokenizing 12 sequences...
2025-09-30 20:38:45,693 - INFO - Moving batch to device: cpu
2025-09-30 20:38:45,693 - INFO - Generating embeddings on cpu...
2025-09-30 20:40:21,966 - INFO - Embeddings generated successfully
2025-09-30 20:40:22,271 - INFO - Completed annotation batch 35 in 96.6s (120 results)
2025-09-30 20:40:22,271 - INFO - Annotation Progress: 420/5000 sequences (8.4%) | Elapsed: 4584.9s | ETA: 49997.7s
2025-09-30 20:40:22,271 - INFO - Starting annotation batch 36: sequences 421-432
2025-09-30 20:40:22,271 - INFO - Processing batch of 12 sequences with ESM2 batch embedding
2025-09-30 20:40:22,271 - INFO - Tokenizing 12 sequences...
2025-09-30 20:40:22,276 - INFO - Moving batch to device: cpu
2025-09-30 20:40:22,276 - INFO - Generating embeddings on cpu...
2025-09-30 20:41:34,327 - INFO - Embeddings generated successfully
2025-09-30 20:41:34,632 - INFO - Completed annotation batch 36 in 72.4s (120 results)
2025-09-30 20:41:34,632 - INFO - Annotation Progress: 432/5000 sequences (8.6%) | Elapsed: 4657.3s | ETA: 49246.7s
2025-09-30 20:41:34,633 - INFO - Starting annotation batch 37: sequences 433-444
2025-09-30 20:41:34,633 - INFO - Processing batch of 12 sequences with ESM2 batch embedding
2025-09-30 20:41:34,633 - INFO - Tokenizing 12 sequences...
2025-09-30 20:41:34,638 - INFO - Moving batch to device: cpu
2025-09-30 20:41:34,638 - INFO - Generating embeddings on cpu...
2025-09-30 20:43:16,174 - INFO - Embeddings generated successfully
2025-09-30 20:43:16,492 - INFO - Completed annotation batch 37 in 101.9s (120 results)
2025-09-30 20:43:16,492 - INFO - Annotation Progress: 444/5000 sequences (8.9%) | Elapsed: 4759.2s | ETA: 48835.0s
2025-09-30 20:43:16,492 - INFO - Starting annotation batch 38: sequences 445-456
2025-09-30 20:43:16,492 - INFO - Processing batch of 12 sequences with ESM2 batch embedding
2025-09-30 20:43:16,492 - INFO - Tokenizing 12 sequences...
2025-09-30 20:43:16,498 - INFO - Moving batch to device: cpu
2025-09-30 20:43:16,498 - INFO - Generating embeddings on cpu...
2025-09-30 20:45:46,847 - INFO - Embeddings generated successfully
2025-09-30 20:45:47,156 - INFO - Completed annotation batch 38 in 150.7s (120 results)
2025-09-30 20:45:47,156 - INFO - Annotation Progress: 456/5000 sequences (9.1%) | Elapsed: 4909.8s | ETA: 48926.0s
2025-09-30 20:45:47,156 - INFO - Starting annotation batch 39: sequences 457-468
2025-09-30 20:45:47,156 - INFO - Processing batch of 12 sequences with ESM2 batch embedding
2025-09-30 20:45:47,156 - INFO - Tokenizing 12 sequences...
2025-09-30 20:45:47,163 - INFO - Moving batch to device: cpu
2025-09-30 20:45:47,164 - INFO - Generating embeddings on cpu...
2025-09-30 20:48:15,333 - INFO - Embeddings generated successfully
2025-09-30 20:48:15,630 - INFO - Completed annotation batch 39 in 148.5s (120 results)
2025-09-30 20:48:15,630 - INFO - Annotation Progress: 468/5000 sequences (9.4%) | Elapsed: 5058.3s | ETA: 48983.4s
2025-09-30 20:48:15,630 - INFO - Starting annotation batch 40: sequences 469-480
2025-09-30 20:48:15,630 - INFO - Processing batch of 12 sequences with ESM2 batch embedding
2025-09-30 20:48:15,630 - INFO - Tokenizing 12 sequences...
2025-09-30 20:48:15,635 - INFO - Moving batch to device: cpu
2025-09-30 20:48:15,635 - INFO - Generating embeddings on cpu...
2025-09-30 20:49:25,249 - INFO - Embeddings generated successfully
2025-09-30 20:49:25,553 - INFO - Completed annotation batch 40 in 69.9s (120 results)
2025-09-30 20:49:25,554 - INFO - Annotation Progress: 480/5000 sequences (9.6%) | Elapsed: 5128.2s | ETA: 48290.8s
2025-09-30 20:49:25,554 - INFO - Starting annotation batch 41: sequences 481-492
2025-09-30 20:49:25,554 - INFO - Processing batch of 12 sequences with ESM2 batch embedding
2025-09-30 20:49:25,554 - INFO - Tokenizing 12 sequences...
2025-09-30 20:49:25,559 - INFO - Moving batch to device: cpu
2025-09-30 20:49:25,559 - INFO - Generating embeddings on cpu...
2025-09-30 20:50:52,216 - INFO - Embeddings generated successfully
2025-09-30 20:50:52,515 - INFO - Completed annotation batch 41 in 87.0s (120 results)
2025-09-30 20:50:52,515 - INFO - Annotation Progress: 492/5000 sequences (9.8%) | Elapsed: 5215.2s | ETA: 47784.7s
2025-09-30 20:50:52,515 - INFO - Starting annotation batch 42: sequences 493-504
2025-09-30 20:50:52,515 - INFO - Processing batch of 12 sequences with ESM2 batch embedding
2025-09-30 20:50:52,515 - INFO - Tokenizing 12 sequences...
2025-09-30 20:50:52,519 - INFO - Moving batch to device: cpu
2025-09-30 20:50:52,520 - INFO - Generating embeddings on cpu...
2025-09-30 20:51:59,649 - INFO - Embeddings generated successfully
2025-09-30 20:51:59,952 - INFO - Completed annotation batch 42 in 67.4s (120 results)
2025-09-30 20:51:59,952 - INFO - Annotation Progress: 504/5000 sequences (10.1%) | Elapsed: 5282.6s | ETA: 47124.4s
2025-09-30 20:51:59,952 - INFO - Starting annotation batch 43: sequences 505-516
2025-09-30 20:51:59,952 - INFO - Processing batch of 12 sequences with ESM2 batch embedding
2025-09-30 20:51:59,953 - INFO - Tokenizing 12 sequences...
2025-09-30 20:51:59,959 - INFO - Moving batch to device: cpu
2025-09-30 20:51:59,959 - INFO - Generating embeddings on cpu...
2025-09-30 20:53:39,762 - INFO - Embeddings generated successfully
2025-09-30 20:53:40,062 - INFO - Completed annotation batch 43 in 100.1s (120 results)
2025-09-30 20:53:40,062 - INFO - Annotation Progress: 516/5000 sequences (10.3%) | Elapsed: 5382.7s | ETA: 46775.5s
2025-09-30 20:53:40,062 - INFO - Starting annotation batch 44: sequences 517-528
2025-09-30 20:53:40,062 - INFO - Processing batch of 12 sequences with ESM2 batch embedding
2025-09-30 20:53:40,062 - INFO - Tokenizing 12 sequences...
2025-09-30 20:53:40,070 - INFO - Moving batch to device: cpu
2025-09-30 20:53:40,070 - INFO - Generating embeddings on cpu...
2025-09-30 20:56:08,838 - INFO - Embeddings generated successfully
2025-09-30 20:56:09,153 - INFO - Completed annotation batch 44 in 149.1s (120 results)
2025-09-30 20:56:09,153 - INFO - Annotation Progress: 528/5000 sequences (10.6%) | Elapsed: 5531.8s | ETA: 46852.9s
2025-09-30 20:56:09,153 - INFO - Starting annotation batch 45: sequences 529-540
2025-09-30 20:56:09,154 - INFO - Processing batch of 12 sequences with ESM2 batch embedding
2025-09-30 20:56:09,154 - INFO - Tokenizing 12 sequences...
2025-09-30 20:56:09,161 - INFO - Moving batch to device: cpu
2025-09-30 20:56:09,161 - INFO - Generating embeddings on cpu...
2025-09-30 20:58:19,915 - INFO - Embeddings generated successfully
2025-09-30 20:58:20,217 - INFO - Completed annotation batch 45 in 131.1s (120 results)
2025-09-30 20:58:20,217 - INFO - Annotation Progress: 540/5000 sequences (10.8%) | Elapsed: 5662.9s | ETA: 46771.3s
2025-09-30 20:58:20,217 - INFO - Starting annotation batch 46: sequences 541-552
2025-09-30 20:58:20,217 - INFO - Processing batch of 12 sequences with ESM2 batch embedding
2025-09-30 20:58:20,217 - INFO - Tokenizing 12 sequences...
2025-09-30 20:58:20,222 - INFO - Moving batch to device: cpu
2025-09-30 20:58:20,222 - INFO - Generating embeddings on cpu...
2025-09-30 20:59:51,695 - INFO - Embeddings generated successfully
2025-09-30 20:59:51,988 - INFO - Completed annotation batch 46 in 91.8s (120 results)
2025-09-30 20:59:51,989 - INFO - Annotation Progress: 552/5000 sequences (11.0%) | Elapsed: 5754.7s | ETA: 46370.9s
2025-09-30 20:59:51,989 - INFO - Starting annotation batch 47: sequences 553-564
2025-09-30 20:59:51,989 - INFO - Processing batch of 12 sequences with ESM2 batch embedding
2025-09-30 20:59:51,989 - INFO - Tokenizing 12 sequences...
2025-09-30 20:59:51,995 - INFO - Moving batch to device: cpu
2025-09-30 20:59:51,995 - INFO - Generating embeddings on cpu...
2025-09-30 21:01:26,538 - INFO - Embeddings generated successfully
2025-09-30 21:01:26,844 - INFO - Completed annotation batch 47 in 94.9s (120 results)
2025-09-30 21:01:26,844 - INFO - Annotation Progress: 564/5000 sequences (11.3%) | Elapsed: 5849.5s | ETA: 46007.9s
2025-09-30 21:01:26,844 - INFO - Starting annotation batch 48: sequences 565-576
2025-09-30 21:01:26,844 - INFO - Processing batch of 12 sequences with ESM2 batch embedding
2025-09-30 21:01:26,844 - INFO - Tokenizing 12 sequences...
2025-09-30 21:01:26,854 - INFO - Moving batch to device: cpu
2025-09-30 21:01:26,854 - INFO - Generating embeddings on cpu...
2025-09-30 21:03:55,969 - INFO - Embeddings generated successfully
2025-09-30 21:03:56,272 - INFO - Completed annotation batch 48 in 149.4s (120 results)
2025-09-30 21:03:56,272 - INFO - Annotation Progress: 576/5000 sequences (11.5%) | Elapsed: 5998.9s | ETA: 46075.2s
2025-09-30 21:03:56,272 - INFO - Starting annotation batch 49: sequences 577-588
2025-09-30 21:03:56,272 - INFO - Processing batch of 12 sequences with ESM2 batch embedding
2025-09-30 21:03:56,272 - INFO - Tokenizing 12 sequences...
2025-09-30 21:03:56,278 - INFO - Moving batch to device: cpu
2025-09-30 21:03:56,278 - INFO - Generating embeddings on cpu...
2025-09-30 21:05:20,634 - INFO - Embeddings generated successfully
2025-09-30 21:05:20,940 - INFO - Completed annotation batch 49 in 84.7s (120 results)
2025-09-30 21:05:20,940 - INFO - Annotation Progress: 588/5000 sequences (11.8%) | Elapsed: 6083.6s | ETA: 45647.8s
2025-09-30 21:05:20,940 - INFO - Starting annotation batch 50: sequences 589-600
2025-09-30 21:05:20,940 - INFO - Processing batch of 12 sequences with ESM2 batch embedding
2025-09-30 21:05:20,940 - INFO - Tokenizing 12 sequences...
2025-09-30 21:05:20,947 - INFO - Moving batch to device: cpu
2025-09-30 21:05:20,947 - INFO - Generating embeddings on cpu...
2025-09-30 21:07:26,733 - INFO - Embeddings generated successfully
2025-09-30 21:07:27,034 - INFO - Completed annotation batch 50 in 126.1s (120 results)
2025-09-30 21:07:27,035 - INFO - Annotation Progress: 600/5000 sequences (12.0%) | Elapsed: 6209.7s | ETA: 45537.8s
2025-09-30 21:07:27,035 - INFO - Starting annotation batch 51: sequences 601-612
2025-09-30 21:07:27,035 - INFO - Processing batch of 12 sequences with ESM2 batch embedding
2025-09-30 21:07:27,035 - INFO - Tokenizing 12 sequences...
2025-09-30 21:07:27,040 - INFO - Moving batch to device: cpu
2025-09-30 21:07:27,040 - INFO - Generating embeddings on cpu...
2025-09-30 21:08:37,149 - INFO - Embeddings generated successfully
2025-09-30 21:08:37,456 - INFO - Completed annotation batch 51 in 70.4s (120 results)
2025-09-30 21:08:37,456 - INFO - Annotation Progress: 612/5000 sequences (12.2%) | Elapsed: 6280.1s | ETA: 45028.1s
2025-09-30 21:08:37,457 - INFO - Starting annotation batch 52: sequences 613-624
2025-09-30 21:08:37,457 - INFO - Processing batch of 12 sequences with ESM2 batch embedding
2025-09-30 21:08:37,457 - INFO - Tokenizing 12 sequences...
2025-09-30 21:08:37,463 - INFO - Moving batch to device: cpu
2025-09-30 21:08:37,463 - INFO - Generating embeddings on cpu...
2025-09-30 21:11:06,701 - INFO - Embeddings generated successfully
2025-09-30 21:11:07,026 - INFO - Completed annotation batch 52 in 149.6s (120 results)
2025-09-30 21:11:07,027 - INFO - Annotation Progress: 624/5000 sequences (12.5%) | Elapsed: 6429.7s | ETA: 45090.3s
2025-09-30 21:11:07,027 - INFO - Starting annotation batch 53: sequences 625-636
2025-09-30 21:11:07,027 - INFO - Processing batch of 12 sequences with ESM2 batch embedding
2025-09-30 21:11:07,027 - INFO - Tokenizing 12 sequences...
2025-09-30 21:11:07,031 - INFO - Moving batch to device: cpu
2025-09-30 21:11:07,032 - INFO - Generating embeddings on cpu...
2025-09-30 21:12:39,049 - INFO - Embeddings generated successfully
2025-09-30 21:12:39,356 - INFO - Completed annotation batch 53 in 92.3s (120 results)
2025-09-30 21:12:39,356 - INFO - Annotation Progress: 636/5000 sequences (12.7%) | Elapsed: 6522.0s | ETA: 44751.8s
2025-09-30 21:12:39,356 - INFO - Starting annotation batch 54: sequences 637-648
2025-09-30 21:12:39,356 - INFO - Processing batch of 12 sequences with ESM2 batch embedding
2025-09-30 21:12:39,356 - INFO - Tokenizing 12 sequences...
2025-09-30 21:12:39,362 - INFO - Moving batch to device: cpu
2025-09-30 21:12:39,362 - INFO - Generating embeddings on cpu...
2025-09-30 21:14:15,503 - INFO - Embeddings generated successfully
2025-09-30 21:14:15,800 - INFO - Completed annotation batch 54 in 96.4s (120 results)
2025-09-30 21:14:15,800 - INFO - Annotation Progress: 648/5000 sequences (13.0%) | Elapsed: 6618.5s | ETA: 44450.0s
2025-09-30 21:14:15,800 - INFO - Starting annotation batch 55: sequences 649-660
2025-09-30 21:14:15,800 - INFO - Processing batch of 12 sequences with ESM2 batch embedding
2025-09-30 21:14:15,800 - INFO - Tokenizing 12 sequences...
2025-09-30 21:14:15,806 - INFO - Moving batch to device: cpu
2025-09-30 21:14:15,807 - INFO - Generating embeddings on cpu...
2025-09-30 21:16:19,957 - INFO - Embeddings generated successfully
2025-09-30 21:16:20,270 - INFO - Completed annotation batch 55 in 124.5s (120 results)
2025-09-30 21:16:20,270 - INFO - Annotation Progress: 660/5000 sequences (13.2%) | Elapsed: 6742.9s | ETA: 44339.9s
2025-09-30 21:16:20,270 - INFO - Starting annotation batch 56: sequences 661-672
2025-09-30 21:16:20,270 - INFO - Processing batch of 12 sequences with ESM2 batch embedding
2025-09-30 21:16:20,270 - INFO - Tokenizing 12 sequences...
2025-09-30 21:16:20,276 - INFO - Moving batch to device: cpu
2025-09-30 21:16:20,276 - INFO - Generating embeddings on cpu...
2025-09-30 21:18:49,184 - INFO - Embeddings generated successfully
2025-09-30 21:18:49,504 - INFO - Completed annotation batch 56 in 149.2s (120 results)
2025-09-30 21:18:49,504 - INFO - Annotation Progress: 672/5000 sequences (13.4%) | Elapsed: 6892.2s | ETA: 44388.9s
2025-09-30 21:18:49,504 - INFO - Starting annotation batch 57: sequences 673-684
2025-09-30 21:18:49,504 - INFO - Processing batch of 12 sequences with ESM2 batch embedding
2025-09-30 21:18:49,504 - INFO - Tokenizing 12 sequences...
2025-09-30 21:18:49,508 - INFO - Moving batch to device: cpu
2025-09-30 21:18:49,508 - INFO - Generating embeddings on cpu...
2025-09-30 21:19:46,639 - INFO - Embeddings generated successfully
2025-09-30 21:19:46,959 - INFO - Completed annotation batch 57 in 57.5s (120 results)
2025-09-30 21:19:46,959 - INFO - Annotation Progress: 684/5000 sequences (13.7%) | Elapsed: 6949.6s | ETA: 43851.8s
2025-09-30 21:19:46,959 - INFO - Starting annotation batch 58: sequences 685-696
2025-09-30 21:19:46,959 - INFO - Processing batch of 12 sequences with ESM2 batch embedding
2025-09-30 21:19:46,959 - INFO - Tokenizing 12 sequences...
2025-09-30 21:19:46,964 - INFO - Moving batch to device: cpu
2025-09-30 21:19:46,964 - INFO - Generating embeddings on cpu...
2025-09-30 21:21:04,743 - INFO - Embeddings generated successfully
2025-09-30 21:21:05,040 - INFO - Completed annotation batch 58 in 78.1s (120 results)
2025-09-30 21:21:05,040 - INFO - Annotation Progress: 696/5000 sequences (13.9%) | Elapsed: 7027.7s | ETA: 43458.7s
2025-09-30 21:21:05,040 - INFO - Starting annotation batch 59: sequences 697-708
2025-09-30 21:21:05,041 - INFO - Processing batch of 12 sequences with ESM2 batch embedding
2025-09-30 21:21:05,041 - INFO - Tokenizing 12 sequences...
2025-09-30 21:21:05,048 - INFO - Moving batch to device: cpu
2025-09-30 21:21:05,048 - INFO - Generating embeddings on cpu...
2025-09-30 21:23:33,784 - INFO - Embeddings generated successfully
2025-09-30 21:23:34,111 - INFO - Completed annotation batch 59 in 149.1s (120 results)
2025-09-30 21:23:34,111 - INFO - Annotation Progress: 708/5000 sequences (14.2%) | Elapsed: 7176.8s | ETA: 43506.7s
2025-09-30 21:23:34,111 - INFO - Starting annotation batch 60: sequences 709-720
2025-09-30 21:23:34,111 - INFO - Processing batch of 12 sequences with ESM2 batch embedding
2025-09-30 21:23:34,111 - INFO - Tokenizing 12 sequences...
2025-09-30 21:23:34,115 - INFO - Moving batch to device: cpu
2025-09-30 21:23:34,115 - INFO - Generating embeddings on cpu...
2025-09-30 21:25:08,003 - INFO - Embeddings generated successfully
2025-09-30 21:25:08,308 - INFO - Completed annotation batch 60 in 94.2s (120 results)
2025-09-30 21:25:08,308 - INFO - Annotation Progress: 720/5000 sequences (14.4%) | Elapsed: 7271.0s | ETA: 43221.9s
2025-09-30 21:25:08,309 - INFO - Starting annotation batch 61: sequences 721-732
2025-09-30 21:25:08,309 - INFO - Processing batch of 12 sequences with ESM2 batch embedding
2025-09-30 21:25:08,309 - INFO - Tokenizing 12 sequences...
2025-09-30 21:25:08,315 - INFO - Moving batch to device: cpu
2025-09-30 21:25:08,315 - INFO - Generating embeddings on cpu...
2025-09-30 21:27:37,339 - INFO - Embeddings generated successfully
2025-09-30 21:27:37,644 - INFO - Completed annotation batch 61 in 149.3s (120 results)
2025-09-30 21:27:37,644 - INFO - Annotation Progress: 732/5000 sequences (14.6%) | Elapsed: 7420.3s | ETA: 43264.9s
2025-09-30 21:27:37,644 - INFO - Starting annotation batch 62: sequences 733-744
2025-09-30 21:27:37,644 - INFO - Processing batch of 12 sequences with ESM2 batch embedding
2025-09-30 21:27:37,644 - INFO - Tokenizing 12 sequences...
2025-09-30 21:27:37,649 - INFO - Moving batch to device: cpu
2025-09-30 21:27:37,649 - INFO - Generating embeddings on cpu...
2025-09-30 21:28:42,072 - INFO - Embeddings generated successfully
2025-09-30 21:28:42,370 - INFO - Completed annotation batch 62 in 64.7s (120 results)
2025-09-30 21:28:42,370 - INFO - Annotation Progress: 744/5000 sequences (14.9%) | Elapsed: 7485.0s | ETA: 42817.7s
2025-09-30 21:28:42,370 - INFO - Starting annotation batch 63: sequences 745-756
2025-09-30 21:28:42,370 - INFO - Processing batch of 12 sequences with ESM2 batch embedding
2025-09-30 21:28:42,371 - INFO - Tokenizing 12 sequences...
2025-09-30 21:28:42,374 - INFO - Moving batch to device: cpu
2025-09-30 21:28:42,374 - INFO - Generating embeddings on cpu...
2025-09-30 21:29:46,112 - INFO - Embeddings generated successfully
2025-09-30 21:29:46,414 - INFO - Completed annotation batch 63 in 64.0s (120 results)
2025-09-30 21:29:46,415 - INFO - Annotation Progress: 756/5000 sequences (15.1%) | Elapsed: 7549.1s | ETA: 42378.7s
2025-09-30 21:29:46,415 - INFO - Starting annotation batch 64: sequences 757-768
2025-09-30 21:29:46,415 - INFO - Processing batch of 12 sequences with ESM2 batch embedding
2025-09-30 21:29:46,415 - INFO - Tokenizing 12 sequences...
2025-09-30 21:29:46,420 - INFO - Moving batch to device: cpu
2025-09-30 21:29:46,420 - INFO - Generating embeddings on cpu...
2025-09-30 21:31:08,697 - INFO - Embeddings generated successfully
2025-09-30 21:31:09,003 - INFO - Completed annotation batch 64 in 82.6s (120 results)
2025-09-30 21:31:09,003 - INFO - Annotation Progress: 768/5000 sequences (15.4%) | Elapsed: 7631.7s | ETA: 42053.7s
2025-09-30 21:31:09,003 - INFO - Starting annotation batch 65: sequences 769-780
2025-09-30 21:31:09,003 - INFO - Processing batch of 12 sequences with ESM2 batch embedding
2025-09-30 21:31:09,003 - INFO - Tokenizing 12 sequences...
2025-09-30 21:31:09,008 - INFO - Moving batch to device: cpu
2025-09-30 21:31:09,008 - INFO - Generating embeddings on cpu...
2025-09-30 21:32:36,104 - INFO - Embeddings generated successfully
2025-09-30 21:32:36,406 - INFO - Completed annotation batch 65 in 87.4s (120 results)
2025-09-30 21:32:36,406 - INFO - Annotation Progress: 780/5000 sequences (15.6%) | Elapsed: 7719.1s | ETA: 41762.2s
2025-09-30 21:32:36,406 - INFO - Starting annotation batch 66: sequences 781-792
2025-09-30 21:32:36,406 - INFO - Processing batch of 12 sequences with ESM2 batch embedding
2025-09-30 21:32:36,406 - INFO - Tokenizing 12 sequences...
2025-09-30 21:32:36,412 - INFO - Moving batch to device: cpu
2025-09-30 21:32:36,412 - INFO - Generating embeddings on cpu...
2025-09-30 21:34:33,477 - INFO - Embeddings generated successfully
2025-09-30 21:34:33,774 - INFO - Completed annotation batch 66 in 117.4s (120 results)
2025-09-30 21:34:33,774 - INFO - Annotation Progress: 792/5000 sequences (15.8%) | Elapsed: 7836.4s | ETA: 41636.1s
2025-09-30 21:34:33,774 - INFO - Starting annotation batch 67: sequences 793-804
2025-09-30 21:34:33,774 - INFO - Processing batch of 12 sequences with ESM2 batch embedding
2025-09-30 21:34:33,774 - INFO - Tokenizing 12 sequences...
2025-09-30 21:34:33,778 - INFO - Moving batch to device: cpu
2025-09-30 21:34:33,778 - INFO - Generating embeddings on cpu...
2025-09-30 21:35:36,112 - INFO - Embeddings generated successfully
2025-09-30 21:35:36,409 - INFO - Completed annotation batch 67 in 62.6s (120 results)
2025-09-30 21:35:36,409 - INFO - Annotation Progress: 804/5000 sequences (16.1%) | Elapsed: 7899.1s | ETA: 41224.6s
2025-09-30 21:35:36,409 - INFO - Starting annotation batch 68: sequences 805-816
2025-09-30 21:35:36,409 - INFO - Processing batch of 12 sequences with ESM2 batch embedding
2025-09-30 21:35:36,409 - INFO - Tokenizing 12 sequences...
2025-09-30 21:35:36,416 - INFO - Moving batch to device: cpu
2025-09-30 21:35:36,417 - INFO - Generating embeddings on cpu...
2025-09-30 21:37:42,329 - INFO - Embeddings generated successfully
2025-09-30 21:37:42,630 - INFO - Completed annotation batch 68 in 126.2s (120 results)
2025-09-30 21:37:42,630 - INFO - Annotation Progress: 816/5000 sequences (16.3%) | Elapsed: 8025.3s | ETA: 41149.3s
2025-09-30 21:37:42,630 - INFO - Starting annotation batch 69: sequences 817-828
2025-09-30 21:37:42,630 - INFO - Processing batch of 12 sequences with ESM2 batch embedding
2025-09-30 21:37:42,630 - INFO - Tokenizing 12 sequences...
2025-09-30 21:37:42,636 - INFO - Moving batch to device: cpu
2025-09-30 21:37:42,636 - INFO - Generating embeddings on cpu...
2025-09-30 21:40:12,254 - INFO - Embeddings generated successfully
2025-09-30 21:40:12,564 - INFO - Completed annotation batch 69 in 149.9s (120 results)
2025-09-30 21:40:12,564 - INFO - Annotation Progress: 828/5000 sequences (16.6%) | Elapsed: 8175.2s | ETA: 41192.1s
2025-09-30 21:40:12,564 - INFO - Starting annotation batch 70: sequences 829-840
2025-09-30 21:40:12,565 - INFO - Processing batch of 12 sequences with ESM2 batch embedding
2025-09-30 21:40:12,565 - INFO - Tokenizing 12 sequences...
2025-09-30 21:40:12,574 - INFO - Moving batch to device: cpu
2025-09-30 21:40:12,574 - INFO - Generating embeddings on cpu...
2025-09-30 21:42:24,335 - INFO - Embeddings generated successfully
2025-09-30 21:42:24,638 - INFO - Completed annotation batch 70 in 132.1s (120 results)
2025-09-30 21:42:24,639 - INFO - Annotation Progress: 840/5000 sequences (16.8%) | Elapsed: 8307.3s | ETA: 41141.0s
2025-09-30 21:42:24,639 - INFO - Starting annotation batch 71: sequences 841-852
2025-09-30 21:42:24,639 - INFO - Processing batch of 12 sequences with ESM2 batch embedding
2025-09-30 21:42:24,639 - INFO - Tokenizing 12 sequences...
2025-09-30 21:42:24,644 - INFO - Moving batch to device: cpu
2025-09-30 21:42:24,644 - INFO - Generating embeddings on cpu...
2025-09-30 21:43:53,110 - INFO - Embeddings generated successfully
2025-09-30 21:43:53,407 - INFO - Completed annotation batch 71 in 88.8s (120 results)
2025-09-30 21:43:53,407 - INFO - Annotation Progress: 852/5000 sequences (17.0%) | Elapsed: 8396.1s | ETA: 40876.7s
2025-09-30 21:43:53,408 - INFO - Starting annotation batch 72: sequences 853-864
2025-09-30 21:43:53,408 - INFO - Processing batch of 12 sequences with ESM2 batch embedding
2025-09-30 21:43:53,408 - INFO - Tokenizing 12 sequences...
2025-09-30 21:43:53,415 - INFO - Moving batch to device: cpu
2025-09-30 21:43:53,415 - INFO - Generating embeddings on cpu...
2025-09-30 21:46:22,381 - INFO - Embeddings generated successfully
2025-09-30 21:46:22,683 - INFO - Completed annotation batch 72 in 149.3s (120 results)
2025-09-30 21:46:22,683 - INFO - Annotation Progress: 864/5000 sequences (17.3%) | Elapsed: 8545.4s | ETA: 40906.9s
2025-09-30 21:46:22,683 - INFO - Starting annotation batch 73: sequences 865-876
2025-09-30 21:46:22,683 - INFO - Processing batch of 12 sequences with ESM2 batch embedding
2025-09-30 21:46:22,683 - INFO - Tokenizing 12 sequences...
2025-09-30 21:46:22,690 - INFO - Moving batch to device: cpu
2025-09-30 21:46:22,690 - INFO - Generating embeddings on cpu...
2025-09-30 21:48:51,707 - INFO - Embeddings generated successfully
2025-09-30 21:48:52,013 - INFO - Completed annotation batch 73 in 149.3s (120 results)
2025-09-30 21:48:52,013 - INFO - Annotation Progress: 876/5000 sequences (17.5%) | Elapsed: 8694.7s | ETA: 40932.5s
2025-09-30 21:48:52,013 - INFO - Starting annotation batch 74: sequences 877-888
2025-09-30 21:48:52,013 - INFO - Processing batch of 12 sequences with ESM2 batch embedding
2025-09-30 21:48:52,013 - INFO - Tokenizing 12 sequences...
2025-09-30 21:48:52,018 - INFO - Moving batch to device: cpu
2025-09-30 21:48:52,018 - INFO - Generating embeddings on cpu...
2025-09-30 21:49:55,176 - INFO - Embeddings generated successfully
2025-09-30 21:49:55,479 - INFO - Completed annotation batch 74 in 63.5s (120 results)
2025-09-30 21:49:55,480 - INFO - Annotation Progress: 888/5000 sequences (17.8%) | Elapsed: 8758.2s | ETA: 40555.8s
2025-09-30 21:49:55,480 - INFO - Starting annotation batch 75: sequences 889-900
2025-09-30 21:49:55,480 - INFO - Processing batch of 12 sequences with ESM2 batch embedding
2025-09-30 21:49:55,480 - INFO - Tokenizing 12 sequences...
2025-09-30 21:49:55,486 - INFO - Moving batch to device: cpu
2025-09-30 21:49:55,486 - INFO - Generating embeddings on cpu...
2025-09-30 21:51:31,149 - INFO - Embeddings generated successfully
2025-09-30 21:51:31,461 - INFO - Completed annotation batch 75 in 96.0s (120 results)
2025-09-30 21:51:31,461 - INFO - Annotation Progress: 900/5000 sequences (18.0%) | Elapsed: 8854.1s | ETA: 40335.5s
2025-09-30 21:51:31,461 - INFO - Starting annotation batch 76: sequences 901-912
2025-09-30 21:51:31,461 - INFO - Processing batch of 12 sequences with ESM2 batch embedding
2025-09-30 21:51:31,461 - INFO - Tokenizing 12 sequences...
2025-09-30 21:51:31,465 - INFO - Moving batch to device: cpu
2025-09-30 21:51:31,465 - INFO - Generating embeddings on cpu...
2025-09-30 21:52:43,950 - INFO - Embeddings generated successfully
2025-09-30 21:52:44,244 - INFO - Completed annotation batch 76 in 72.8s (120 results)
2025-09-30 21:52:44,245 - INFO - Annotation Progress: 912/5000 sequences (18.2%) | Elapsed: 8926.9s | ETA: 40014.5s
2025-09-30 21:52:44,245 - INFO - Starting annotation batch 77: sequences 913-924
2025-09-30 21:52:44,245 - INFO - Processing batch of 12 sequences with ESM2 batch embedding
2025-09-30 21:52:44,245 - INFO - Tokenizing 12 sequences...
2025-09-30 21:52:44,251 - INFO - Moving batch to device: cpu
2025-09-30 21:52:44,251 - INFO - Generating embeddings on cpu...
2025-09-30 21:54:25,641 - INFO - Embeddings generated successfully
2025-09-30 21:54:25,940 - INFO - Completed annotation batch 77 in 101.7s (120 results)
2025-09-30 21:54:25,940 - INFO - Annotation Progress: 924/5000 sequences (18.5%) | Elapsed: 9028.6s | ETA: 39827.5s
2025-09-30 21:54:25,941 - INFO - Starting annotation batch 78: sequences 925-936
2025-09-30 21:54:25,941 - INFO - Processing batch of 12 sequences with ESM2 batch embedding
2025-09-30 21:54:25,941 - INFO - Tokenizing 12 sequences...
2025-09-30 21:54:25,947 - INFO - Moving batch to device: cpu
2025-09-30 21:54:25,947 - INFO - Generating embeddings on cpu...
2025-09-30 21:56:55,314 - INFO - Embeddings generated successfully
2025-09-30 21:56:55,617 - INFO - Completed annotation batch 78 in 149.7s (120 results)
2025-09-30 21:56:55,617 - INFO - Annotation Progress: 936/5000 sequences (18.7%) | Elapsed: 9178.3s | ETA: 39851.0s
2025-09-30 21:56:55,617 - INFO - Starting annotation batch 79: sequences 937-948
2025-09-30 21:56:55,618 - INFO - Processing batch of 12 sequences with ESM2 batch embedding
2025-09-30 21:56:55,618 - INFO - Tokenizing 12 sequences...
2025-09-30 21:56:55,625 - INFO - Moving batch to device: cpu
2025-09-30 21:56:55,626 - INFO - Generating embeddings on cpu...
2025-09-30 21:59:24,885 - INFO - Embeddings generated successfully
2025-09-30 21:59:25,185 - INFO - Completed annotation batch 79 in 149.6s (120 results)
2025-09-30 21:59:25,186 - INFO - Annotation Progress: 948/5000 sequences (19.0%) | Elapsed: 9327.9s | ETA: 39869.7s
2025-09-30 21:59:25,186 - INFO - Starting annotation batch 80: sequences 949-960
2025-09-30 21:59:25,186 - INFO - Processing batch of 12 sequences with ESM2 batch embedding
2025-09-30 21:59:25,186 - INFO - Tokenizing 12 sequences...
2025-09-30 21:59:25,192 - INFO - Moving batch to device: cpu
2025-09-30 21:59:25,192 - INFO - Generating embeddings on cpu...
2025-09-30 22:01:21,018 - INFO - Embeddings generated successfully
2025-09-30 22:01:21,325 - INFO - Completed annotation batch 80 in 116.1s (120 results)
2025-09-30 22:01:21,325 - INFO - Annotation Progress: 960/5000 sequences (19.2%) | Elapsed: 9444.0s | ETA: 39743.5s
2025-09-30 22:01:21,326 - INFO - Starting annotation batch 81: sequences 961-972
2025-09-30 22:01:21,326 - INFO - Processing batch of 12 sequences with ESM2 batch embedding
2025-09-30 22:01:21,326 - INFO - Tokenizing 12 sequences...
2025-09-30 22:01:21,335 - INFO - Moving batch to device: cpu
2025-09-30 22:01:21,335 - INFO - Generating embeddings on cpu...
2025-09-30 22:03:50,317 - INFO - Embeddings generated successfully
2025-09-30 22:03:50,618 - INFO - Completed annotation batch 81 in 149.3s (120 results)
2025-09-30 22:03:50,618 - INFO - Annotation Progress: 972/5000 sequences (19.4%) | Elapsed: 9593.3s | ETA: 39754.9s
2025-09-30 22:03:50,618 - INFO - Starting annotation batch 82: sequences 973-984
2025-09-30 22:03:50,618 - INFO - Processing batch of 12 sequences with ESM2 batch embedding
2025-09-30 22:03:50,618 - INFO - Tokenizing 12 sequences...
2025-09-30 22:03:50,628 - INFO - Moving batch to device: cpu
2025-09-30 22:03:50,628 - INFO - Generating embeddings on cpu...
2025-09-30 22:06:20,646 - INFO - Embeddings generated successfully
2025-09-30 22:06:20,953 - INFO - Completed annotation batch 82 in 150.3s (120 results)
2025-09-30 22:06:20,954 - INFO - Annotation Progress: 984/5000 sequences (19.7%) | Elapsed: 9743.6s | ETA: 39766.7s
2025-09-30 22:06:20,954 - INFO - Starting annotation batch 83: sequences 985-996
2025-09-30 22:06:20,954 - INFO - Processing batch of 12 sequences with ESM2 batch embedding
2025-09-30 22:06:20,954 - INFO - Tokenizing 12 sequences...
2025-09-30 22:06:20,959 - INFO - Moving batch to device: cpu
2025-09-30 22:06:20,959 - INFO - Generating embeddings on cpu...
2025-09-30 22:07:34,048 - INFO - Embeddings generated successfully
2025-09-30 22:07:34,353 - INFO - Completed annotation batch 83 in 73.4s (120 results)
2025-09-30 22:07:34,353 - INFO - Annotation Progress: 996/5000 sequences (19.9%) | Elapsed: 9817.0s | ETA: 39465.2s
2025-09-30 22:07:34,353 - INFO - Starting annotation batch 84: sequences 997-1008
2025-09-30 22:07:34,353 - INFO - Processing batch of 12 sequences with ESM2 batch embedding
2025-09-30 22:07:34,353 - INFO - Tokenizing 12 sequences...
2025-09-30 22:07:34,360 - INFO - Moving batch to device: cpu
2025-09-30 22:07:34,360 - INFO - Generating embeddings on cpu...
2025-09-30 22:10:03,413 - INFO - Embeddings generated successfully
2025-09-30 22:10:03,716 - INFO - Completed annotation batch 84 in 149.4s (120 results)
2025-09-30 22:10:03,717 - INFO - Annotation Progress: 1008/5000 sequences (20.2%) | Elapsed: 9966.4s | ETA: 39470.1s
2025-09-30 22:10:03,717 - INFO - Starting annotation batch 85: sequences 1009-1020
2025-09-30 22:10:03,717 - INFO - Processing batch of 12 sequences with ESM2 batch embedding
2025-09-30 22:10:03,717 - INFO - Tokenizing 12 sequences...
2025-09-30 22:10:03,721 - INFO - Moving batch to device: cpu
2025-09-30 22:10:03,721 - INFO - Generating embeddings on cpu...
2025-09-30 22:11:33,666 - INFO - Embeddings generated successfully
2025-09-30 22:11:33,970 - INFO - Completed annotation batch 85 in 90.3s (120 results)
2025-09-30 22:11:33,970 - INFO - Annotation Progress: 1020/5000 sequences (20.4%) | Elapsed: 10056.6s | ETA: 39240.6s
2025-09-30 22:11:33,970 - INFO - Starting annotation batch 86: sequences 1021-1032
2025-09-30 22:11:33,970 - INFO - Processing batch of 12 sequences with ESM2 batch embedding
2025-09-30 22:11:33,970 - INFO - Tokenizing 12 sequences...
2025-09-30 22:11:33,977 - INFO - Moving batch to device: cpu
2025-09-30 22:11:33,978 - INFO - Generating embeddings on cpu...
2025-09-30 22:14:02,728 - INFO - Embeddings generated successfully
2025-09-30 22:14:03,034 - INFO - Completed annotation batch 86 in 149.1s (120 results)
2025-09-30 22:14:03,034 - INFO - Annotation Progress: 1032/5000 sequences (20.6%) | Elapsed: 10205.7s | ETA: 39240.5s
2025-09-30 22:14:03,034 - INFO - Starting annotation batch 87: sequences 1033-1044
2025-09-30 22:14:03,034 - INFO - Processing batch of 12 sequences with ESM2 batch embedding
2025-09-30 22:14:03,034 - INFO - Tokenizing 12 sequences...
2025-09-30 22:14:03,039 - INFO - Moving batch to device: cpu
2025-09-30 22:14:03,039 - INFO - Generating embeddings on cpu...
2025-09-30 22:16:20,753 - INFO - Embeddings generated successfully
2025-09-30 22:16:21,058 - INFO - Completed annotation batch 87 in 138.0s (120 results)
2025-09-30 22:16:21,058 - INFO - Annotation Progress: 1044/5000 sequences (20.9%) | Elapsed: 10343.7s | ETA: 39195.2s
2025-09-30 22:16:21,058 - INFO - Starting annotation batch 88: sequences 1045-1056
2025-09-30 22:16:21,058 - INFO - Processing batch of 12 sequences with ESM2 batch embedding
2025-09-30 22:16:21,058 - INFO - Tokenizing 12 sequences...
2025-09-30 22:16:21,066 - INFO - Moving batch to device: cpu
2025-09-30 22:16:21,066 - INFO - Generating embeddings on cpu...
2025-09-30 22:18:50,431 - INFO - Embeddings generated successfully
2025-09-30 22:18:50,763 - INFO - Completed annotation batch 88 in 149.7s (120 results)
2025-09-30 22:18:50,763 - INFO - Annotation Progress: 1056/5000 sequences (21.1%) | Elapsed: 10493.4s | ETA: 39191.4s
2025-09-30 22:18:50,763 - INFO - Starting annotation batch 89: sequences 1057-1068
2025-09-30 22:18:50,763 - INFO - Processing batch of 12 sequences with ESM2 batch embedding
2025-09-30 22:18:50,763 - INFO - Tokenizing 12 sequences...
2025-09-30 22:18:50,770 - INFO - Moving batch to device: cpu
2025-09-30 22:18:50,770 - INFO - Generating embeddings on cpu...
2025-09-30 22:20:32,542 - INFO - Embeddings generated successfully
2025-09-30 22:20:32,847 - INFO - Completed annotation batch 89 in 102.1s (120 results)
2025-09-30 22:20:32,847 - INFO - Annotation Progress: 1068/5000 sequences (21.4%) | Elapsed: 10595.5s | ETA: 39009.0s
2025-09-30 22:20:32,847 - INFO - Starting annotation batch 90: sequences 1069-1080
2025-09-30 22:20:32,847 - INFO - Processing batch of 12 sequences with ESM2 batch embedding
2025-09-30 22:20:32,847 - INFO - Tokenizing 12 sequences...
2025-09-30 22:20:32,853 - INFO - Moving batch to device: cpu
2025-09-30 22:20:32,853 - INFO - Generating embeddings on cpu...
2025-09-30 22:22:42,833 - INFO - Embeddings generated successfully
2025-09-30 22:22:43,140 - INFO - Completed annotation batch 90 in 130.3s (120 results)
2025-09-30 22:22:43,140 - INFO - Annotation Progress: 1080/5000 sequences (21.6%) | Elapsed: 10725.8s | ETA: 38930.7s
2025-09-30 22:22:43,140 - INFO - Starting annotation batch 91: sequences 1081-1092
2025-09-30 22:22:43,140 - INFO - Processing batch of 12 sequences with ESM2 batch embedding
2025-09-30 22:22:43,140 - INFO - Tokenizing 12 sequences...
2025-09-30 22:22:43,146 - INFO - Moving batch to device: cpu
2025-09-30 22:22:43,146 - INFO - Generating embeddings on cpu...
2025-09-30 22:24:34,551 - INFO - Embeddings generated successfully
2025-09-30 22:24:34,847 - INFO - Completed annotation batch 91 in 111.7s (120 results)
2025-09-30 22:24:34,847 - INFO - Annotation Progress: 1092/5000 sequences (21.8%) | Elapsed: 10837.5s | ETA: 38784.8s
2025-09-30 22:24:34,847 - INFO - Starting annotation batch 92: sequences 1093-1104
2025-09-30 22:24:34,847 - INFO - Processing batch of 12 sequences with ESM2 batch embedding
2025-09-30 22:24:34,847 - INFO - Tokenizing 12 sequences...
2025-09-30 22:24:34,854 - INFO - Moving batch to device: cpu
2025-09-30 22:24:34,854 - INFO - Generating embeddings on cpu...
2025-09-30 22:26:30,096 - INFO - Embeddings generated successfully
2025-09-30 22:26:30,395 - INFO - Completed annotation batch 92 in 115.5s (120 results)
2025-09-30 22:26:30,395 - INFO - Annotation Progress: 1104/5000 sequences (22.1%) | Elapsed: 10953.1s | ETA: 38653.2s
2025-09-30 22:26:30,395 - INFO - Starting annotation batch 93: sequences 1105-1116
2025-09-30 22:26:30,395 - INFO - Processing batch of 12 sequences with ESM2 batch embedding
2025-09-30 22:26:30,395 - INFO - Tokenizing 12 sequences...
2025-09-30 22:26:30,401 - INFO - Moving batch to device: cpu
2025-09-30 22:26:30,402 - INFO - Generating embeddings on cpu...
2025-09-30 22:28:52,430 - INFO - Embeddings generated successfully
2025-09-30 22:28:52,729 - INFO - Completed annotation batch 93 in 142.3s (120 results)
2025-09-30 22:28:52,729 - INFO - Annotation Progress: 1116/5000 sequences (22.3%) | Elapsed: 11095.4s | ETA: 38615.2s
2025-09-30 22:28:52,729 - INFO - Starting annotation batch 94: sequences 1117-1128
2025-09-30 22:28:52,729 - INFO - Processing batch of 12 sequences with ESM2 batch embedding
2025-09-30 22:28:52,729 - INFO - Tokenizing 12 sequences...
2025-09-30 22:28:52,736 - INFO - Moving batch to device: cpu
2025-09-30 22:28:52,736 - INFO - Generating embeddings on cpu...
2025-09-30 22:31:08,443 - INFO - Embeddings generated successfully
2025-09-30 22:31:08,759 - INFO - Completed annotation batch 94 in 136.0s (120 results)
2025-09-30 22:31:08,760 - INFO - Annotation Progress: 1128/5000 sequences (22.6%) | Elapsed: 11231.4s | ETA: 38553.3s
2025-09-30 22:31:08,760 - INFO - Starting annotation batch 95: sequences 1129-1140
2025-09-30 22:31:08,760 - INFO - Processing batch of 12 sequences with ESM2 batch embedding
2025-09-30 22:31:08,760 - INFO - Tokenizing 12 sequences...
2025-09-30 22:31:08,765 - INFO - Moving batch to device: cpu
2025-09-30 22:31:08,765 - INFO - Generating embeddings on cpu...
2025-09-30 22:32:22,582 - INFO - Embeddings generated successfully
2025-09-30 22:32:22,887 - INFO - Completed annotation batch 95 in 74.1s (120 results)
2025-09-30 22:32:22,887 - INFO - Annotation Progress: 1140/5000 sequences (22.8%) | Elapsed: 11305.6s | ETA: 38280.2s
2025-09-30 22:32:22,887 - INFO - Starting annotation batch 96: sequences 1141-1152
2025-09-30 22:32:22,887 - INFO - Processing batch of 12 sequences with ESM2 batch embedding
2025-09-30 22:32:22,888 - INFO - Tokenizing 12 sequences...
2025-09-30 22:32:22,895 - INFO - Moving batch to device: cpu
2025-09-30 22:32:22,895 - INFO - Generating embeddings on cpu...
2025-09-30 22:34:38,263 - INFO - Embeddings generated successfully
2025-09-30 22:34:38,567 - INFO - Completed annotation batch 96 in 135.7s (120 results)
2025-09-30 22:34:38,568 - INFO - Annotation Progress: 1152/5000 sequences (23.0%) | Elapsed: 11441.2s | ETA: 38216.9s
2025-09-30 22:34:38,568 - INFO - Starting annotation batch 97: sequences 1153-1164
2025-09-30 22:34:38,568 - INFO - Processing batch of 12 sequences with ESM2 batch embedding
2025-09-30 22:34:38,568 - INFO - Tokenizing 12 sequences...
2025-09-30 22:34:38,574 - INFO - Moving batch to device: cpu
2025-09-30 22:34:38,574 - INFO - Generating embeddings on cpu...
2025-09-30 22:36:36,020 - INFO - Embeddings generated successfully
2025-09-30 22:36:36,328 - INFO - Completed annotation batch 97 in 117.8s (120 results)
2025-09-30 22:36:36,329 - INFO - Annotation Progress: 1164/5000 sequences (23.3%) | Elapsed: 11559.0s | ETA: 38093.1s
2025-09-30 22:36:36,329 - INFO - Starting annotation batch 98: sequences 1165-1176
2025-09-30 22:36:36,329 - INFO - Processing batch of 12 sequences with ESM2 batch embedding
2025-09-30 22:36:36,329 - INFO - Tokenizing 12 sequences...
2025-09-30 22:36:36,335 - INFO - Moving batch to device: cpu
2025-09-30 22:36:36,335 - INFO - Generating embeddings on cpu...
2025-09-30 22:39:04,878 - INFO - Embeddings generated successfully
2025-09-30 22:39:05,178 - INFO - Completed annotation batch 98 in 148.8s (120 results)
2025-09-30 22:39:05,179 - INFO - Annotation Progress: 1176/5000 sequences (23.5%) | Elapsed: 11707.9s | ETA: 38070.4s
2025-09-30 22:39:05,179 - INFO - Starting annotation batch 99: sequences 1177-1188
2025-09-30 22:39:05,179 - INFO - Processing batch of 12 sequences with ESM2 batch embedding
2025-09-30 22:39:05,179 - INFO - Tokenizing 12 sequences...
2025-09-30 22:39:05,183 - INFO - Moving batch to device: cpu
2025-09-30 22:39:05,183 - INFO - Generating embeddings on cpu...
2025-09-30 22:39:59,241 - INFO - Embeddings generated successfully
2025-09-30 22:39:59,535 - INFO - Completed annotation batch 99 in 54.4s (120 results)
2025-09-30 22:39:59,535 - INFO - Annotation Progress: 1188/5000 sequences (23.8%) | Elapsed: 11762.2s | ETA: 37742.0s
2025-09-30 22:39:59,535 - INFO - Starting annotation batch 100: sequences 1189-1200
2025-09-30 22:39:59,535 - INFO - Processing batch of 12 sequences with ESM2 batch embedding
2025-09-30 22:39:59,535 - INFO - Tokenizing 12 sequences...
2025-09-30 22:39:59,543 - INFO - Moving batch to device: cpu
2025-09-30 22:39:59,543 - INFO - Generating embeddings on cpu...
2025-09-30 22:42:28,593 - INFO - Embeddings generated successfully
2025-09-30 22:42:28,937 - INFO - Completed annotation batch 100 in 149.4s (120 results)
2025-09-30 22:42:28,938 - INFO - Annotation Progress: 1200/5000 sequences (24.0%) | Elapsed: 11911.6s | ETA: 37720.1s
2025-09-30 22:42:28,938 - INFO - Starting annotation batch 101: sequences 1201-1212
2025-09-30 22:42:28,938 - INFO - Processing batch of 12 sequences with ESM2 batch embedding
2025-09-30 22:42:28,938 - INFO - Tokenizing 12 sequences...
2025-09-30 22:42:28,945 - INFO - Moving batch to device: cpu
2025-09-30 22:42:28,945 - INFO - Generating embeddings on cpu...
2025-09-30 22:44:37,431 - INFO - Embeddings generated successfully
2025-09-30 22:44:37,737 - INFO - Completed annotation batch 101 in 128.8s (120 results)
2025-09-30 22:44:37,737 - INFO - Annotation Progress: 1212/5000 sequences (24.2%) | Elapsed: 12040.4s | ETA: 37631.2s
2025-09-30 22:44:37,737 - INFO - Starting annotation batch 102: sequences 1213-1224
2025-09-30 22:44:37,737 - INFO - Processing batch of 12 sequences with ESM2 batch embedding
2025-09-30 22:44:37,737 - INFO - Tokenizing 12 sequences...
2025-09-30 22:44:37,743 - INFO - Moving batch to device: cpu
2025-09-30 22:44:37,743 - INFO - Generating embeddings on cpu...
2025-09-30 22:47:06,320 - INFO - Embeddings generated successfully
2025-09-30 22:47:06,619 - INFO - Completed annotation batch 102 in 148.9s (120 results)
2025-09-30 22:47:06,619 - INFO - Annotation Progress: 1224/5000 sequences (24.5%) | Elapsed: 12189.3s | ETA: 37603.6s
2025-09-30 22:47:06,619 - INFO - Starting annotation batch 103: sequences 1225-1236
2025-09-30 22:47:06,619 - INFO - Processing batch of 12 sequences with ESM2 batch embedding
2025-09-30 22:47:06,619 - INFO - Tokenizing 12 sequences...
2025-09-30 22:47:06,624 - INFO - Moving batch to device: cpu
2025-09-30 22:47:06,624 - INFO - Generating embeddings on cpu...
2025-09-30 22:48:37,869 - INFO - Embeddings generated successfully
2025-09-30 22:48:38,172 - INFO - Completed annotation batch 103 in 91.6s (120 results)
2025-09-30 22:48:38,173 - INFO - Annotation Progress: 1236/5000 sequences (24.7%) | Elapsed: 12280.8s | ETA: 37398.9s
2025-09-30 22:48:38,173 - INFO - Starting annotation batch 104: sequences 1237-1248
2025-09-30 22:48:38,173 - INFO - Processing batch of 12 sequences with ESM2 batch embedding
2025-09-30 22:48:38,173 - INFO - Tokenizing 12 sequences...
2025-09-30 22:48:38,179 - INFO - Moving batch to device: cpu
2025-09-30 22:48:38,179 - INFO - Generating embeddings on cpu...
2025-09-30 22:50:46,331 - INFO - Embeddings generated successfully
2025-09-30 22:50:46,639 - INFO - Completed annotation batch 104 in 128.5s (120 results)
2025-09-30 22:50:46,639 - INFO - Annotation Progress: 1248/5000 sequences (25.0%) | Elapsed: 12409.3s | ETA: 37307.5s
2025-09-30 22:50:46,639 - INFO - Starting annotation batch 105: sequences 1249-1260
2025-09-30 22:50:46,639 - INFO - Processing batch of 12 sequences with ESM2 batch embedding
2025-09-30 22:50:46,639 - INFO - Tokenizing 12 sequences...
2025-09-30 22:50:46,644 - INFO - Moving batch to device: cpu
2025-09-30 22:50:46,644 - INFO - Generating embeddings on cpu...
2025-09-30 22:53:15,450 - INFO - Embeddings generated successfully
2025-09-30 22:53:15,746 - INFO - Completed annotation batch 105 in 149.1s (120 results)
2025-09-30 22:53:15,746 - INFO - Annotation Progress: 1260/5000 sequences (25.2%) | Elapsed: 12558.4s | ETA: 37276.6s
2025-09-30 22:53:15,746 - INFO - Starting annotation batch 106: sequences 1261-1272
2025-09-30 22:53:15,746 - INFO - Processing batch of 12 sequences with ESM2 batch embedding
2025-09-30 22:53:15,746 - INFO - Tokenizing 12 sequences...
2025-09-30 22:53:15,757 - INFO - Moving batch to device: cpu
2025-09-30 22:53:15,757 - INFO - Generating embeddings on cpu...
2025-09-30 22:55:45,228 - INFO - Embeddings generated successfully
2025-09-30 22:55:45,534 - INFO - Completed annotation batch 106 in 149.8s (120 results)
2025-09-30 22:55:45,534 - INFO - Annotation Progress: 1272/5000 sequences (25.4%) | Elapsed: 12708.2s | ETA: 37245.4s
2025-09-30 22:55:45,534 - INFO - Starting annotation batch 107: sequences 1273-1284
2025-09-30 22:55:45,534 - INFO - Processing batch of 12 sequences with ESM2 batch embedding
2025-09-30 22:55:45,534 - INFO - Tokenizing 12 sequences...
2025-09-30 22:55:45,540 - INFO - Moving batch to device: cpu
2025-09-30 22:55:45,540 - INFO - Generating embeddings on cpu...
2025-09-30 22:58:03,332 - INFO - Embeddings generated successfully
2025-09-30 22:58:03,638 - INFO - Completed annotation batch 107 in 138.1s (120 results)
2025-09-30 22:58:03,638 - INFO - Annotation Progress: 1284/5000 sequences (25.7%) | Elapsed: 12846.3s | ETA: 37178.3s
2025-09-30 22:58:03,638 - INFO - Starting annotation batch 108: sequences 1285-1296
2025-09-30 22:58:03,638 - INFO - Processing batch of 12 sequences with ESM2 batch embedding
2025-09-30 22:58:03,638 - INFO - Tokenizing 12 sequences...
2025-09-30 22:58:03,643 - INFO - Moving batch to device: cpu
2025-09-30 22:58:03,643 - INFO - Generating embeddings on cpu...
2025-09-30 22:59:28,990 - INFO - Embeddings generated successfully
2025-09-30 22:59:29,294 - INFO - Completed annotation batch 108 in 85.7s (120 results)
2025-09-30 22:59:29,294 - INFO - Annotation Progress: 1296/5000 sequences (25.9%) | Elapsed: 12932.0s | ETA: 36959.9s
2025-09-30 22:59:29,294 - INFO - Starting annotation batch 109: sequences 1297-1308
2025-09-30 22:59:29,294 - INFO - Processing batch of 12 sequences with ESM2 batch embedding
2025-09-30 22:59:29,294 - INFO - Tokenizing 12 sequences...
2025-09-30 22:59:29,302 - INFO - Moving batch to device: cpu
2025-09-30 22:59:29,303 - INFO - Generating embeddings on cpu...
2025-09-30 23:01:58,367 - INFO - Embeddings generated successfully
2025-09-30 23:01:58,672 - INFO - Completed annotation batch 109 in 149.4s (120 results)
2025-09-30 23:01:58,672 - INFO - Annotation Progress: 1308/5000 sequences (26.2%) | Elapsed: 13081.3s | ETA: 36923.8s
2025-09-30 23:01:58,672 - INFO - Starting annotation batch 110: sequences 1309-1320
2025-09-30 23:01:58,672 - INFO - Processing batch of 12 sequences with ESM2 batch embedding
2025-09-30 23:01:58,673 - INFO - Tokenizing 12 sequences...
2025-09-30 23:01:58,678 - INFO - Moving batch to device: cpu
2025-09-30 23:01:58,678 - INFO - Generating embeddings on cpu...
2025-09-30 23:03:59,236 - INFO - Embeddings generated successfully
2025-09-30 23:03:59,539 - INFO - Completed annotation batch 110 in 120.9s (120 results)
2025-09-30 23:03:59,539 - INFO - Annotation Progress: 1320/5000 sequences (26.4%) | Elapsed: 13202.2s | ETA: 36806.2s
2025-09-30 23:03:59,539 - INFO - Starting annotation batch 111: sequences 1321-1332
2025-09-30 23:03:59,539 - INFO - Processing batch of 12 sequences with ESM2 batch embedding
2025-09-30 23:03:59,539 - INFO - Tokenizing 12 sequences...
2025-09-30 23:03:59,544 - INFO - Moving batch to device: cpu
2025-09-30 23:03:59,544 - INFO - Generating embeddings on cpu...
2025-09-30 23:05:14,567 - INFO - Embeddings generated successfully
2025-09-30 23:05:14,863 - INFO - Completed annotation batch 111 in 75.3s (120 results)
2025-09-30 23:05:14,863 - INFO - Annotation Progress: 1332/5000 sequences (26.6%) | Elapsed: 13277.5s | ETA: 36563.1s
2025-09-30 23:05:14,863 - INFO - Starting annotation batch 112: sequences 1333-1344
2025-09-30 23:05:14,863 - INFO - Processing batch of 12 sequences with ESM2 batch embedding
2025-09-30 23:05:14,863 - INFO - Tokenizing 12 sequences...
2025-09-30 23:05:14,868 - INFO - Moving batch to device: cpu
2025-09-30 23:05:14,868 - INFO - Generating embeddings on cpu...
2025-09-30 23:06:28,764 - INFO - Embeddings generated successfully
2025-09-30 23:06:29,060 - INFO - Completed annotation batch 112 in 74.2s (120 results)
2025-09-30 23:06:29,060 - INFO - Annotation Progress: 1344/5000 sequences (26.9%) | Elapsed: 13351.7s | ETA: 36319.9s
2025-09-30 23:06:29,060 - INFO - Starting annotation batch 113: sequences 1345-1356
2025-09-30 23:06:29,060 - INFO - Processing batch of 12 sequences with ESM2 batch embedding
2025-09-30 23:06:29,060 - INFO - Tokenizing 12 sequences...
2025-09-30 23:06:29,069 - INFO - Moving batch to device: cpu
2025-09-30 23:06:29,070 - INFO - Generating embeddings on cpu...
2025-09-30 23:08:57,964 - INFO - Embeddings generated successfully
2025-09-30 23:08:58,261 - INFO - Completed annotation batch 113 in 149.2s (120 results)
2025-09-30 23:08:58,261 - INFO - Annotation Progress: 1356/5000 sequences (27.1%) | Elapsed: 13500.9s | ETA: 36281.3s
2025-09-30 23:08:58,261 - INFO - Starting annotation batch 114: sequences 1357-1368
2025-09-30 23:08:58,261 - INFO - Processing batch of 12 sequences with ESM2 batch embedding
2025-09-30 23:08:58,262 - INFO - Tokenizing 12 sequences...
2025-09-30 23:08:58,267 - INFO - Moving batch to device: cpu
2025-09-30 23:08:58,268 - INFO - Generating embeddings on cpu...
2025-09-30 23:10:34,078 - INFO - Embeddings generated successfully
2025-09-30 23:10:34,379 - INFO - Completed annotation batch 114 in 96.1s (120 results)
2025-09-30 23:10:34,379 - INFO - Annotation Progress: 1368/5000 sequences (27.4%) | Elapsed: 13597.1s | ETA: 36099.8s
2025-09-30 23:10:34,379 - INFO - Starting annotation batch 115: sequences 1369-1380
2025-09-30 23:10:34,379 - INFO - Processing batch of 12 sequences with ESM2 batch embedding
2025-09-30 23:10:34,379 - INFO - Tokenizing 12 sequences...
2025-09-30 23:10:34,384 - INFO - Moving batch to device: cpu
2025-09-30 23:10:34,384 - INFO - Generating embeddings on cpu...
2025-09-30 23:12:32,848 - INFO - Embeddings generated successfully
2025-09-30 23:12:33,148 - INFO - Completed annotation batch 115 in 118.8s (120 results)
2025-09-30 23:12:33,148 - INFO - Annotation Progress: 1380/5000 sequences (27.6%) | Elapsed: 13715.8s | ETA: 35979.2s
2025-09-30 23:12:33,148 - INFO - Starting annotation batch 116: sequences 1381-1392
2025-09-30 23:12:33,148 - INFO - Processing batch of 12 sequences with ESM2 batch embedding
2025-09-30 23:12:33,148 - INFO - Tokenizing 12 sequences...
2025-09-30 23:12:33,156 - INFO - Moving batch to device: cpu
2025-09-30 23:12:33,156 - INFO - Generating embeddings on cpu...
2025-09-30 23:15:01,660 - INFO - Embeddings generated successfully
2025-09-30 23:15:01,958 - INFO - Completed annotation batch 116 in 148.8s (120 results)
2025-09-30 23:15:01,958 - INFO - Annotation Progress: 1392/5000 sequences (27.8%) | Elapsed: 13864.6s | ETA: 35936.5s
2025-09-30 23:15:01,958 - INFO - Starting annotation batch 117: sequences 1393-1404
2025-09-30 23:15:01,958 - INFO - Processing batch of 12 sequences with ESM2 batch embedding
2025-09-30 23:15:01,958 - INFO - Tokenizing 12 sequences...
2025-09-30 23:15:01,964 - INFO - Moving batch to device: cpu
2025-09-30 23:15:01,964 - INFO - Generating embeddings on cpu...
2025-09-30 23:16:31,675 - INFO - Embeddings generated successfully
2025-09-30 23:16:31,976 - INFO - Completed annotation batch 117 in 90.0s (120 results)
2025-09-30 23:16:31,976 - INFO - Annotation Progress: 1404/5000 sequences (28.1%) | Elapsed: 13954.6s | ETA: 35741.4s
2025-09-30 23:16:31,976 - INFO - Starting annotation batch 118: sequences 1405-1416
2025-09-30 23:16:31,976 - INFO - Processing batch of 12 sequences with ESM2 batch embedding
2025-09-30 23:16:31,977 - INFO - Tokenizing 12 sequences...
2025-09-30 23:16:31,981 - INFO - Moving batch to device: cpu
2025-09-30 23:16:31,982 - INFO - Generating embeddings on cpu...
2025-09-30 23:17:46,568 - INFO - Embeddings generated successfully
2025-09-30 23:17:46,870 - INFO - Completed annotation batch 118 in 74.9s (120 results)
2025-09-30 23:17:46,871 - INFO - Annotation Progress: 1416/5000 sequences (28.3%) | Elapsed: 14029.5s | ETA: 35509.8s
2025-09-30 23:17:46,871 - INFO - Starting annotation batch 119: sequences 1417-1428
2025-09-30 23:17:46,871 - INFO - Processing batch of 12 sequences with ESM2 batch embedding
2025-09-30 23:17:46,871 - INFO - Tokenizing 12 sequences...
2025-09-30 23:17:46,882 - INFO - Moving batch to device: cpu
2025-09-30 23:17:46,883 - INFO - Generating embeddings on cpu...
2025-09-30 23:20:16,228 - INFO - Embeddings generated successfully
2025-09-30 23:20:16,523 - INFO - Completed annotation batch 119 in 149.7s (120 results)
2025-09-30 23:20:16,523 - INFO - Annotation Progress: 1428/5000 sequences (28.6%) | Elapsed: 14179.2s | ETA: 35467.8s
2025-09-30 23:20:16,523 - INFO - Starting annotation batch 120: sequences 1429-1440
2025-09-30 23:20:16,523 - INFO - Processing batch of 12 sequences with ESM2 batch embedding
2025-09-30 23:20:16,523 - INFO - Tokenizing 12 sequences...
2025-09-30 23:20:16,528 - INFO - Moving batch to device: cpu
2025-09-30 23:20:16,528 - INFO - Generating embeddings on cpu...
2025-09-30 23:22:05,562 - INFO - Embeddings generated successfully
2025-09-30 23:22:05,880 - INFO - Completed annotation batch 120 in 109.4s (120 results)
2025-09-30 23:22:05,880 - INFO - Annotation Progress: 1440/5000 sequences (28.8%) | Elapsed: 14288.6s | ETA: 35324.5s
2025-09-30 23:22:05,880 - INFO - Starting annotation batch 121: sequences 1441-1452
2025-09-30 23:22:05,880 - INFO - Processing batch of 12 sequences with ESM2 batch embedding
2025-09-30 23:22:05,880 - INFO - Tokenizing 12 sequences...
2025-09-30 23:22:05,884 - INFO - Moving batch to device: cpu
2025-09-30 23:22:05,884 - INFO - Generating embeddings on cpu...
2025-09-30 23:23:19,265 - INFO - Embeddings generated successfully
2025-09-30 23:23:19,565 - INFO - Completed annotation batch 121 in 73.7s (120 results)
2025-09-30 23:23:19,565 - INFO - Annotation Progress: 1452/5000 sequences (29.0%) | Elapsed: 14362.2s | ETA: 35094.5s
2025-09-30 23:23:19,565 - INFO - Starting annotation batch 122: sequences 1453-1464
2025-09-30 23:23:19,565 - INFO - Processing batch of 12 sequences with ESM2 batch embedding
2025-09-30 23:23:19,566 - INFO - Tokenizing 12 sequences...
2025-09-30 23:23:19,573 - INFO - Moving batch to device: cpu
2025-09-30 23:23:19,573 - INFO - Generating embeddings on cpu...
2025-09-30 23:25:48,565 - INFO - Embeddings generated successfully
2025-09-30 23:25:48,862 - INFO - Completed annotation batch 122 in 149.3s (120 results)
2025-09-30 23:25:48,862 - INFO - Annotation Progress: 1464/5000 sequences (29.3%) | Elapsed: 14511.5s | ETA: 35049.7s
2025-09-30 23:25:48,862 - INFO - Starting annotation batch 123: sequences 1465-1476
2025-09-30 23:25:48,862 - INFO - Processing batch of 12 sequences with ESM2 batch embedding
2025-09-30 23:25:48,862 - INFO - Tokenizing 12 sequences...
2025-09-30 23:25:48,869 - INFO - Moving batch to device: cpu
2025-09-30 23:25:48,869 - INFO - Generating embeddings on cpu...
2025-09-30 23:28:04,755 - INFO - Embeddings generated successfully
2025-09-30 23:28:05,048 - INFO - Completed annotation batch 123 in 136.2s (120 results)
2025-09-30 23:28:05,048 - INFO - Annotation Progress: 1476/5000 sequences (29.5%) | Elapsed: 14647.7s | ETA: 34971.9s
2025-09-30 23:28:05,048 - INFO - Starting annotation batch 124: sequences 1477-1488
2025-09-30 23:28:05,049 - INFO - Processing batch of 12 sequences with ESM2 batch embedding
2025-09-30 23:28:05,049 - INFO - Tokenizing 12 sequences...
2025-09-30 23:28:05,055 - INFO - Moving batch to device: cpu
2025-09-30 23:28:05,055 - INFO - Generating embeddings on cpu...
2025-09-30 23:30:05,889 - INFO - Embeddings generated successfully
2025-09-30 23:30:06,197 - INFO - Completed annotation batch 124 in 121.1s (120 results)
2025-09-30 23:30:06,197 - INFO - Annotation Progress: 1488/5000 sequences (29.8%) | Elapsed: 14768.9s | ETA: 34857.7s
2025-09-30 23:30:06,197 - INFO - Starting annotation batch 125: sequences 1489-1500
2025-09-30 23:30:06,197 - INFO - Processing batch of 12 sequences with ESM2 batch embedding
2025-09-30 23:30:06,197 - INFO - Tokenizing 12 sequences...
2025-09-30 23:30:06,205 - INFO - Moving batch to device: cpu
2025-09-30 23:30:06,205 - INFO - Generating embeddings on cpu...
2025-09-30 23:32:34,807 - INFO - Embeddings generated successfully
2025-09-30 23:32:35,112 - INFO - Completed annotation batch 125 in 148.9s (120 results)
2025-09-30 23:32:35,112 - INFO - Annotation Progress: 1500/5000 sequences (30.0%) | Elapsed: 14917.8s | ETA: 34808.2s
2025-09-30 23:32:35,112 - INFO - Starting annotation batch 126: sequences 1501-1512
2025-09-30 23:32:35,112 - INFO - Processing batch of 12 sequences with ESM2 batch embedding
2025-09-30 23:32:35,113 - INFO - Tokenizing 12 sequences...
2025-09-30 23:32:35,117 - INFO - Moving batch to device: cpu
2025-09-30 23:32:35,117 - INFO - Generating embeddings on cpu...
2025-09-30 23:34:08,244 - INFO - Embeddings generated successfully
2025-09-30 23:34:08,544 - INFO - Completed annotation batch 126 in 93.4s (120 results)
2025-09-30 23:34:08,545 - INFO - Annotation Progress: 1512/5000 sequences (30.2%) | Elapsed: 15011.2s | ETA: 34629.0s
2025-09-30 23:34:08,545 - INFO - Starting annotation batch 127: sequences 1513-1524
2025-09-30 23:34:08,545 - INFO - Processing batch of 12 sequences with ESM2 batch embedding
2025-09-30 23:34:08,545 - INFO - Tokenizing 12 sequences...
2025-09-30 23:34:08,551 - INFO - Moving batch to device: cpu
2025-09-30 23:34:08,551 - INFO - Generating embeddings on cpu...
2025-09-30 23:36:17,247 - INFO - Embeddings generated successfully
2025-09-30 23:36:17,547 - INFO - Completed annotation batch 127 in 129.0s (120 results)
2025-09-30 23:36:17,547 - INFO - Annotation Progress: 1524/5000 sequences (30.5%) | Elapsed: 15140.2s | ETA: 34532.4s
2025-09-30 23:36:17,547 - INFO - Starting annotation batch 128: sequences 1525-1536
2025-09-30 23:36:17,547 - INFO - Processing batch of 12 sequences with ESM2 batch embedding
2025-09-30 23:36:17,547 - INFO - Tokenizing 12 sequences...
2025-09-30 23:36:17,551 - INFO - Moving batch to device: cpu
2025-09-30 23:36:17,552 - INFO - Generating embeddings on cpu...
2025-09-30 23:37:25,531 - INFO - Embeddings generated successfully
2025-09-30 23:37:25,830 - INFO - Completed annotation batch 128 in 68.3s (120 results)
2025-09-30 23:37:25,830 - INFO - Annotation Progress: 1536/5000 sequences (30.7%) | Elapsed: 15208.5s | ETA: 34298.3s
2025-09-30 23:37:25,830 - INFO - Starting annotation batch 129: sequences 1537-1548
2025-09-30 23:37:25,830 - INFO - Processing batch of 12 sequences with ESM2 batch embedding
2025-09-30 23:37:25,830 - INFO - Tokenizing 12 sequences...
2025-09-30 23:37:25,835 - INFO - Moving batch to device: cpu
2025-09-30 23:37:25,836 - INFO - Generating embeddings on cpu...
2025-09-30 23:38:36,875 - INFO - Embeddings generated successfully
2025-09-30 23:38:37,182 - INFO - Completed annotation batch 129 in 71.4s (120 results)
2025-09-30 23:38:37,182 - INFO - Annotation Progress: 1548/5000 sequences (31.0%) | Elapsed: 15279.9s | ETA: 34073.7s
2025-09-30 23:38:37,182 - INFO - Starting annotation batch 130: sequences 1549-1560
2025-09-30 23:38:37,182 - INFO - Processing batch of 12 sequences with ESM2 batch embedding
2025-09-30 23:38:37,182 - INFO - Tokenizing 12 sequences...
2025-09-30 23:38:37,188 - INFO - Moving batch to device: cpu
2025-09-30 23:38:37,189 - INFO - Generating embeddings on cpu...
2025-09-30 23:40:41,871 - INFO - Embeddings generated successfully
2025-09-30 23:40:42,164 - INFO - Completed annotation batch 130 in 125.0s (120 results)
2025-09-30 23:40:42,164 - INFO - Annotation Progress: 1560/5000 sequences (31.2%) | Elapsed: 15404.8s | ETA: 33969.6s
2025-09-30 23:40:42,164 - INFO - Starting annotation batch 131: sequences 1561-1572
2025-09-30 23:40:42,164 - INFO - Processing batch of 12 sequences with ESM2 batch embedding
2025-09-30 23:40:42,164 - INFO - Tokenizing 12 sequences...
2025-09-30 23:40:42,171 - INFO - Moving batch to device: cpu
2025-09-30 23:40:42,171 - INFO - Generating embeddings on cpu...
2025-09-30 23:43:10,802 - INFO - Embeddings generated successfully
2025-09-30 23:43:11,106 - INFO - Completed annotation batch 131 in 148.9s (120 results)
2025-09-30 23:43:11,107 - INFO - Annotation Progress: 1572/5000 sequences (31.4%) | Elapsed: 15553.8s | ETA: 33917.5s
2025-09-30 23:43:11,107 - INFO - Starting annotation batch 132: sequences 1573-1584
2025-09-30 23:43:11,107 - INFO - Processing batch of 12 sequences with ESM2 batch embedding
2025-09-30 23:43:11,107 - INFO - Tokenizing 12 sequences...
2025-09-30 23:43:11,111 - INFO - Moving batch to device: cpu
2025-09-30 23:43:11,111 - INFO - Generating embeddings on cpu...
2025-09-30 23:44:03,903 - INFO - Embeddings generated successfully
2025-09-30 23:44:04,213 - INFO - Completed annotation batch 132 in 53.1s (120 results)
2025-09-30 23:44:04,214 - INFO - Annotation Progress: 1584/5000 sequences (31.7%) | Elapsed: 15606.9s | ETA: 33657.3s
2025-09-30 23:44:04,214 - INFO - Starting annotation batch 133: sequences 1585-1596
2025-09-30 23:44:04,214 - INFO - Processing batch of 12 sequences with ESM2 batch embedding
2025-09-30 23:44:04,214 - INFO - Tokenizing 12 sequences...
2025-09-30 23:44:04,218 - INFO - Moving batch to device: cpu
2025-09-30 23:44:04,218 - INFO - Generating embeddings on cpu...
2025-09-30 23:45:12,428 - INFO - Embeddings generated successfully
2025-09-30 23:45:12,730 - INFO - Completed annotation batch 133 in 68.5s (120 results)
2025-09-30 23:45:12,730 - INFO - Annotation Progress: 1596/5000 sequences (31.9%) | Elapsed: 15675.4s | ETA: 33433.0s
2025-09-30 23:45:12,730 - INFO - Starting annotation batch 134: sequences 1597-1608
2025-09-30 23:45:12,730 - INFO - Processing batch of 12 sequences with ESM2 batch embedding
2025-09-30 23:45:12,730 - INFO - Tokenizing 12 sequences...
2025-09-30 23:45:12,735 - INFO - Moving batch to device: cpu
2025-09-30 23:45:12,735 - INFO - Generating embeddings on cpu...
2025-09-30 23:46:22,437 - INFO - Embeddings generated successfully
2025-09-30 23:46:22,736 - INFO - Completed annotation batch 134 in 70.0s (120 results)
2025-09-30 23:46:22,737 - INFO - Annotation Progress: 1608/5000 sequences (32.2%) | Elapsed: 15745.4s | ETA: 33214.2s
2025-09-30 23:46:22,737 - INFO - Starting annotation batch 135: sequences 1609-1620
2025-09-30 23:46:22,737 - INFO - Processing batch of 12 sequences with ESM2 batch embedding
2025-09-30 23:46:22,737 - INFO - Tokenizing 12 sequences...
2025-09-30 23:46:22,745 - INFO - Moving batch to device: cpu
2025-09-30 23:46:22,745 - INFO - Generating embeddings on cpu...
2025-09-30 23:48:51,563 - INFO - Embeddings generated successfully
2025-09-30 23:48:51,881 - INFO - Completed annotation batch 135 in 149.1s (120 results)
2025-09-30 23:48:51,882 - INFO - Annotation Progress: 1620/5000 sequences (32.4%) | Elapsed: 15894.6s | ETA: 33162.7s
2025-09-30 23:48:51,882 - INFO - Starting annotation batch 136: sequences 1621-1632
2025-09-30 23:48:51,882 - INFO - Processing batch of 12 sequences with ESM2 batch embedding
2025-09-30 23:48:51,882 - INFO - Tokenizing 12 sequences...
2025-09-30 23:48:51,888 - INFO - Moving batch to device: cpu
2025-09-30 23:48:51,888 - INFO - Generating embeddings on cpu...
2025-09-30 23:50:31,750 - INFO - Embeddings generated successfully
2025-09-30 23:50:32,052 - INFO - Completed annotation batch 136 in 100.2s (120 results)
2025-09-30 23:50:32,053 - INFO - Annotation Progress: 1632/5000 sequences (32.6%) | Elapsed: 15994.7s | ETA: 33008.7s
2025-09-30 23:50:32,053 - INFO - Starting annotation batch 137: sequences 1633-1644
2025-09-30 23:50:32,053 - INFO - Processing batch of 12 sequences with ESM2 batch embedding
2025-09-30 23:50:32,053 - INFO - Tokenizing 12 sequences...
2025-09-30 23:50:32,058 - INFO - Moving batch to device: cpu
2025-09-30 23:50:32,058 - INFO - Generating embeddings on cpu...
2025-09-30 23:51:39,686 - INFO - Embeddings generated successfully
2025-09-30 23:51:39,983 - INFO - Completed annotation batch 137 in 67.9s (120 results)
2025-09-30 23:51:39,983 - INFO - Annotation Progress: 1644/5000 sequences (32.9%) | Elapsed: 16062.7s | ETA: 32789.7s
2025-09-30 23:51:39,983 - INFO - Starting annotation batch 138: sequences 1645-1656
2025-09-30 23:51:39,983 - INFO - Processing batch of 12 sequences with ESM2 batch embedding
2025-09-30 23:51:39,983 - INFO - Tokenizing 12 sequences...
2025-09-30 23:51:39,988 - INFO - Moving batch to device: cpu
2025-09-30 23:51:39,988 - INFO - Generating embeddings on cpu...
2025-09-30 23:53:01,189 - INFO - Embeddings generated successfully
2025-09-30 23:53:01,496 - INFO - Completed annotation batch 138 in 81.5s (120 results)
2025-09-30 23:53:01,496 - INFO - Annotation Progress: 1656/5000 sequences (33.1%) | Elapsed: 16144.2s | ETA: 32600.3s
2025-09-30 23:53:01,496 - INFO - Starting annotation batch 139: sequences 1657-1668
2025-09-30 23:53:01,496 - INFO - Processing batch of 12 sequences with ESM2 batch embedding
2025-09-30 23:53:01,496 - INFO - Tokenizing 12 sequences...
2025-09-30 23:53:01,501 - INFO - Moving batch to device: cpu
2025-09-30 23:53:01,501 - INFO - Generating embeddings on cpu...
2025-09-30 23:54:04,700 - INFO - Embeddings generated successfully
2025-09-30 23:54:05,002 - INFO - Completed annotation batch 139 in 63.5s (120 results)
2025-09-30 23:54:05,002 - INFO - Annotation Progress: 1668/5000 sequences (33.4%) | Elapsed: 16207.7s | ETA: 32376.5s
2025-09-30 23:54:05,002 - INFO - Starting annotation batch 140: sequences 1669-1680
2025-09-30 23:54:05,002 - INFO - Processing batch of 12 sequences with ESM2 batch embedding
2025-09-30 23:54:05,002 - INFO - Tokenizing 12 sequences...
2025-09-30 23:54:05,008 - INFO - Moving batch to device: cpu
2025-09-30 23:54:05,008 - INFO - Generating embeddings on cpu...
2025-09-30 23:55:48,015 - INFO - Embeddings generated successfully
2025-09-30 23:55:48,317 - INFO - Completed annotation batch 140 in 103.3s (120 results)
2025-09-30 23:55:48,317 - INFO - Annotation Progress: 1680/5000 sequences (33.6%) | Elapsed: 16311.0s | ETA: 32233.6s
2025-09-30 23:55:48,318 - INFO - Starting annotation batch 141: sequences 1681-1692
2025-09-30 23:55:48,318 - INFO - Processing batch of 12 sequences with ESM2 batch embedding
2025-09-30 23:55:48,318 - INFO - Tokenizing 12 sequences...
2025-09-30 23:55:48,325 - INFO - Moving batch to device: cpu
2025-09-30 23:55:48,325 - INFO - Generating embeddings on cpu...
2025-09-30 23:58:16,578 - INFO - Embeddings generated successfully
2025-09-30 23:58:16,883 - INFO - Completed annotation batch 141 in 148.6s (120 results)
2025-09-30 23:58:16,884 - INFO - Annotation Progress: 1692/5000 sequences (33.8%) | Elapsed: 16459.6s | ETA: 32179.8s
2025-09-30 23:58:16,884 - INFO - Starting annotation batch 142: sequences 1693-1704
2025-09-30 23:58:16,884 - INFO - Processing batch of 12 sequences with ESM2 batch embedding
2025-09-30 23:58:16,884 - INFO - Tokenizing 12 sequences...
2025-09-30 23:58:16,891 - INFO - Moving batch to device: cpu
2025-09-30 23:58:16,891 - INFO - Generating embeddings on cpu...
2025-10-01 00:00:45,425 - INFO - Embeddings generated successfully
2025-10-01 00:00:45,735 - INFO - Completed annotation batch 142 in 148.9s (120 results)
2025-10-01 00:00:45,735 - INFO - Annotation Progress: 1704/5000 sequences (34.1%) | Elapsed: 16608.4s | ETA: 32125.2s
2025-10-01 00:00:45,735 - INFO - Starting annotation batch 143: sequences 1705-1716
2025-10-01 00:00:45,735 - INFO - Processing batch of 12 sequences with ESM2 batch embedding
2025-10-01 00:00:45,735 - INFO - Tokenizing 12 sequences...
2025-10-01 00:00:45,742 - INFO - Moving batch to device: cpu
2025-10-01 00:00:45,743 - INFO - Generating embeddings on cpu...
2025-10-01 00:03:14,243 - INFO - Embeddings generated successfully
2025-10-01 00:03:14,552 - INFO - Completed annotation batch 143 in 148.8s (120 results)
2025-10-01 00:03:14,552 - INFO - Annotation Progress: 1716/5000 sequences (34.3%) | Elapsed: 16757.2s | ETA: 32069.2s
2025-10-01 00:03:14,552 - INFO - Starting annotation batch 144: sequences 1717-1728
2025-10-01 00:03:14,552 - INFO - Processing batch of 12 sequences with ESM2 batch embedding
2025-10-01 00:03:14,552 - INFO - Tokenizing 12 sequences...
2025-10-01 00:03:14,558 - INFO - Moving batch to device: cpu
2025-10-01 00:03:14,558 - INFO - Generating embeddings on cpu...
2025-10-01 00:04:55,285 - INFO - Embeddings generated successfully
2025-10-01 00:04:55,588 - INFO - Completed annotation batch 144 in 101.0s (120 results)
2025-10-01 00:04:55,588 - INFO - Annotation Progress: 1728/5000 sequences (34.6%) | Elapsed: 16858.3s | ETA: 31921.4s
2025-10-01 00:04:55,588 - INFO - Starting annotation batch 145: sequences 1729-1740
2025-10-01 00:04:55,588 - INFO - Processing batch of 12 sequences with ESM2 batch embedding
2025-10-01 00:04:55,588 - INFO - Tokenizing 12 sequences...
2025-10-01 00:04:55,592 - INFO - Moving batch to device: cpu
2025-10-01 00:04:55,592 - INFO - Generating embeddings on cpu...
2025-10-01 00:06:03,746 - INFO - Embeddings generated successfully
2025-10-01 00:06:04,059 - INFO - Completed annotation batch 145 in 68.5s (120 results)
2025-10-01 00:06:04,059 - INFO - Annotation Progress: 1740/5000 sequences (34.8%) | Elapsed: 16926.7s | ETA: 31713.3s
2025-10-01 00:06:04,059 - INFO - Starting annotation batch 146: sequences 1741-1752
2025-10-01 00:06:04,059 - INFO - Processing batch of 12 sequences with ESM2 batch embedding
2025-10-01 00:06:04,059 - INFO - Tokenizing 12 sequences...
2025-10-01 00:06:04,065 - INFO - Moving batch to device: cpu
2025-10-01 00:06:04,065 - INFO - Generating embeddings on cpu...
2025-10-01 00:07:59,842 - INFO - Embeddings generated successfully
2025-10-01 00:08:00,161 - INFO - Completed annotation batch 146 in 116.1s (120 results)
2025-10-01 00:08:00,161 - INFO - Annotation Progress: 1752/5000 sequences (35.0%) | Elapsed: 17042.8s | ETA: 31595.4s
2025-10-01 00:08:00,161 - INFO - Starting annotation batch 147: sequences 1753-1764
2025-10-01 00:08:00,161 - INFO - Processing batch of 12 sequences with ESM2 batch embedding
2025-10-01 00:08:00,161 - INFO - Tokenizing 12 sequences...
2025-10-01 00:08:00,165 - INFO - Moving batch to device: cpu
2025-10-01 00:08:00,165 - INFO - Generating embeddings on cpu...
2025-10-01 00:09:22,588 - INFO - Embeddings generated successfully
2025-10-01 00:09:22,882 - INFO - Completed annotation batch 147 in 82.7s (120 results)
2025-10-01 00:09:22,882 - INFO - Annotation Progress: 1764/5000 sequences (35.3%) | Elapsed: 17125.6s | ETA: 31416.3s
2025-10-01 00:09:22,882 - INFO - Starting annotation batch 148: sequences 1765-1776
2025-10-01 00:09:22,882 - INFO - Processing batch of 12 sequences with ESM2 batch embedding
2025-10-01 00:09:22,883 - INFO - Tokenizing 12 sequences...
2025-10-01 00:09:22,887 - INFO - Moving batch to device: cpu
2025-10-01 00:09:22,887 - INFO - Generating embeddings on cpu...
2025-10-01 00:10:26,888 - INFO - Embeddings generated successfully
2025-10-01 00:10:27,184 - INFO - Completed annotation batch 148 in 64.3s (120 results)
2025-10-01 00:10:27,184 - INFO - Annotation Progress: 1776/5000 sequences (35.5%) | Elapsed: 17189.9s | ETA: 31205.0s
2025-10-01 00:10:27,184 - INFO - Starting annotation batch 149: sequences 1777-1788
2025-10-01 00:10:27,184 - INFO - Processing batch of 12 sequences with ESM2 batch embedding
2025-10-01 00:10:27,184 - INFO - Tokenizing 12 sequences...
2025-10-01 00:10:27,190 - INFO - Moving batch to device: cpu
2025-10-01 00:10:27,190 - INFO - Generating embeddings on cpu...
2025-10-01 00:12:05,124 - INFO - Embeddings generated successfully
2025-10-01 00:12:05,418 - INFO - Completed annotation batch 149 in 98.2s (120 results)
2025-10-01 00:12:05,418 - INFO - Annotation Progress: 1788/5000 sequences (35.8%) | Elapsed: 17288.1s | ETA: 31056.7s
2025-10-01 00:12:05,418 - INFO - Starting annotation batch 150: sequences 1789-1800
2025-10-01 00:12:05,418 - INFO - Processing batch of 12 sequences with ESM2 batch embedding
2025-10-01 00:12:05,418 - INFO - Tokenizing 12 sequences...
2025-10-01 00:12:05,422 - INFO - Moving batch to device: cpu
2025-10-01 00:12:05,422 - INFO - Generating embeddings on cpu...
2025-10-01 00:13:17,199 - INFO - Embeddings generated successfully
2025-10-01 00:13:17,495 - INFO - Completed annotation batch 150 in 72.1s (120 results)
2025-10-01 00:13:17,495 - INFO - Annotation Progress: 1800/5000 sequences (36.0%) | Elapsed: 17360.2s | ETA: 30862.5s
2025-10-01 00:13:17,495 - INFO - Starting annotation batch 151: sequences 1801-1812
2025-10-01 00:13:17,495 - INFO - Processing batch of 12 sequences with ESM2 batch embedding
2025-10-01 00:13:17,495 - INFO - Tokenizing 12 sequences...
2025-10-01 00:13:17,501 - INFO - Moving batch to device: cpu
2025-10-01 00:13:17,501 - INFO - Generating embeddings on cpu...
2025-10-01 00:15:28,247 - INFO - Embeddings generated successfully
2025-10-01 00:15:28,552 - INFO - Completed annotation batch 151 in 131.1s (120 results)
2025-10-01 00:15:28,552 - INFO - Annotation Progress: 1812/5000 sequences (36.2%) | Elapsed: 17491.2s | ETA: 30773.7s
2025-10-01 00:15:28,552 - INFO - Starting annotation batch 152: sequences 1813-1824
2025-10-01 00:15:28,552 - INFO - Processing batch of 12 sequences with ESM2 batch embedding
2025-10-01 00:15:28,552 - INFO - Tokenizing 12 sequences...
2025-10-01 00:15:28,557 - INFO - Moving batch to device: cpu
2025-10-01 00:15:28,557 - INFO - Generating embeddings on cpu...
2025-10-01 00:16:38,065 - INFO - Embeddings generated successfully
2025-10-01 00:16:38,369 - INFO - Completed annotation batch 152 in 69.8s (120 results)
2025-10-01 00:16:38,369 - INFO - Annotation Progress: 1824/5000 sequences (36.5%) | Elapsed: 17561.0s | ETA: 30577.8s
2025-10-01 00:16:38,369 - INFO - Starting annotation batch 153: sequences 1825-1836
2025-10-01 00:16:38,369 - INFO - Processing batch of 12 sequences with ESM2 batch embedding
2025-10-01 00:16:38,369 - INFO - Tokenizing 12 sequences...
2025-10-01 00:16:38,373 - INFO - Moving batch to device: cpu
2025-10-01 00:16:38,373 - INFO - Generating embeddings on cpu...
2025-10-01 00:18:13,077 - INFO - Embeddings generated successfully
2025-10-01 00:18:13,380 - INFO - Completed annotation batch 153 in 95.0s (120 results)
2025-10-01 00:18:13,381 - INFO - Annotation Progress: 1836/5000 sequences (36.7%) | Elapsed: 17656.1s | ETA: 30426.9s
2025-10-01 00:18:13,381 - INFO - Starting annotation batch 154: sequences 1837-1848
2025-10-01 00:18:13,381 - INFO - Processing batch of 12 sequences with ESM2 batch embedding
2025-10-01 00:18:13,381 - INFO - Tokenizing 12 sequences...
2025-10-01 00:18:13,388 - INFO - Moving batch to device: cpu
2025-10-01 00:18:13,388 - INFO - Generating embeddings on cpu...
2025-10-01 00:20:32,848 - INFO - Embeddings generated successfully
2025-10-01 00:20:33,156 - INFO - Completed annotation batch 154 in 139.8s (120 results)
2025-10-01 00:20:33,156 - INFO - Annotation Progress: 1848/5000 sequences (37.0%) | Elapsed: 17795.8s | ETA: 30353.1s
2025-10-01 00:20:33,156 - INFO - Starting annotation batch 155: sequences 1849-1860
2025-10-01 00:20:33,156 - INFO - Processing batch of 12 sequences with ESM2 batch embedding
2025-10-01 00:20:33,156 - INFO - Tokenizing 12 sequences...
2025-10-01 00:20:33,161 - INFO - Moving batch to device: cpu
2025-10-01 00:20:33,161 - INFO - Generating embeddings on cpu...
2025-10-01 00:22:18,557 - INFO - Embeddings generated successfully
2025-10-01 00:22:18,864 - INFO - Completed annotation batch 155 in 105.7s (120 results)
2025-10-01 00:22:18,864 - INFO - Annotation Progress: 1860/5000 sequences (37.2%) | Elapsed: 17901.5s | ETA: 30220.9s
2025-10-01 00:22:18,864 - INFO - Starting annotation batch 156: sequences 1861-1872
2025-10-01 00:22:18,864 - INFO - Processing batch of 12 sequences with ESM2 batch embedding
2025-10-01 00:22:18,864 - INFO - Tokenizing 12 sequences...
2025-10-01 00:22:18,871 - INFO - Moving batch to device: cpu
2025-10-01 00:22:18,871 - INFO - Generating embeddings on cpu...
2025-10-01 00:24:18,837 - INFO - Embeddings generated successfully
2025-10-01 00:24:19,139 - INFO - Completed annotation batch 156 in 120.3s (120 results)
2025-10-01 00:24:19,139 - INFO - Annotation Progress: 1872/5000 sequences (37.4%) | Elapsed: 18021.8s | ETA: 30113.4s
2025-10-01 00:24:19,139 - INFO - Starting annotation batch 157: sequences 1873-1884
2025-10-01 00:24:19,139 - INFO - Processing batch of 12 sequences with ESM2 batch embedding
2025-10-01 00:24:19,139 - INFO - Tokenizing 12 sequences...
2025-10-01 00:24:19,144 - INFO - Moving batch to device: cpu
2025-10-01 00:24:19,144 - INFO - Generating embeddings on cpu...
2025-10-01 00:25:41,525 - INFO - Embeddings generated successfully
2025-10-01 00:25:41,835 - INFO - Completed annotation batch 157 in 82.7s (120 results)
2025-10-01 00:25:41,835 - INFO - Annotation Progress: 1884/5000 sequences (37.7%) | Elapsed: 18104.5s | ETA: 29943.5s
2025-10-01 00:25:41,835 - INFO - Starting annotation batch 158: sequences 1885-1896
2025-10-01 00:25:41,835 - INFO - Processing batch of 12 sequences with ESM2 batch embedding
2025-10-01 00:25:41,835 - INFO - Tokenizing 12 sequences...
2025-10-01 00:25:41,842 - INFO - Moving batch to device: cpu
2025-10-01 00:25:41,842 - INFO - Generating embeddings on cpu...
2025-10-01 00:28:07,458 - INFO - Embeddings generated successfully
2025-10-01 00:28:07,760 - INFO - Completed annotation batch 158 in 145.9s (120 results)
2025-10-01 00:28:07,760 - INFO - Annotation Progress: 1896/5000 sequences (37.9%) | Elapsed: 18250.4s | ETA: 29878.3s
2025-10-01 00:28:07,760 - INFO - Starting annotation batch 159: sequences 1897-1908
2025-10-01 00:28:07,760 - INFO - Processing batch of 12 sequences with ESM2 batch embedding
2025-10-01 00:28:07,760 - INFO - Tokenizing 12 sequences...
2025-10-01 00:28:07,765 - INFO - Moving batch to device: cpu
2025-10-01 00:28:07,765 - INFO - Generating embeddings on cpu...
2025-10-01 00:29:57,468 - INFO - Embeddings generated successfully
2025-10-01 00:29:57,791 - INFO - Completed annotation batch 159 in 110.0s (120 results)
2025-10-01 00:29:57,791 - INFO - Annotation Progress: 1908/5000 sequences (38.2%) | Elapsed: 18360.5s | ETA: 29754.0s
2025-10-01 00:29:57,791 - INFO - Starting annotation batch 160: sequences 1909-1920
2025-10-01 00:29:57,791 - INFO - Processing batch of 12 sequences with ESM2 batch embedding
2025-10-01 00:29:57,791 - INFO - Tokenizing 12 sequences...
2025-10-01 00:29:57,796 - INFO - Moving batch to device: cpu
2025-10-01 00:29:57,796 - INFO - Generating embeddings on cpu...
2025-10-01 00:31:21,957 - INFO - Embeddings generated successfully
2025-10-01 00:31:22,251 - INFO - Completed annotation batch 160 in 84.5s (120 results)
2025-10-01 00:31:22,251 - INFO - Annotation Progress: 1920/5000 sequences (38.4%) | Elapsed: 18444.9s | ETA: 29588.7s
2025-10-01 00:31:22,251 - INFO - Starting annotation batch 161: sequences 1921-1932
2025-10-01 00:31:22,251 - INFO - Processing batch of 12 sequences with ESM2 batch embedding
2025-10-01 00:31:22,251 - INFO - Tokenizing 12 sequences...
2025-10-01 00:31:22,258 - INFO - Moving batch to device: cpu
2025-10-01 00:31:22,259 - INFO - Generating embeddings on cpu...
2025-10-01 00:33:51,015 - INFO - Embeddings generated successfully
2025-10-01 00:33:51,337 - INFO - Completed annotation batch 161 in 149.1s (120 results)
2025-10-01 00:33:51,338 - INFO - Annotation Progress: 1932/5000 sequences (38.6%) | Elapsed: 18594.0s | ETA: 29527.1s
2025-10-01 00:33:51,338 - INFO - Starting annotation batch 162: sequences 1933-1944
2025-10-01 00:33:51,338 - INFO - Processing batch of 12 sequences with ESM2 batch embedding
2025-10-01 00:33:51,338 - INFO - Tokenizing 12 sequences...
2025-10-01 00:33:51,345 - INFO - Moving batch to device: cpu
2025-10-01 00:33:51,345 - INFO - Generating embeddings on cpu...
2025-10-01 00:36:20,150 - INFO - Embeddings generated successfully
2025-10-01 00:36:20,457 - INFO - Completed annotation batch 162 in 149.1s (120 results)
2025-10-01 00:36:20,457 - INFO - Annotation Progress: 1944/5000 sequences (38.9%) | Elapsed: 18743.1s | ETA: 29464.5s
2025-10-01 00:36:20,457 - INFO - Starting annotation batch 163: sequences 1945-1956
2025-10-01 00:36:20,457 - INFO - Processing batch of 12 sequences with ESM2 batch embedding
2025-10-01 00:36:20,457 - INFO - Tokenizing 12 sequences...
2025-10-01 00:36:20,461 - INFO - Moving batch to device: cpu
2025-10-01 00:36:20,462 - INFO - Generating embeddings on cpu...
2025-10-01 00:37:38,288 - INFO - Embeddings generated successfully
2025-10-01 00:37:38,592 - INFO - Completed annotation batch 163 in 78.1s (120 results)
2025-10-01 00:37:38,592 - INFO - Annotation Progress: 1956/5000 sequences (39.1%) | Elapsed: 18821.3s | ETA: 29290.4s
2025-10-01 00:37:38,592 - INFO - Starting annotation batch 164: sequences 1957-1968
2025-10-01 00:37:38,592 - INFO - Processing batch of 12 sequences with ESM2 batch embedding
2025-10-01 00:37:38,592 - INFO - Tokenizing 12 sequences...
2025-10-01 00:37:38,598 - INFO - Moving batch to device: cpu
2025-10-01 00:37:38,598 - INFO - Generating embeddings on cpu...
2025-10-01 00:39:27,894 - INFO - Embeddings generated successfully
2025-10-01 00:39:28,199 - INFO - Completed annotation batch 164 in 109.6s (120 results)
2025-10-01 00:39:28,199 - INFO - Annotation Progress: 1968/5000 sequences (39.4%) | Elapsed: 18930.9s | ETA: 29165.9s
2025-10-01 00:39:28,199 - INFO - Starting annotation batch 165: sequences 1969-1980
2025-10-01 00:39:28,199 - INFO - Processing batch of 12 sequences with ESM2 batch embedding
2025-10-01 00:39:28,199 - INFO - Tokenizing 12 sequences...
2025-10-01 00:39:28,204 - INFO - Moving batch to device: cpu
2025-10-01 00:39:28,204 - INFO - Generating embeddings on cpu...
2025-10-01 00:41:00,325 - INFO - Embeddings generated successfully
2025-10-01 00:41:00,629 - INFO - Completed annotation batch 165 in 92.4s (120 results)
2025-10-01 00:41:00,629 - INFO - Annotation Progress: 1980/5000 sequences (39.6%) | Elapsed: 19023.3s | ETA: 29015.3s
2025-10-01 00:41:00,629 - INFO - Starting annotation batch 166: sequences 1981-1992
2025-10-01 00:41:00,629 - INFO - Processing batch of 12 sequences with ESM2 batch embedding
2025-10-01 00:41:00,629 - INFO - Tokenizing 12 sequences...
2025-10-01 00:41:00,636 - INFO - Moving batch to device: cpu
2025-10-01 00:41:00,637 - INFO - Generating embeddings on cpu...
2025-10-01 00:43:12,552 - INFO - Embeddings generated successfully
2025-10-01 00:43:12,854 - INFO - Completed annotation batch 166 in 132.2s (120 results)
2025-10-01 00:43:12,854 - INFO - Annotation Progress: 1992/5000 sequences (39.8%) | Elapsed: 19155.5s | ETA: 28925.6s
2025-10-01 00:43:12,854 - INFO - Starting annotation batch 167: sequences 1993-2004
2025-10-01 00:43:12,854 - INFO - Processing batch of 12 sequences with ESM2 batch embedding
2025-10-01 00:43:12,855 - INFO - Tokenizing 12 sequences...
2025-10-01 00:43:12,861 - INFO - Moving batch to device: cpu
2025-10-01 00:43:12,861 - INFO - Generating embeddings on cpu...
2025-10-01 00:45:41,724 - INFO - Embeddings generated successfully
2025-10-01 00:45:42,024 - INFO - Completed annotation batch 167 in 149.2s (120 results)
2025-10-01 00:45:42,024 - INFO - Annotation Progress: 2004/5000 sequences (40.1%) | Elapsed: 19304.7s | ETA: 28860.7s
2025-10-01 00:45:42,024 - INFO - Starting annotation batch 168: sequences 2005-2016
2025-10-01 00:45:42,024 - INFO - Processing batch of 12 sequences with ESM2 batch embedding
2025-10-01 00:45:42,025 - INFO - Tokenizing 12 sequences...
2025-10-01 00:45:42,031 - INFO - Moving batch to device: cpu
2025-10-01 00:45:42,031 - INFO - Generating embeddings on cpu...
2025-10-01 00:48:10,590 - INFO - Embeddings generated successfully
2025-10-01 00:48:10,893 - INFO - Completed annotation batch 168 in 148.9s (120 results)
2025-10-01 00:48:10,893 - INFO - Annotation Progress: 2016/5000 sequences (40.3%) | Elapsed: 19453.6s | ETA: 28794.4s
2025-10-01 00:48:10,893 - INFO - Starting annotation batch 169: sequences 2017-2028
2025-10-01 00:48:10,893 - INFO - Processing batch of 12 sequences with ESM2 batch embedding
2025-10-01 00:48:10,893 - INFO - Tokenizing 12 sequences...
2025-10-01 00:48:10,898 - INFO - Moving batch to device: cpu
2025-10-01 00:48:10,898 - INFO - Generating embeddings on cpu...
2025-10-01 00:49:31,643 - INFO - Embeddings generated successfully
2025-10-01 00:49:31,947 - INFO - Completed annotation batch 169 in 81.1s (120 results)
2025-10-01 00:49:31,947 - INFO - Annotation Progress: 2028/5000 sequences (40.6%) | Elapsed: 19534.6s | ETA: 28627.7s
2025-10-01 00:49:31,947 - INFO - Starting annotation batch 170: sequences 2029-2040
2025-10-01 00:49:31,947 - INFO - Processing batch of 12 sequences with ESM2 batch embedding
2025-10-01 00:49:31,947 - INFO - Tokenizing 12 sequences...
2025-10-01 00:49:31,954 - INFO - Moving batch to device: cpu
2025-10-01 00:49:31,954 - INFO - Generating embeddings on cpu...
2025-10-01 00:52:01,096 - INFO - Embeddings generated successfully
2025-10-01 00:52:01,402 - INFO - Completed annotation batch 170 in 149.5s (120 results)
2025-10-01 00:52:01,402 - INFO - Annotation Progress: 2040/5000 sequences (40.8%) | Elapsed: 19684.1s | ETA: 28561.2s
2025-10-01 00:52:01,402 - INFO - Starting annotation batch 171: sequences 2041-2052
2025-10-01 00:52:01,403 - INFO - Processing batch of 12 sequences with ESM2 batch embedding
2025-10-01 00:52:01,403 - INFO - Tokenizing 12 sequences...
2025-10-01 00:52:01,408 - INFO - Moving batch to device: cpu
2025-10-01 00:52:01,408 - INFO - Generating embeddings on cpu...
2025-10-01 00:53:09,151 - INFO - Embeddings generated successfully
2025-10-01 00:53:09,450 - INFO - Completed annotation batch 171 in 68.0s (120 results)
2025-10-01 00:53:09,450 - INFO - Annotation Progress: 2052/5000 sequences (41.0%) | Elapsed: 19752.1s | ETA: 28376.8s
2025-10-01 00:53:09,451 - INFO - Starting annotation batch 172: sequences 2053-2064
2025-10-01 00:53:09,451 - INFO - Processing batch of 12 sequences with ESM2 batch embedding
2025-10-01 00:53:09,451 - INFO - Tokenizing 12 sequences...
2025-10-01 00:53:09,458 - INFO - Moving batch to device: cpu
2025-10-01 00:53:09,458 - INFO - Generating embeddings on cpu...
2025-10-01 00:55:38,136 - INFO - Embeddings generated successfully
2025-10-01 00:55:38,445 - INFO - Completed annotation batch 172 in 149.0s (120 results)
2025-10-01 00:55:38,445 - INFO - Annotation Progress: 2064/5000 sequences (41.3%) | Elapsed: 19901.1s | ETA: 28309.0s
2025-10-01 00:55:38,446 - INFO - Starting annotation batch 173: sequences 2065-2076
2025-10-01 00:55:38,446 - INFO - Processing batch of 12 sequences with ESM2 batch embedding
2025-10-01 00:55:38,446 - INFO - Tokenizing 12 sequences...
2025-10-01 00:55:38,452 - INFO - Moving batch to device: cpu
2025-10-01 00:55:38,452 - INFO - Generating embeddings on cpu...
2025-10-01 00:58:06,951 - INFO - Embeddings generated successfully
2025-10-01 00:58:07,255 - INFO - Completed annotation batch 173 in 148.8s (120 results)
2025-10-01 00:58:07,255 - INFO - Annotation Progress: 2076/5000 sequences (41.5%) | Elapsed: 20049.9s | ETA: 28239.9s
2025-10-01 00:58:07,255 - INFO - Starting annotation batch 174: sequences 2077-2088
2025-10-01 00:58:07,255 - INFO - Processing batch of 12 sequences with ESM2 batch embedding
2025-10-01 00:58:07,255 - INFO - Tokenizing 12 sequences...
2025-10-01 00:58:07,263 - INFO - Moving batch to device: cpu
2025-10-01 00:58:07,263 - INFO - Generating embeddings on cpu...
2025-10-01 01:00:36,163 - INFO - Embeddings generated successfully
2025-10-01 01:00:36,472 - INFO - Completed annotation batch 174 in 149.2s (120 results)
2025-10-01 01:00:36,472 - INFO - Annotation Progress: 2088/5000 sequences (41.8%) | Elapsed: 20199.1s | ETA: 28170.5s
2025-10-01 01:00:36,472 - INFO - Starting annotation batch 175: sequences 2089-2100
2025-10-01 01:00:36,472 - INFO - Processing batch of 12 sequences with ESM2 batch embedding
2025-10-01 01:00:36,472 - INFO - Tokenizing 12 sequences...
2025-10-01 01:00:36,477 - INFO - Moving batch to device: cpu
2025-10-01 01:00:36,477 - INFO - Generating embeddings on cpu...
2025-10-01 01:02:24,553 - INFO - Embeddings generated successfully
2025-10-01 01:02:24,854 - INFO - Completed annotation batch 175 in 108.4s (120 results)
2025-10-01 01:02:24,854 - INFO - Annotation Progress: 2100/5000 sequences (42.0%) | Elapsed: 20307.5s | ETA: 28043.7s
2025-10-01 01:02:24,854 - INFO - Starting annotation batch 176: sequences 2101-2112
2025-10-01 01:02:24,854 - INFO - Processing batch of 12 sequences with ESM2 batch embedding
2025-10-01 01:02:24,855 - INFO - Tokenizing 12 sequences...
2025-10-01 01:02:24,861 - INFO - Moving batch to device: cpu
2025-10-01 01:02:24,861 - INFO - Generating embeddings on cpu...
2025-10-01 01:04:29,930 - INFO - Embeddings generated successfully
2025-10-01 01:04:30,246 - INFO - Completed annotation batch 176 in 125.4s (120 results)
2025-10-01 01:04:30,246 - INFO - Annotation Progress: 2112/5000 sequences (42.2%) | Elapsed: 20432.9s | ETA: 27940.5s
2025-10-01 01:04:30,246 - INFO - Starting annotation batch 177: sequences 2113-2124
2025-10-01 01:04:30,246 - INFO - Processing batch of 12 sequences with ESM2 batch embedding
2025-10-01 01:04:30,246 - INFO - Tokenizing 12 sequences...
2025-10-01 01:04:30,254 - INFO - Moving batch to device: cpu
2025-10-01 01:04:30,255 - INFO - Generating embeddings on cpu...
2025-10-01 01:07:00,232 - INFO - Embeddings generated successfully
2025-10-01 01:07:00,542 - INFO - Completed annotation batch 177 in 150.3s (120 results)
2025-10-01 01:07:00,542 - INFO - Annotation Progress: 2124/5000 sequences (42.5%) | Elapsed: 20583.2s | ETA: 27870.7s
2025-10-01 01:07:00,542 - INFO - Starting annotation batch 178: sequences 2125-2136
2025-10-01 01:07:00,542 - INFO - Processing batch of 12 sequences with ESM2 batch embedding
2025-10-01 01:07:00,542 - INFO - Tokenizing 12 sequences...
2025-10-01 01:07:00,547 - INFO - Moving batch to device: cpu
2025-10-01 01:07:00,547 - INFO - Generating embeddings on cpu...
2025-10-01 01:08:13,744 - INFO - Embeddings generated successfully
2025-10-01 01:08:14,045 - INFO - Completed annotation batch 178 in 73.5s (120 results)
2025-10-01 01:08:14,045 - INFO - Annotation Progress: 2136/5000 sequences (42.7%) | Elapsed: 20656.7s | ETA: 27697.0s
2025-10-01 01:08:14,046 - INFO - Starting annotation batch 179: sequences 2137-2148
2025-10-01 01:08:14,046 - INFO - Processing batch of 12 sequences with ESM2 batch embedding
2025-10-01 01:08:14,046 - INFO - Tokenizing 12 sequences...
2025-10-01 01:08:14,051 - INFO - Moving batch to device: cpu
2025-10-01 01:08:14,051 - INFO - Generating embeddings on cpu...
2025-10-01 01:09:31,469 - INFO - Embeddings generated successfully
2025-10-01 01:09:31,767 - INFO - Completed annotation batch 179 in 77.7s (120 results)
2025-10-01 01:09:31,767 - INFO - Annotation Progress: 2148/5000 sequences (43.0%) | Elapsed: 20734.4s | ETA: 27530.1s
2025-10-01 01:09:31,767 - INFO - Starting annotation batch 180: sequences 2149-2160
2025-10-01 01:09:31,767 - INFO - Processing batch of 12 sequences with ESM2 batch embedding
2025-10-01 01:09:31,767 - INFO - Tokenizing 12 sequences...
2025-10-01 01:09:31,774 - INFO - Moving batch to device: cpu
2025-10-01 01:09:31,774 - INFO - Generating embeddings on cpu...
2025-10-01 01:11:25,950 - INFO - Embeddings generated successfully
2025-10-01 01:11:26,251 - INFO - Completed annotation batch 180 in 114.5s (120 results)
2025-10-01 01:11:26,251 - INFO - Annotation Progress: 2160/5000 sequences (43.2%) | Elapsed: 20848.9s | ETA: 27412.5s
2025-10-01 01:11:26,251 - INFO - Starting annotation batch 181: sequences 2161-2172
2025-10-01 01:11:26,251 - INFO - Processing batch of 12 sequences with ESM2 batch embedding
2025-10-01 01:11:26,251 - INFO - Tokenizing 12 sequences...
2025-10-01 01:11:26,258 - INFO - Moving batch to device: cpu
2025-10-01 01:11:26,258 - INFO - Generating embeddings on cpu...
2025-10-01 01:13:50,265 - INFO - Embeddings generated successfully
2025-10-01 01:13:50,568 - INFO - Completed annotation batch 181 in 144.3s (120 results)
2025-10-01 01:13:50,568 - INFO - Annotation Progress: 2172/5000 sequences (43.4%) | Elapsed: 20993.2s | ETA: 27333.7s
2025-10-01 01:13:50,568 - INFO - Starting annotation batch 182: sequences 2173-2184
2025-10-01 01:13:50,568 - INFO - Processing batch of 12 sequences with ESM2 batch embedding
2025-10-01 01:13:50,568 - INFO - Tokenizing 12 sequences...
2025-10-01 01:13:50,573 - INFO - Moving batch to device: cpu
2025-10-01 01:13:50,573 - INFO - Generating embeddings on cpu...
2025-10-01 01:15:15,365 - INFO - Embeddings generated successfully
2025-10-01 01:15:15,668 - INFO - Completed annotation batch 182 in 85.1s (120 results)
2025-10-01 01:15:15,669 - INFO - Annotation Progress: 2184/5000 sequences (43.7%) | Elapsed: 21078.3s | ETA: 27177.9s
2025-10-01 01:15:15,669 - INFO - Starting annotation batch 183: sequences 2185-2196
2025-10-01 01:15:15,669 - INFO - Processing batch of 12 sequences with ESM2 batch embedding
2025-10-01 01:15:15,669 - INFO - Tokenizing 12 sequences...
2025-10-01 01:15:15,674 - INFO - Moving batch to device: cpu
2025-10-01 01:15:15,674 - INFO - Generating embeddings on cpu...
2025-10-01 01:16:51,294 - INFO - Embeddings generated successfully
2025-10-01 01:16:51,594 - INFO - Completed annotation batch 183 in 95.9s (120 results)
2025-10-01 01:16:51,594 - INFO - Annotation Progress: 2196/5000 sequences (43.9%) | Elapsed: 21174.3s | ETA: 27036.7s
2025-10-01 01:16:51,594 - INFO - Starting annotation batch 184: sequences 2197-2208
2025-10-01 01:16:51,594 - INFO - Processing batch of 12 sequences with ESM2 batch embedding
2025-10-01 01:16:51,594 - INFO - Tokenizing 12 sequences...
2025-10-01 01:16:51,599 - INFO - Moving batch to device: cpu
2025-10-01 01:16:51,599 - INFO - Generating embeddings on cpu...
2025-10-01 01:18:01,465 - INFO - Embeddings generated successfully
2025-10-01 01:18:01,770 - INFO - Completed annotation batch 184 in 70.2s (120 results)
2025-10-01 01:18:01,770 - INFO - Annotation Progress: 2208/5000 sequences (44.2%) | Elapsed: 21244.4s | ETA: 26863.4s
2025-10-01 01:18:01,770 - INFO - Starting annotation batch 185: sequences 2209-2220
2025-10-01 01:18:01,770 - INFO - Processing batch of 12 sequences with ESM2 batch embedding
2025-10-01 01:18:01,770 - INFO - Tokenizing 12 sequences...
2025-10-01 01:18:01,775 - INFO - Moving batch to device: cpu
2025-10-01 01:18:01,775 - INFO - Generating embeddings on cpu...
2025-10-01 01:19:48,626 - INFO - Embeddings generated successfully
2025-10-01 01:19:48,928 - INFO - Completed annotation batch 185 in 107.2s (120 results)
2025-10-01 01:19:48,928 - INFO - Annotation Progress: 2220/5000 sequences (44.4%) | Elapsed: 21351.6s | ETA: 26737.6s
2025-10-01 01:19:48,928 - INFO - Starting annotation batch 186: sequences 2221-2232
2025-10-01 01:19:48,928 - INFO - Processing batch of 12 sequences with ESM2 batch embedding
2025-10-01 01:19:48,928 - INFO - Tokenizing 12 sequences...
2025-10-01 01:19:48,932 - INFO - Moving batch to device: cpu
2025-10-01 01:19:48,932 - INFO - Generating embeddings on cpu...
2025-10-01 01:21:16,883 - INFO - Embeddings generated successfully
2025-10-01 01:21:17,186 - INFO - Completed annotation batch 186 in 88.3s (120 results)
2025-10-01 01:21:17,186 - INFO - Annotation Progress: 2232/5000 sequences (44.6%) | Elapsed: 21439.9s | ETA: 26588.5s
2025-10-01 01:21:17,187 - INFO - Starting annotation batch 187: sequences 2233-2244
2025-10-01 01:21:17,187 - INFO - Processing batch of 12 sequences with ESM2 batch embedding
2025-10-01 01:21:17,187 - INFO - Tokenizing 12 sequences...
2025-10-01 01:21:17,191 - INFO - Moving batch to device: cpu
2025-10-01 01:21:17,191 - INFO - Generating embeddings on cpu...
2025-10-01 01:22:18,144 - INFO - Embeddings generated successfully
2025-10-01 01:22:18,454 - INFO - Completed annotation batch 187 in 61.3s (120 results)
2025-10-01 01:22:18,455 - INFO - Annotation Progress: 2244/5000 sequences (44.9%) | Elapsed: 21501.1s | ETA: 26406.9s
2025-10-01 01:22:18,455 - INFO - Starting annotation batch 188: sequences 2245-2256
2025-10-01 01:22:18,455 - INFO - Processing batch of 12 sequences with ESM2 batch embedding
2025-10-01 01:22:18,455 - INFO - Tokenizing 12 sequences...
2025-10-01 01:22:18,460 - INFO - Moving batch to device: cpu
2025-10-01 01:22:18,460 - INFO - Generating embeddings on cpu...
2025-10-01 01:23:44,623 - INFO - Embeddings generated successfully
2025-10-01 01:23:44,923 - INFO - Completed annotation batch 188 in 86.5s (120 results)
2025-10-01 01:23:44,923 - INFO - Annotation Progress: 2256/5000 sequences (45.1%) | Elapsed: 21587.6s | ETA: 26257.3s
2025-10-01 01:23:44,923 - INFO - Starting annotation batch 189: sequences 2257-2268
2025-10-01 01:23:44,923 - INFO - Processing batch of 12 sequences with ESM2 batch embedding
2025-10-01 01:23:44,923 - INFO - Tokenizing 12 sequences...
2025-10-01 01:23:44,930 - INFO - Moving batch to device: cpu
2025-10-01 01:23:44,930 - INFO - Generating embeddings on cpu...
2025-10-01 01:25:50,991 - INFO - Embeddings generated successfully
2025-10-01 01:25:51,299 - INFO - Completed annotation batch 189 in 126.4s (120 results)
2025-10-01 01:25:51,299 - INFO - Annotation Progress: 2268/5000 sequences (45.4%) | Elapsed: 21714.0s | ETA: 26156.3s
2025-10-01 01:25:51,299 - INFO - Starting annotation batch 190: sequences 2269-2280
2025-10-01 01:25:51,299 - INFO - Processing batch of 12 sequences with ESM2 batch embedding
2025-10-01 01:25:51,299 - INFO - Tokenizing 12 sequences...
2025-10-01 01:25:51,304 - INFO - Moving batch to device: cpu
2025-10-01 01:25:51,305 - INFO - Generating embeddings on cpu...
2025-10-01 01:27:46,674 - INFO - Embeddings generated successfully
2025-10-01 01:27:46,989 - INFO - Completed annotation batch 190 in 115.7s (120 results)
2025-10-01 01:27:46,989 - INFO - Annotation Progress: 2280/5000 sequences (45.6%) | Elapsed: 21829.7s | ETA: 26042.4s
2025-10-01 01:27:46,989 - INFO - Starting annotation batch 191: sequences 2281-2292
2025-10-01 01:27:46,989 - INFO - Processing batch of 12 sequences with ESM2 batch embedding
2025-10-01 01:27:46,989 - INFO - Tokenizing 12 sequences...
2025-10-01 01:27:46,995 - INFO - Moving batch to device: cpu
2025-10-01 01:27:46,996 - INFO - Generating embeddings on cpu...
2025-10-01 01:29:38,647 - INFO - Embeddings generated successfully
2025-10-01 01:29:38,952 - INFO - Completed annotation batch 191 in 112.0s (120 results)
2025-10-01 01:29:38,952 - INFO - Annotation Progress: 2292/5000 sequences (45.8%) | Elapsed: 21941.6s | ETA: 25924.0s
2025-10-01 01:29:38,952 - INFO - Starting annotation batch 192: sequences 2293-2304
2025-10-01 01:29:38,952 - INFO - Processing batch of 12 sequences with ESM2 batch embedding
2025-10-01 01:29:38,952 - INFO - Tokenizing 12 sequences...
2025-10-01 01:29:38,957 - INFO - Moving batch to device: cpu
2025-10-01 01:29:38,957 - INFO - Generating embeddings on cpu...
2025-10-01 01:31:06,372 - INFO - Embeddings generated successfully
2025-10-01 01:31:06,675 - INFO - Completed annotation batch 192 in 87.7s (120 results)
2025-10-01 01:31:06,675 - INFO - Annotation Progress: 2304/5000 sequences (46.1%) | Elapsed: 22029.3s | ETA: 25777.4s
2025-10-01 01:31:06,675 - INFO - Starting annotation batch 193: sequences 2305-2316
2025-10-01 01:31:06,675 - INFO - Processing batch of 12 sequences with ESM2 batch embedding
2025-10-01 01:31:06,675 - INFO - Tokenizing 12 sequences...
2025-10-01 01:31:06,682 - INFO - Moving batch to device: cpu
2025-10-01 01:31:06,682 - INFO - Generating embeddings on cpu...
2025-10-01 01:33:13,436 - INFO - Embeddings generated successfully
2025-10-01 01:33:13,740 - INFO - Completed annotation batch 193 in 127.1s (120 results)
2025-10-01 01:33:13,740 - INFO - Annotation Progress: 2316/5000 sequences (46.3%) | Elapsed: 22156.4s | ETA: 25676.9s
2025-10-01 01:33:13,740 - INFO - Starting annotation batch 194: sequences 2317-2328
2025-10-01 01:33:13,740 - INFO - Processing batch of 12 sequences with ESM2 batch embedding
2025-10-01 01:33:13,740 - INFO - Tokenizing 12 sequences...
2025-10-01 01:33:13,745 - INFO - Moving batch to device: cpu
2025-10-01 01:33:13,746 - INFO - Generating embeddings on cpu...
2025-10-01 01:34:55,160 - INFO - Embeddings generated successfully
2025-10-01 01:34:55,456 - INFO - Completed annotation batch 194 in 101.7s (120 results)
2025-10-01 01:34:55,456 - INFO - Annotation Progress: 2328/5000 sequences (46.6%) | Elapsed: 22258.1s | ETA: 25547.1s
2025-10-01 01:34:55,456 - INFO - Starting annotation batch 195: sequences 2329-2340
2025-10-01 01:34:55,456 - INFO - Processing batch of 12 sequences with ESM2 batch embedding
2025-10-01 01:34:55,456 - INFO - Tokenizing 12 sequences...
2025-10-01 01:34:55,466 - INFO - Moving batch to device: cpu
2025-10-01 01:34:55,466 - INFO - Generating embeddings on cpu...
2025-10-01 01:37:25,184 - INFO - Embeddings generated successfully
2025-10-01 01:37:25,481 - INFO - Completed annotation batch 195 in 150.0s (120 results)
2025-10-01 01:37:25,481 - INFO - Annotation Progress: 2340/5000 sequences (46.8%) | Elapsed: 22408.2s | ETA: 25472.5s
2025-10-01 01:37:25,481 - INFO - Starting annotation batch 196: sequences 2341-2352
2025-10-01 01:37:25,481 - INFO - Processing batch of 12 sequences with ESM2 batch embedding
2025-10-01 01:37:25,482 - INFO - Tokenizing 12 sequences...
2025-10-01 01:37:25,489 - INFO - Moving batch to device: cpu
2025-10-01 01:37:25,489 - INFO - Generating embeddings on cpu...
2025-10-01 01:39:54,763 - INFO - Embeddings generated successfully
2025-10-01 01:39:55,091 - INFO - Completed annotation batch 196 in 149.6s (120 results)
2025-10-01 01:39:55,091 - INFO - Annotation Progress: 2352/5000 sequences (47.0%) | Elapsed: 22557.8s | ETA: 25396.7s
2025-10-01 01:39:55,091 - INFO - Starting annotation batch 197: sequences 2353-2364
2025-10-01 01:39:55,091 - INFO - Processing batch of 12 sequences with ESM2 batch embedding
2025-10-01 01:39:55,091 - INFO - Tokenizing 12 sequences...
2025-10-01 01:39:55,099 - INFO - Moving batch to device: cpu
2025-10-01 01:39:55,099 - INFO - Generating embeddings on cpu...
2025-10-01 01:42:24,278 - INFO - Embeddings generated successfully
2025-10-01 01:42:24,581 - INFO - Completed annotation batch 197 in 149.5s (120 results)
2025-10-01 01:42:24,581 - INFO - Annotation Progress: 2364/5000 sequences (47.3%) | Elapsed: 22707.3s | ETA: 25319.9s
2025-10-01 01:42:24,582 - INFO - Starting annotation batch 198: sequences 2365-2376
2025-10-01 01:42:24,582 - INFO - Processing batch of 12 sequences with ESM2 batch embedding
2025-10-01 01:42:24,582 - INFO - Tokenizing 12 sequences...
2025-10-01 01:42:24,586 - INFO - Moving batch to device: cpu
2025-10-01 01:42:24,586 - INFO - Generating embeddings on cpu...
2025-10-01 01:43:54,020 - INFO - Embeddings generated successfully
2025-10-01 01:43:54,315 - INFO - Completed annotation batch 198 in 89.7s (120 results)
2025-10-01 01:43:54,315 - INFO - Annotation Progress: 2376/5000 sequences (47.5%) | Elapsed: 22797.0s | ETA: 25176.5s
2025-10-01 01:43:54,315 - INFO - Starting annotation batch 199: sequences 2377-2388
2025-10-01 01:43:54,315 - INFO - Processing batch of 12 sequences with ESM2 batch embedding
2025-10-01 01:43:54,315 - INFO - Tokenizing 12 sequences...
2025-10-01 01:43:54,321 - INFO - Moving batch to device: cpu
2025-10-01 01:43:54,322 - INFO - Generating embeddings on cpu...
2025-10-01 01:46:19,444 - INFO - Embeddings generated successfully
2025-10-01 01:46:19,749 - INFO - Completed annotation batch 199 in 145.4s (120 results)
2025-10-01 01:46:19,749 - INFO - Annotation Progress: 2388/5000 sequences (47.8%) | Elapsed: 22942.4s | ETA: 25094.5s
2025-10-01 01:46:19,749 - INFO - Starting annotation batch 200: sequences 2389-2400
2025-10-01 01:46:19,749 - INFO - Processing batch of 12 sequences with ESM2 batch embedding
2025-10-01 01:46:19,750 - INFO - Tokenizing 12 sequences...
2025-10-01 01:46:19,754 - INFO - Moving batch to device: cpu
2025-10-01 01:46:19,754 - INFO - Generating embeddings on cpu...
2025-10-01 01:47:26,699 - INFO - Embeddings generated successfully
2025-10-01 01:47:27,001 - INFO - Completed annotation batch 200 in 67.3s (120 results)
2025-10-01 01:47:27,001 - INFO - Annotation Progress: 2400/5000 sequences (48.0%) | Elapsed: 23009.7s | ETA: 24927.1s
2025-10-01 01:47:27,001 - INFO - Starting annotation batch 201: sequences 2401-2412
2025-10-01 01:47:27,001 - INFO - Processing batch of 12 sequences with ESM2 batch embedding
2025-10-01 01:47:27,002 - INFO - Tokenizing 12 sequences...
2025-10-01 01:47:27,008 - INFO - Moving batch to device: cpu
2025-10-01 01:47:27,008 - INFO - Generating embeddings on cpu...
2025-10-01 01:49:56,349 - INFO - Embeddings generated successfully
2025-10-01 01:49:56,655 - INFO - Completed annotation batch 201 in 149.7s (120 results)
2025-10-01 01:49:56,655 - INFO - Annotation Progress: 2412/5000 sequences (48.2%) | Elapsed: 23159.3s | ETA: 24849.2s
2025-10-01 01:49:56,655 - INFO - Starting annotation batch 202: sequences 2413-2424
2025-10-01 01:49:56,655 - INFO - Processing batch of 12 sequences with ESM2 batch embedding
2025-10-01 01:49:56,655 - INFO - Tokenizing 12 sequences...
2025-10-01 01:49:56,663 - INFO - Moving batch to device: cpu
2025-10-01 01:49:56,663 - INFO - Generating embeddings on cpu...
2025-10-01 01:52:25,683 - INFO - Embeddings generated successfully
2025-10-01 01:52:26,079 - INFO - Completed annotation batch 202 in 149.4s (120 results)
2025-10-01 01:52:26,079 - INFO - Annotation Progress: 2424/5000 sequences (48.5%) | Elapsed: 23308.8s | ETA: 24770.4s
2025-10-01 01:52:26,079 - INFO - Starting annotation batch 203: sequences 2425-2436
2025-10-01 01:52:26,079 - INFO - Processing batch of 12 sequences with ESM2 batch embedding
2025-10-01 01:52:26,079 - INFO - Tokenizing 12 sequences...
2025-10-01 01:52:26,084 - INFO - Moving batch to device: cpu
2025-10-01 01:52:26,084 - INFO - Generating embeddings on cpu...
2025-10-01 01:53:31,140 - INFO - Embeddings generated successfully
2025-10-01 01:53:31,441 - INFO - Completed annotation batch 203 in 65.4s (120 results)
2025-10-01 01:53:31,441 - INFO - Annotation Progress: 2436/5000 sequences (48.7%) | Elapsed: 23374.1s | ETA: 24602.3s
2025-10-01 01:53:31,441 - INFO - Starting annotation batch 204: sequences 2437-2448
2025-10-01 01:53:31,441 - INFO - Processing batch of 12 sequences with ESM2 batch embedding
2025-10-01 01:53:31,441 - INFO - Tokenizing 12 sequences...
2025-10-01 01:53:31,446 - INFO - Moving batch to device: cpu
2025-10-01 01:53:31,447 - INFO - Generating embeddings on cpu...
2025-10-01 01:55:38,581 - INFO - Embeddings generated successfully
2025-10-01 01:55:38,881 - INFO - Completed annotation batch 204 in 127.4s (120 results)
2025-10-01 01:55:38,882 - INFO - Annotation Progress: 2448/5000 sequences (49.0%) | Elapsed: 23501.6s | ETA: 24500.0s
2025-10-01 01:55:38,882 - INFO - Starting annotation batch 205: sequences 2449-2460
2025-10-01 01:55:38,882 - INFO - Processing batch of 12 sequences with ESM2 batch embedding
2025-10-01 01:55:38,882 - INFO - Tokenizing 12 sequences...
2025-10-01 01:55:38,889 - INFO - Moving batch to device: cpu
2025-10-01 01:55:38,889 - INFO - Generating embeddings on cpu...
2025-10-01 01:58:08,729 - INFO - Embeddings generated successfully
2025-10-01 01:58:09,031 - INFO - Completed annotation batch 205 in 150.1s (120 results)
2025-10-01 01:58:09,031 - INFO - Annotation Progress: 2460/5000 sequences (49.2%) | Elapsed: 23651.7s | ETA: 24420.9s
2025-10-01 01:58:09,031 - INFO - Starting annotation batch 206: sequences 2461-2472
2025-10-01 01:58:09,031 - INFO - Processing batch of 12 sequences with ESM2 batch embedding
2025-10-01 01:58:09,031 - INFO - Tokenizing 12 sequences...
2025-10-01 01:58:09,038 - INFO - Moving batch to device: cpu
2025-10-01 01:58:09,039 - INFO - Generating embeddings on cpu...
2025-10-01 02:00:38,424 - INFO - Embeddings generated successfully
2025-10-01 02:00:38,721 - INFO - Completed annotation batch 206 in 149.7s (120 results)
2025-10-01 02:00:38,721 - INFO - Annotation Progress: 2472/5000 sequences (49.4%) | Elapsed: 23801.4s | ETA: 24340.6s
2025-10-01 02:00:38,721 - INFO - Starting annotation batch 207: sequences 2473-2484
2025-10-01 02:00:38,721 - INFO - Processing batch of 12 sequences with ESM2 batch embedding
2025-10-01 02:00:38,721 - INFO - Tokenizing 12 sequences...
2025-10-01 02:00:38,726 - INFO - Moving batch to device: cpu
2025-10-01 02:00:38,726 - INFO - Generating embeddings on cpu...
2025-10-01 02:02:21,256 - INFO - Embeddings generated successfully
2025-10-01 02:02:21,550 - INFO - Completed annotation batch 207 in 102.8s (120 results)
2025-10-01 02:02:21,550 - INFO - Annotation Progress: 2484/5000 sequences (49.7%) | Elapsed: 23904.2s | ETA: 24212.2s
2025-10-01 02:02:21,550 - INFO - Starting annotation batch 208: sequences 2485-2496
2025-10-01 02:02:21,550 - INFO - Processing batch of 12 sequences with ESM2 batch embedding
2025-10-01 02:02:21,550 - INFO - Tokenizing 12 sequences...
2025-10-01 02:02:21,556 - INFO - Moving batch to device: cpu
2025-10-01 02:02:21,556 - INFO - Generating embeddings on cpu...
2025-10-01 02:04:50,048 - INFO - Embeddings generated successfully
2025-10-01 02:04:50,357 - INFO - Completed annotation batch 208 in 148.8s (120 results)
2025-10-01 02:04:50,358 - INFO - Annotation Progress: 2496/5000 sequences (49.9%) | Elapsed: 24053.0s | ETA: 24130.1s
2025-10-01 02:04:50,358 - INFO - Starting annotation batch 209: sequences 2497-2508
2025-10-01 02:04:50,358 - INFO - Processing batch of 12 sequences with ESM2 batch embedding
2025-10-01 02:04:50,358 - INFO - Tokenizing 12 sequences...
2025-10-01 02:04:50,365 - INFO - Moving batch to device: cpu
2025-10-01 02:04:50,366 - INFO - Generating embeddings on cpu...
2025-10-01 02:07:19,425 - INFO - Embeddings generated successfully
2025-10-01 02:07:19,732 - INFO - Completed annotation batch 209 in 149.4s (120 results)
2025-10-01 02:07:19,733 - INFO - Annotation Progress: 2508/5000 sequences (50.2%) | Elapsed: 24202.4s | ETA: 24048.0s
2025-10-01 02:07:19,733 - INFO - Starting annotation batch 210: sequences 2509-2520
2025-10-01 02:07:19,733 - INFO - Processing batch of 12 sequences with ESM2 batch embedding
2025-10-01 02:07:19,733 - INFO - Tokenizing 12 sequences...
2025-10-01 02:07:19,737 - INFO - Moving batch to device: cpu
2025-10-01 02:07:19,738 - INFO - Generating embeddings on cpu...
2025-10-01 02:09:03,024 - INFO - Embeddings generated successfully
2025-10-01 02:09:03,331 - INFO - Completed annotation batch 210 in 103.6s (120 results)
2025-10-01 02:09:03,331 - INFO - Annotation Progress: 2520/5000 sequences (50.4%) | Elapsed: 24306.0s | ETA: 23920.2s
2025-10-01 02:09:03,331 - INFO - Starting annotation batch 211: sequences 2521-2532
2025-10-01 02:09:03,332 - INFO - Processing batch of 12 sequences with ESM2 batch embedding
2025-10-01 02:09:03,332 - INFO - Tokenizing 12 sequences...
2025-10-01 02:09:03,341 - INFO - Moving batch to device: cpu
2025-10-01 02:09:03,342 - INFO - Generating embeddings on cpu...
2025-10-01 02:11:32,274 - INFO - Embeddings generated successfully
2025-10-01 02:11:32,581 - INFO - Completed annotation batch 211 in 149.2s (120 results)
2025-10-01 02:11:32,581 - INFO - Annotation Progress: 2532/5000 sequences (50.6%) | Elapsed: 24455.3s | ETA: 23837.1s
2025-10-01 02:11:32,581 - INFO - Starting annotation batch 212: sequences 2533-2544
2025-10-01 02:11:32,581 - INFO - Processing batch of 12 sequences with ESM2 batch embedding
2025-10-01 02:11:32,581 - INFO - Tokenizing 12 sequences...
2025-10-01 02:11:32,587 - INFO - Moving batch to device: cpu
2025-10-01 02:11:32,587 - INFO - Generating embeddings on cpu...
2025-10-01 02:13:17,323 - INFO - Embeddings generated successfully
2025-10-01 02:13:17,628 - INFO - Completed annotation batch 212 in 105.0s (120 results)
2025-10-01 02:13:17,628 - INFO - Annotation Progress: 2544/5000 sequences (50.9%) | Elapsed: 24560.3s | ETA: 23710.7s
2025-10-01 02:13:17,628 - INFO - Starting annotation batch 213: sequences 2545-2556
2025-10-01 02:13:17,628 - INFO - Processing batch of 12 sequences with ESM2 batch embedding
2025-10-01 02:13:17,628 - INFO - Tokenizing 12 sequences...
2025-10-01 02:13:17,633 - INFO - Moving batch to device: cpu
2025-10-01 02:13:17,633 - INFO - Generating embeddings on cpu...
2025-10-01 02:14:34,886 - INFO - Embeddings generated successfully
2025-10-01 02:14:35,195 - INFO - Completed annotation batch 213 in 77.6s (120 results)
2025-10-01 02:14:35,195 - INFO - Annotation Progress: 2556/5000 sequences (51.1%) | Elapsed: 24637.9s | ETA: 23558.3s
2025-10-01 02:14:35,195 - INFO - Starting annotation batch 214: sequences 2557-2568
2025-10-01 02:14:35,195 - INFO - Processing batch of 12 sequences with ESM2 batch embedding
2025-10-01 02:14:35,195 - INFO - Tokenizing 12 sequences...
2025-10-01 02:14:35,201 - INFO - Moving batch to device: cpu
2025-10-01 02:14:35,201 - INFO - Generating embeddings on cpu...
2025-10-01 02:16:10,840 - INFO - Embeddings generated successfully
2025-10-01 02:16:11,152 - INFO - Completed annotation batch 214 in 96.0s (120 results)
2025-10-01 02:16:11,152 - INFO - Annotation Progress: 2568/5000 sequences (51.4%) | Elapsed: 24733.8s | ETA: 23423.9s
2025-10-01 02:16:11,152 - INFO - Starting annotation batch 215: sequences 2569-2580
2025-10-01 02:16:11,153 - INFO - Processing batch of 12 sequences with ESM2 batch embedding
2025-10-01 02:16:11,153 - INFO - Tokenizing 12 sequences...
2025-10-01 02:16:11,158 - INFO - Moving batch to device: cpu
2025-10-01 02:16:11,159 - INFO - Generating embeddings on cpu...
2025-10-01 02:18:23,483 - INFO - Embeddings generated successfully
2025-10-01 02:18:23,787 - INFO - Completed annotation batch 215 in 132.6s (120 results)
2025-10-01 02:18:23,787 - INFO - Annotation Progress: 2580/5000 sequences (51.6%) | Elapsed: 24866.5s | ETA: 23324.4s
2025-10-01 02:18:23,787 - INFO - Starting annotation batch 216: sequences 2581-2592
2025-10-01 02:18:23,787 - INFO - Processing batch of 12 sequences with ESM2 batch embedding
2025-10-01 02:18:23,788 - INFO - Tokenizing 12 sequences...
2025-10-01 02:18:23,792 - INFO - Moving batch to device: cpu
2025-10-01 02:18:23,792 - INFO - Generating embeddings on cpu...
2025-10-01 02:19:31,648 - INFO - Embeddings generated successfully
2025-10-01 02:19:31,952 - INFO - Completed annotation batch 216 in 68.2s (120 results)
2025-10-01 02:19:31,952 - INFO - Annotation Progress: 2592/5000 sequences (51.8%) | Elapsed: 24934.6s | ETA: 23164.6s
2025-10-01 02:19:31,952 - INFO - Starting annotation batch 217: sequences 2593-2604
2025-10-01 02:19:31,952 - INFO - Processing batch of 12 sequences with ESM2 batch embedding
2025-10-01 02:19:31,952 - INFO - Tokenizing 12 sequences...
2025-10-01 02:19:31,958 - INFO - Moving batch to device: cpu
2025-10-01 02:19:31,958 - INFO - Generating embeddings on cpu...
2025-10-01 02:22:00,753 - INFO - Embeddings generated successfully
2025-10-01 02:22:01,050 - INFO - Completed annotation batch 217 in 149.1s (120 results)
2025-10-01 02:22:01,050 - INFO - Annotation Progress: 2604/5000 sequences (52.1%) | Elapsed: 25083.7s | ETA: 23080.1s
2025-10-01 02:22:01,050 - INFO - Starting annotation batch 218: sequences 2605-2616
2025-10-01 02:22:01,050 - INFO - Processing batch of 12 sequences with ESM2 batch embedding
2025-10-01 02:22:01,050 - INFO - Tokenizing 12 sequences...
2025-10-01 02:22:01,057 - INFO - Moving batch to device: cpu
2025-10-01 02:22:01,057 - INFO - Generating embeddings on cpu...
2025-10-01 02:24:30,360 - INFO - Embeddings generated successfully
2025-10-01 02:24:30,666 - INFO - Completed annotation batch 218 in 149.6s (120 results)
2025-10-01 02:24:30,667 - INFO - Annotation Progress: 2616/5000 sequences (52.3%) | Elapsed: 25233.3s | ETA: 22995.5s
2025-10-01 02:24:30,667 - INFO - Starting annotation batch 219: sequences 2617-2628
2025-10-01 02:24:30,667 - INFO - Processing batch of 12 sequences with ESM2 batch embedding
2025-10-01 02:24:30,667 - INFO - Tokenizing 12 sequences...
2025-10-01 02:24:30,674 - INFO - Moving batch to device: cpu
2025-10-01 02:24:30,674 - INFO - Generating embeddings on cpu...
2025-10-01 02:26:39,405 - INFO - Embeddings generated successfully
2025-10-01 02:26:39,708 - INFO - Completed annotation batch 219 in 129.0s (120 results)
2025-10-01 02:26:39,709 - INFO - Annotation Progress: 2628/5000 sequences (52.6%) | Elapsed: 25362.4s | ETA: 22891.8s
2025-10-01 02:26:39,709 - INFO - Starting annotation batch 220: sequences 2629-2640
2025-10-01 02:26:39,709 - INFO - Processing batch of 12 sequences with ESM2 batch embedding
2025-10-01 02:26:39,709 - INFO - Tokenizing 12 sequences...
2025-10-01 02:26:39,714 - INFO - Moving batch to device: cpu
2025-10-01 02:26:39,714 - INFO - Generating embeddings on cpu...
2025-10-01 02:27:58,122 - INFO - Embeddings generated successfully
2025-10-01 02:27:58,449 - INFO - Completed annotation batch 220 in 78.7s (120 results)
2025-10-01 02:27:58,449 - INFO - Annotation Progress: 2640/5000 sequences (52.8%) | Elapsed: 25441.1s | ETA: 22742.8s
2025-10-01 02:27:58,449 - INFO - Starting annotation batch 221: sequences 2641-2652
2025-10-01 02:27:58,449 - INFO - Processing batch of 12 sequences with ESM2 batch embedding
2025-10-01 02:27:58,449 - INFO - Tokenizing 12 sequences...
2025-10-01 02:27:58,457 - INFO - Moving batch to device: cpu
2025-10-01 02:27:58,457 - INFO - Generating embeddings on cpu...
2025-10-01 02:30:28,934 - INFO - Embeddings generated successfully
2025-10-01 02:30:29,235 - INFO - Completed annotation batch 221 in 150.8s (120 results)
2025-10-01 02:30:29,235 - INFO - Annotation Progress: 2652/5000 sequences (53.0%) | Elapsed: 25591.9s | ETA: 22658.3s
2025-10-01 02:30:29,235 - INFO - Starting annotation batch 222: sequences 2653-2664
2025-10-01 02:30:29,235 - INFO - Processing batch of 12 sequences with ESM2 batch embedding
2025-10-01 02:30:29,235 - INFO - Tokenizing 12 sequences...
2025-10-01 02:30:29,241 - INFO - Moving batch to device: cpu
2025-10-01 02:30:29,241 - INFO - Generating embeddings on cpu...
2025-10-01 02:32:04,828 - INFO - Embeddings generated successfully
2025-10-01 02:32:05,136 - INFO - Completed annotation batch 222 in 95.9s (120 results)
2025-10-01 02:32:05,136 - INFO - Annotation Progress: 2664/5000 sequences (53.3%) | Elapsed: 25687.8s | ETA: 22525.0s
2025-10-01 02:32:05,136 - INFO - Starting annotation batch 223: sequences 2665-2676
2025-10-01 02:32:05,136 - INFO - Processing batch of 12 sequences with ESM2 batch embedding
2025-10-01 02:32:05,136 - INFO - Tokenizing 12 sequences...
2025-10-01 02:32:05,141 - INFO - Moving batch to device: cpu
2025-10-01 02:32:05,141 - INFO - Generating embeddings on cpu...
2025-10-01 02:33:25,945 - INFO - Embeddings generated successfully
2025-10-01 02:33:26,244 - INFO - Completed annotation batch 223 in 81.1s (120 results)
2025-10-01 02:33:26,244 - INFO - Annotation Progress: 2676/5000 sequences (53.5%) | Elapsed: 25768.9s | ETA: 22379.3s
2025-10-01 02:33:26,244 - INFO - Starting annotation batch 224: sequences 2677-2688
2025-10-01 02:33:26,244 - INFO - Processing batch of 12 sequences with ESM2 batch embedding
2025-10-01 02:33:26,244 - INFO - Tokenizing 12 sequences...
2025-10-01 02:33:26,252 - INFO - Moving batch to device: cpu
2025-10-01 02:33:26,252 - INFO - Generating embeddings on cpu...
2025-10-01 02:35:55,577 - INFO - Embeddings generated successfully
2025-10-01 02:35:55,878 - INFO - Completed annotation batch 224 in 149.6s (120 results)
2025-10-01 02:35:55,879 - INFO - Annotation Progress: 2688/5000 sequences (53.8%) | Elapsed: 25918.6s | ETA: 22293.0s
2025-10-01 02:35:55,879 - INFO - Starting annotation batch 225: sequences 2689-2700
2025-10-01 02:35:55,879 - INFO - Processing batch of 12 sequences with ESM2 batch embedding
2025-10-01 02:35:55,879 - INFO - Tokenizing 12 sequences...
2025-10-01 02:35:55,883 - INFO - Moving batch to device: cpu
2025-10-01 02:35:55,883 - INFO - Generating embeddings on cpu...
2025-10-01 02:37:09,565 - INFO - Embeddings generated successfully
2025-10-01 02:37:09,873 - INFO - Completed annotation batch 225 in 74.0s (120 results)
2025-10-01 02:37:09,873 - INFO - Annotation Progress: 2700/5000 sequences (54.0%) | Elapsed: 25992.5s | ETA: 22141.8s
2025-10-01 02:37:09,873 - INFO - Starting annotation batch 226: sequences 2701-2712
2025-10-01 02:37:09,873 - INFO - Processing batch of 12 sequences with ESM2 batch embedding
2025-10-01 02:37:09,873 - INFO - Tokenizing 12 sequences...
2025-10-01 02:37:09,878 - INFO - Moving batch to device: cpu
2025-10-01 02:37:09,878 - INFO - Generating embeddings on cpu...
2025-10-01 02:38:41,723 - INFO - Embeddings generated successfully
2025-10-01 02:38:42,017 - INFO - Completed annotation batch 226 in 92.1s (120 results)
2025-10-01 02:38:42,017 - INFO - Annotation Progress: 2712/5000 sequences (54.2%) | Elapsed: 26084.7s | ETA: 22006.6s
2025-10-01 02:38:42,017 - INFO - Starting annotation batch 227: sequences 2713-2724
2025-10-01 02:38:42,017 - INFO - Processing batch of 12 sequences with ESM2 batch embedding
2025-10-01 02:38:42,017 - INFO - Tokenizing 12 sequences...
2025-10-01 02:38:42,024 - INFO - Moving batch to device: cpu
2025-10-01 02:38:42,024 - INFO - Generating embeddings on cpu...
2025-10-01 02:41:11,331 - INFO - Embeddings generated successfully
2025-10-01 02:41:11,633 - INFO - Completed annotation batch 227 in 149.6s (120 results)
2025-10-01 02:41:11,633 - INFO - Annotation Progress: 2724/5000 sequences (54.5%) | Elapsed: 26234.3s | ETA: 21919.7s
2025-10-01 02:41:11,633 - INFO - Starting annotation batch 228: sequences 2725-2736
2025-10-01 02:41:11,633 - INFO - Processing batch of 12 sequences with ESM2 batch embedding
2025-10-01 02:41:11,633 - INFO - Tokenizing 12 sequences...
2025-10-01 02:41:11,639 - INFO - Moving batch to device: cpu
2025-10-01 02:41:11,640 - INFO - Generating embeddings on cpu...
2025-10-01 02:43:33,799 - INFO - Embeddings generated successfully
2025-10-01 02:43:34,109 - INFO - Completed annotation batch 228 in 142.5s (120 results)
2025-10-01 02:43:34,110 - INFO - Annotation Progress: 2736/5000 sequences (54.7%) | Elapsed: 26376.8s | ETA: 21826.4s
2025-10-01 02:43:34,110 - INFO - Starting annotation batch 229: sequences 2737-2748
2025-10-01 02:43:34,110 - INFO - Processing batch of 12 sequences with ESM2 batch embedding
2025-10-01 02:43:34,110 - INFO - Tokenizing 12 sequences...
2025-10-01 02:43:34,118 - INFO - Moving batch to device: cpu
2025-10-01 02:43:34,118 - INFO - Generating embeddings on cpu...
2025-10-01 02:46:03,625 - INFO - Embeddings generated successfully
2025-10-01 02:46:03,922 - INFO - Completed annotation batch 229 in 149.8s (120 results)
2025-10-01 02:46:03,922 - INFO - Annotation Progress: 2748/5000 sequences (55.0%) | Elapsed: 26526.6s | ETA: 21738.7s
2025-10-01 02:46:03,922 - INFO - Starting annotation batch 230: sequences 2749-2760
2025-10-01 02:46:03,923 - INFO - Processing batch of 12 sequences with ESM2 batch embedding
2025-10-01 02:46:03,923 - INFO - Tokenizing 12 sequences...
2025-10-01 02:46:03,928 - INFO - Moving batch to device: cpu
2025-10-01 02:46:03,928 - INFO - Generating embeddings on cpu...
2025-10-01 02:48:32,772 - INFO - Embeddings generated successfully
2025-10-01 02:48:33,078 - INFO - Completed annotation batch 230 in 149.2s (120 results)
2025-10-01 02:48:33,078 - INFO - Annotation Progress: 2760/5000 sequences (55.2%) | Elapsed: 26675.8s | ETA: 21649.9s
2025-10-01 02:48:33,078 - INFO - Starting annotation batch 231: sequences 2761-2772
2025-10-01 02:48:33,078 - INFO - Processing batch of 12 sequences with ESM2 batch embedding
2025-10-01 02:48:33,078 - INFO - Tokenizing 12 sequences...
2025-10-01 02:48:33,084 - INFO - Moving batch to device: cpu
2025-10-01 02:48:33,084 - INFO - Generating embeddings on cpu...
2025-10-01 02:50:06,704 - INFO - Embeddings generated successfully
2025-10-01 02:50:07,007 - INFO - Completed annotation batch 231 in 93.9s (120 results)
2025-10-01 02:50:07,007 - INFO - Annotation Progress: 2772/5000 sequences (55.4%) | Elapsed: 26769.7s | ETA: 21516.2s
2025-10-01 02:50:07,007 - INFO - Starting annotation batch 232: sequences 2773-2784
2025-10-01 02:50:07,007 - INFO - Processing batch of 12 sequences with ESM2 batch embedding
2025-10-01 02:50:07,007 - INFO - Tokenizing 12 sequences...
2025-10-01 02:50:07,013 - INFO - Moving batch to device: cpu
2025-10-01 02:50:07,013 - INFO - Generating embeddings on cpu...
2025-10-01 02:52:18,429 - INFO - Embeddings generated successfully
2025-10-01 02:52:18,731 - INFO - Completed annotation batch 232 in 131.7s (120 results)
2025-10-01 02:52:18,732 - INFO - Annotation Progress: 2784/5000 sequences (55.7%) | Elapsed: 26901.4s | ETA: 21412.9s
2025-10-01 02:52:18,732 - INFO - Starting annotation batch 233: sequences 2785-2796
2025-10-01 02:52:18,732 - INFO - Processing batch of 12 sequences with ESM2 batch embedding
2025-10-01 02:52:18,732 - INFO - Tokenizing 12 sequences...
2025-10-01 02:52:18,737 - INFO - Moving batch to device: cpu
2025-10-01 02:52:18,737 - INFO - Generating embeddings on cpu...
2025-10-01 02:53:51,818 - INFO - Embeddings generated successfully
2025-10-01 02:53:52,120 - INFO - Completed annotation batch 233 in 93.4s (120 results)
2025-10-01 02:53:52,121 - INFO - Annotation Progress: 2796/5000 sequences (55.9%) | Elapsed: 26994.8s | ETA: 21279.2s
2025-10-01 02:53:52,121 - INFO - Starting annotation batch 234: sequences 2797-2808
2025-10-01 02:53:52,121 - INFO - Processing batch of 12 sequences with ESM2 batch embedding
2025-10-01 02:53:52,121 - INFO - Tokenizing 12 sequences...
2025-10-01 02:53:52,127 - INFO - Moving batch to device: cpu
2025-10-01 02:53:52,127 - INFO - Generating embeddings on cpu...
2025-10-01 02:56:02,321 - INFO - Embeddings generated successfully
2025-10-01 02:56:02,640 - INFO - Completed annotation batch 234 in 130.5s (120 results)
2025-10-01 02:56:02,641 - INFO - Annotation Progress: 2808/5000 sequences (56.2%) | Elapsed: 27125.3s | ETA: 21174.7s
2025-10-01 02:56:02,641 - INFO - Starting annotation batch 235: sequences 2809-2820
2025-10-01 02:56:02,641 - INFO - Processing batch of 12 sequences with ESM2 batch embedding
2025-10-01 02:56:02,641 - INFO - Tokenizing 12 sequences...
2025-10-01 02:56:02,646 - INFO - Moving batch to device: cpu
2025-10-01 02:56:02,646 - INFO - Generating embeddings on cpu...
2025-10-01 02:57:56,730 - INFO - Embeddings generated successfully
2025-10-01 02:57:57,032 - INFO - Completed annotation batch 235 in 114.4s (120 results)
2025-10-01 02:57:57,032 - INFO - Annotation Progress: 2820/5000 sequences (56.4%) | Elapsed: 27239.7s | ETA: 21057.6s
2025-10-01 02:57:57,032 - INFO - Starting annotation batch 236: sequences 2821-2832
2025-10-01 02:57:57,032 - INFO - Processing batch of 12 sequences with ESM2 batch embedding
2025-10-01 02:57:57,032 - INFO - Tokenizing 12 sequences...
2025-10-01 02:57:57,039 - INFO - Moving batch to device: cpu
2025-10-01 02:57:57,039 - INFO - Generating embeddings on cpu...
2025-10-01 03:00:02,923 - INFO - Embeddings generated successfully
2025-10-01 03:00:03,230 - INFO - Completed annotation batch 236 in 126.2s (120 results)
2025-10-01 03:00:03,231 - INFO - Annotation Progress: 2832/5000 sequences (56.6%) | Elapsed: 27365.9s | ETA: 20949.6s
2025-10-01 03:00:03,231 - INFO - Starting annotation batch 237: sequences 2833-2844
2025-10-01 03:00:03,231 - INFO - Processing batch of 12 sequences with ESM2 batch embedding
2025-10-01 03:00:03,231 - INFO - Tokenizing 12 sequences...
2025-10-01 03:00:03,237 - INFO - Moving batch to device: cpu
2025-10-01 03:00:03,238 - INFO - Generating embeddings on cpu...
2025-10-01 03:02:32,115 - INFO - Embeddings generated successfully
2025-10-01 03:02:32,410 - INFO - Completed annotation batch 237 in 149.2s (120 results)
2025-10-01 03:02:32,410 - INFO - Annotation Progress: 2844/5000 sequences (56.9%) | Elapsed: 27515.1s | ETA: 20858.8s
2025-10-01 03:02:32,410 - INFO - Starting annotation batch 238: sequences 2845-2856
2025-10-01 03:02:32,410 - INFO - Processing batch of 12 sequences with ESM2 batch embedding
2025-10-01 03:02:32,411 - INFO - Tokenizing 12 sequences...
2025-10-01 03:02:32,416 - INFO - Moving batch to device: cpu
2025-10-01 03:02:32,416 - INFO - Generating embeddings on cpu...
2025-10-01 03:04:25,717 - INFO - Embeddings generated successfully
2025-10-01 03:04:26,029 - INFO - Completed annotation batch 238 in 113.6s (120 results)
2025-10-01 03:04:26,029 - INFO - Annotation Progress: 2856/5000 sequences (57.1%) | Elapsed: 27628.7s | ETA: 20740.9s
2025-10-01 03:04:26,029 - INFO - Starting annotation batch 239: sequences 2857-2868
2025-10-01 03:04:26,029 - INFO - Processing batch of 12 sequences with ESM2 batch embedding
2025-10-01 03:04:26,029 - INFO - Tokenizing 12 sequences...
2025-10-01 03:04:26,034 - INFO - Moving batch to device: cpu
2025-10-01 03:04:26,034 - INFO - Generating embeddings on cpu...
2025-10-01 03:05:46,180 - INFO - Embeddings generated successfully
2025-10-01 03:05:46,490 - INFO - Completed annotation batch 239 in 80.5s (120 results)
2025-10-01 03:05:46,490 - INFO - Annotation Progress: 2868/5000 sequences (57.4%) | Elapsed: 27709.2s | ETA: 20598.3s
2025-10-01 03:05:46,490 - INFO - Starting annotation batch 240: sequences 2869-2880
2025-10-01 03:05:46,490 - INFO - Processing batch of 12 sequences with ESM2 batch embedding
2025-10-01 03:05:46,490 - INFO - Tokenizing 12 sequences...
2025-10-01 03:05:46,496 - INFO - Moving batch to device: cpu
2025-10-01 03:05:46,496 - INFO - Generating embeddings on cpu...
2025-10-01 03:07:13,276 - INFO - Embeddings generated successfully
2025-10-01 03:07:13,582 - INFO - Completed annotation batch 240 in 87.1s (120 results)
2025-10-01 03:07:13,582 - INFO - Annotation Progress: 2880/5000 sequences (57.6%) | Elapsed: 27796.3s | ETA: 20461.1s
2025-10-01 03:07:13,582 - INFO - Starting annotation batch 241: sequences 2881-2892
2025-10-01 03:07:13,582 - INFO - Processing batch of 12 sequences with ESM2 batch embedding
2025-10-01 03:07:13,582 - INFO - Tokenizing 12 sequences...
2025-10-01 03:07:13,587 - INFO - Moving batch to device: cpu
2025-10-01 03:07:13,587 - INFO - Generating embeddings on cpu...
2025-10-01 03:09:01,346 - INFO - Embeddings generated successfully
2025-10-01 03:09:01,662 - INFO - Completed annotation batch 241 in 108.1s (120 results)
2025-10-01 03:09:01,662 - INFO - Annotation Progress: 2892/5000 sequences (57.8%) | Elapsed: 27904.3s | ETA: 20339.7s
2025-10-01 03:09:01,662 - INFO - Starting annotation batch 242: sequences 2893-2904
2025-10-01 03:09:01,662 - INFO - Processing batch of 12 sequences with ESM2 batch embedding
2025-10-01 03:09:01,662 - INFO - Tokenizing 12 sequences...
2025-10-01 03:09:01,667 - INFO - Moving batch to device: cpu
2025-10-01 03:09:01,667 - INFO - Generating embeddings on cpu...
2025-10-01 03:10:33,302 - INFO - Embeddings generated successfully
2025-10-01 03:10:33,599 - INFO - Completed annotation batch 242 in 91.9s (120 results)
2025-10-01 03:10:33,599 - INFO - Annotation Progress: 2904/5000 sequences (58.1%) | Elapsed: 27996.3s | ETA: 20206.7s
2025-10-01 03:10:33,599 - INFO - Starting annotation batch 243: sequences 2905-2916
2025-10-01 03:10:33,599 - INFO - Processing batch of 12 sequences with ESM2 batch embedding
2025-10-01 03:10:33,599 - INFO - Tokenizing 12 sequences...
2025-10-01 03:10:33,604 - INFO - Moving batch to device: cpu
2025-10-01 03:10:33,604 - INFO - Generating embeddings on cpu...
2025-10-01 03:12:51,455 - INFO - Embeddings generated successfully
2025-10-01 03:12:51,767 - INFO - Completed annotation batch 243 in 138.2s (120 results)
2025-10-01 03:12:51,767 - INFO - Annotation Progress: 2916/5000 sequences (58.3%) | Elapsed: 28134.4s | ETA: 20107.1s
2025-10-01 03:12:51,767 - INFO - Starting annotation batch 244: sequences 2917-2928
2025-10-01 03:12:51,767 - INFO - Processing batch of 12 sequences with ESM2 batch embedding
2025-10-01 03:12:51,767 - INFO - Tokenizing 12 sequences...
2025-10-01 03:12:51,773 - INFO - Moving batch to device: cpu
2025-10-01 03:12:51,773 - INFO - Generating embeddings on cpu...
2025-10-01 03:14:52,911 - INFO - Embeddings generated successfully
2025-10-01 03:14:53,302 - INFO - Completed annotation batch 244 in 121.5s (120 results)
2025-10-01 03:14:53,303 - INFO - Annotation Progress: 2928/5000 sequences (58.6%) | Elapsed: 28256.0s | ETA: 19995.3s
2025-10-01 03:14:53,303 - INFO - Starting annotation batch 245: sequences 2929-2940
2025-10-01 03:14:53,303 - INFO - Processing batch of 12 sequences with ESM2 batch embedding
2025-10-01 03:14:53,303 - INFO - Tokenizing 12 sequences...
2025-10-01 03:14:53,308 - INFO - Moving batch to device: cpu
2025-10-01 03:14:53,308 - INFO - Generating embeddings on cpu...
2025-10-01 03:16:23,209 - INFO - Embeddings generated successfully
2025-10-01 03:16:23,504 - INFO - Completed annotation batch 245 in 90.2s (120 results)
2025-10-01 03:16:23,504 - INFO - Annotation Progress: 2940/5000 sequences (58.8%) | Elapsed: 28346.2s | ETA: 19861.6s
2025-10-01 03:16:23,504 - INFO - Starting annotation batch 246: sequences 2941-2952
2025-10-01 03:16:23,504 - INFO - Processing batch of 12 sequences with ESM2 batch embedding
2025-10-01 03:16:23,504 - INFO - Tokenizing 12 sequences...
2025-10-01 03:16:23,510 - INFO - Moving batch to device: cpu
2025-10-01 03:16:23,510 - INFO - Generating embeddings on cpu...
2025-10-01 03:18:42,187 - INFO - Embeddings generated successfully
2025-10-01 03:18:42,500 - INFO - Completed annotation batch 246 in 139.0s (120 results)
2025-10-01 03:18:42,500 - INFO - Annotation Progress: 2952/5000 sequences (59.0%) | Elapsed: 28485.2s | ETA: 19762.1s
2025-10-01 03:18:42,501 - INFO - Starting annotation batch 247: sequences 2953-2964
2025-10-01 03:18:42,501 - INFO - Processing batch of 12 sequences with ESM2 batch embedding
2025-10-01 03:18:42,501 - INFO - Tokenizing 12 sequences...
2025-10-01 03:18:42,505 - INFO - Moving batch to device: cpu
2025-10-01 03:18:42,505 - INFO - Generating embeddings on cpu...
2025-10-01 03:20:06,723 - INFO - Embeddings generated successfully
2025-10-01 03:20:07,029 - INFO - Completed annotation batch 247 in 84.5s (120 results)
2025-10-01 03:20:07,029 - INFO - Annotation Progress: 2964/5000 sequences (59.3%) | Elapsed: 28569.7s | ETA: 19624.8s
2025-10-01 03:20:07,029 - INFO - Starting annotation batch 248: sequences 2965-2976
2025-10-01 03:20:07,029 - INFO - Processing batch of 12 sequences with ESM2 batch embedding
2025-10-01 03:20:07,029 - INFO - Tokenizing 12 sequences...
2025-10-01 03:20:07,035 - INFO - Moving batch to device: cpu
2025-10-01 03:20:07,036 - INFO - Generating embeddings on cpu...
2025-10-01 03:21:52,958 - INFO - Embeddings generated successfully
2025-10-01 03:21:53,261 - INFO - Completed annotation batch 248 in 106.2s (120 results)
2025-10-01 03:21:53,261 - INFO - Annotation Progress: 2976/5000 sequences (59.5%) | Elapsed: 28675.9s | ETA: 19502.7s
2025-10-01 03:21:53,262 - INFO - Starting annotation batch 249: sequences 2977-2988
2025-10-01 03:21:53,262 - INFO - Processing batch of 12 sequences with ESM2 batch embedding
2025-10-01 03:21:53,262 - INFO - Tokenizing 12 sequences...
2025-10-01 03:21:53,268 - INFO - Moving batch to device: cpu
2025-10-01 03:21:53,268 - INFO - Generating embeddings on cpu...
2025-10-01 03:24:22,279 - INFO - Embeddings generated successfully
2025-10-01 03:24:22,586 - INFO - Completed annotation batch 249 in 149.3s (120 results)
2025-10-01 03:24:22,586 - INFO - Annotation Progress: 2988/5000 sequences (59.8%) | Elapsed: 28825.3s | ETA: 19409.8s
2025-10-01 03:24:22,586 - INFO - Starting annotation batch 250: sequences 2989-3000
2025-10-01 03:24:22,586 - INFO - Processing batch of 12 sequences with ESM2 batch embedding
2025-10-01 03:24:22,586 - INFO - Tokenizing 12 sequences...
2025-10-01 03:24:22,592 - INFO - Moving batch to device: cpu
2025-10-01 03:24:22,593 - INFO - Generating embeddings on cpu...
2025-10-01 03:26:51,690 - INFO - Embeddings generated successfully
2025-10-01 03:26:51,993 - INFO - Completed annotation batch 250 in 149.4s (120 results)
2025-10-01 03:26:51,993 - INFO - Annotation Progress: 3000/5000 sequences (60.0%) | Elapsed: 28974.7s | ETA: 19316.4s
2025-10-01 03:26:51,993 - INFO - Starting annotation batch 251: sequences 3001-3012
2025-10-01 03:26:51,993 - INFO - Processing batch of 12 sequences with ESM2 batch embedding
2025-10-01 03:26:51,993 - INFO - Tokenizing 12 sequences...
2025-10-01 03:26:52,001 - INFO - Moving batch to device: cpu
2025-10-01 03:26:52,001 - INFO - Generating embeddings on cpu...
2025-10-01 03:29:27,111 - INFO - Embeddings generated successfully
2025-10-01 03:29:27,420 - INFO - Completed annotation batch 251 in 155.4s (120 results)
2025-10-01 03:29:27,420 - INFO - Annotation Progress: 3012/5000 sequences (60.2%) | Elapsed: 29130.1s | ETA: 19226.6s
2025-10-01 03:29:27,421 - INFO - Starting annotation batch 252: sequences 3013-3024
2025-10-01 03:29:27,421 - INFO - Processing batch of 12 sequences with ESM2 batch embedding
2025-10-01 03:29:27,421 - INFO - Tokenizing 12 sequences...
2025-10-01 03:29:27,429 - INFO - Moving batch to device: cpu
2025-10-01 03:29:27,429 - INFO - Generating embeddings on cpu...
2025-10-01 03:31:56,267 - INFO - Embeddings generated successfully
2025-10-01 03:31:56,590 - INFO - Completed annotation batch 252 in 149.2s (120 results)
2025-10-01 03:31:56,591 - INFO - Annotation Progress: 3024/5000 sequences (60.5%) | Elapsed: 29279.3s | ETA: 19132.2s
2025-10-01 03:31:56,591 - INFO - Starting annotation batch 253: sequences 3025-3036
2025-10-01 03:31:56,591 - INFO - Processing batch of 12 sequences with ESM2 batch embedding
2025-10-01 03:31:56,591 - INFO - Tokenizing 12 sequences...
2025-10-01 03:31:56,597 - INFO - Moving batch to device: cpu
2025-10-01 03:31:56,597 - INFO - Generating embeddings on cpu...
2025-10-01 03:33:50,846 - INFO - Embeddings generated successfully
2025-10-01 03:33:51,158 - INFO - Completed annotation batch 253 in 114.6s (120 results)
2025-10-01 03:33:51,158 - INFO - Annotation Progress: 3036/5000 sequences (60.7%) | Elapsed: 29393.8s | ETA: 19015.0s
2025-10-01 03:33:51,158 - INFO - Starting annotation batch 254: sequences 3037-3048
2025-10-01 03:33:51,158 - INFO - Processing batch of 12 sequences with ESM2 batch embedding
2025-10-01 03:33:51,158 - INFO - Tokenizing 12 sequences...
2025-10-01 03:33:51,165 - INFO - Moving batch to device: cpu
2025-10-01 03:33:51,166 - INFO - Generating embeddings on cpu...
2025-10-01 03:35:54,228 - INFO - Embeddings generated successfully
2025-10-01 03:35:54,542 - INFO - Completed annotation batch 254 in 123.4s (120 results)
2025-10-01 03:35:54,542 - INFO - Annotation Progress: 3048/5000 sequences (61.0%) | Elapsed: 29517.2s | ETA: 18903.4s
2025-10-01 03:35:54,542 - INFO - Starting annotation batch 255: sequences 3049-3060
2025-10-01 03:35:54,542 - INFO - Processing batch of 12 sequences with ESM2 batch embedding
2025-10-01 03:35:54,543 - INFO - Tokenizing 12 sequences...
2025-10-01 03:35:54,547 - INFO - Moving batch to device: cpu
2025-10-01 03:35:54,547 - INFO - Generating embeddings on cpu...
2025-10-01 03:37:36,356 - INFO - Embeddings generated successfully
2025-10-01 03:37:36,656 - INFO - Completed annotation batch 255 in 102.1s (120 results)
2025-10-01 03:37:36,656 - INFO - Annotation Progress: 3060/5000 sequences (61.2%) | Elapsed: 29619.3s | ETA: 18778.3s
2025-10-01 03:37:36,656 - INFO - Starting annotation batch 256: sequences 3061-3072
2025-10-01 03:37:36,656 - INFO - Processing batch of 12 sequences with ESM2 batch embedding
2025-10-01 03:37:36,656 - INFO - Tokenizing 12 sequences...
2025-10-01 03:37:36,662 - INFO - Moving batch to device: cpu
2025-10-01 03:37:36,663 - INFO - Generating embeddings on cpu...
2025-10-01 03:40:05,638 - INFO - Embeddings generated successfully
2025-10-01 03:40:05,935 - INFO - Completed annotation batch 256 in 149.3s (120 results)
2025-10-01 03:40:05,936 - INFO - Annotation Progress: 3072/5000 sequences (61.4%) | Elapsed: 29768.6s | ETA: 18682.9s
2025-10-01 03:40:05,936 - INFO - Starting annotation batch 257: sequences 3073-3084
2025-10-01 03:40:05,936 - INFO - Processing batch of 12 sequences with ESM2 batch embedding
2025-10-01 03:40:05,936 - INFO - Tokenizing 12 sequences...
2025-10-01 03:40:05,941 - INFO - Moving batch to device: cpu
2025-10-01 03:40:05,941 - INFO - Generating embeddings on cpu...
2025-10-01 03:41:08,293 - INFO - Embeddings generated successfully
2025-10-01 03:41:08,595 - INFO - Completed annotation batch 257 in 62.7s (120 results)
2025-10-01 03:41:08,596 - INFO - Annotation Progress: 3084/5000 sequences (61.7%) | Elapsed: 29831.3s | ETA: 18533.3s
2025-10-01 03:41:08,596 - INFO - Starting annotation batch 258: sequences 3085-3096
2025-10-01 03:41:08,596 - INFO - Processing batch of 12 sequences with ESM2 batch embedding
2025-10-01 03:41:08,596 - INFO - Tokenizing 12 sequences...
2025-10-01 03:41:08,602 - INFO - Moving batch to device: cpu
2025-10-01 03:41:08,602 - INFO - Generating embeddings on cpu...
2025-10-01 03:43:37,565 - INFO - Embeddings generated successfully
2025-10-01 03:43:37,871 - INFO - Completed annotation batch 258 in 149.3s (120 results)
2025-10-01 03:43:37,872 - INFO - Annotation Progress: 3096/5000 sequences (61.9%) | Elapsed: 29980.5s | ETA: 18437.6s
2025-10-01 03:43:37,872 - INFO - Starting annotation batch 259: sequences 3097-3108
2025-10-01 03:43:37,872 - INFO - Processing batch of 12 sequences with ESM2 batch embedding
2025-10-01 03:43:37,872 - INFO - Tokenizing 12 sequences...
2025-10-01 03:43:37,877 - INFO - Moving batch to device: cpu
2025-10-01 03:43:37,877 - INFO - Generating embeddings on cpu...
2025-10-01 03:46:06,762 - INFO - Embeddings generated successfully
2025-10-01 03:46:07,074 - INFO - Completed annotation batch 259 in 149.2s (120 results)
2025-10-01 03:46:07,074 - INFO - Annotation Progress: 3108/5000 sequences (62.2%) | Elapsed: 30129.7s | ETA: 18341.5s
2025-10-01 03:46:07,074 - INFO - Starting annotation batch 260: sequences 3109-3120
2025-10-01 03:46:07,074 - INFO - Processing batch of 12 sequences with ESM2 batch embedding
2025-10-01 03:46:07,074 - INFO - Tokenizing 12 sequences...
2025-10-01 03:46:07,078 - INFO - Moving batch to device: cpu
2025-10-01 03:46:07,079 - INFO - Generating embeddings on cpu...
2025-10-01 03:47:20,690 - INFO - Embeddings generated successfully
2025-10-01 03:47:20,999 - INFO - Completed annotation batch 260 in 73.9s (120 results)
2025-10-01 03:47:20,999 - INFO - Annotation Progress: 3120/5000 sequences (62.4%) | Elapsed: 30203.7s | ETA: 18199.6s
2025-10-01 03:47:20,999 - INFO - Starting annotation batch 261: sequences 3121-3132
2025-10-01 03:47:20,999 - INFO - Processing batch of 12 sequences with ESM2 batch embedding
2025-10-01 03:47:20,999 - INFO - Tokenizing 12 sequences...
2025-10-01 03:47:21,008 - INFO - Moving batch to device: cpu
2025-10-01 03:47:21,008 - INFO - Generating embeddings on cpu...
2025-10-01 03:49:50,241 - INFO - Embeddings generated successfully
2025-10-01 03:49:50,546 - INFO - Completed annotation batch 261 in 149.5s (120 results)
2025-10-01 03:49:50,546 - INFO - Annotation Progress: 3132/5000 sequences (62.6%) | Elapsed: 30353.2s | ETA: 18103.4s
2025-10-01 03:49:50,546 - INFO - Starting annotation batch 262: sequences 3133-3144
2025-10-01 03:49:50,546 - INFO - Processing batch of 12 sequences with ESM2 batch embedding
2025-10-01 03:49:50,546 - INFO - Tokenizing 12 sequences...
2025-10-01 03:49:50,551 - INFO - Moving batch to device: cpu
2025-10-01 03:49:50,552 - INFO - Generating embeddings on cpu...
2025-10-01 03:51:01,090 - INFO - Embeddings generated successfully
2025-10-01 03:51:01,389 - INFO - Completed annotation batch 262 in 70.8s (120 results)
2025-10-01 03:51:01,389 - INFO - Annotation Progress: 3144/5000 sequences (62.9%) | Elapsed: 30424.1s | ETA: 17960.3s
2025-10-01 03:51:01,389 - INFO - Starting annotation batch 263: sequences 3145-3156
2025-10-01 03:51:01,389 - INFO - Processing batch of 12 sequences with ESM2 batch embedding
2025-10-01 03:51:01,390 - INFO - Tokenizing 12 sequences...
2025-10-01 03:51:01,395 - INFO - Moving batch to device: cpu
2025-10-01 03:51:01,395 - INFO - Generating embeddings on cpu...
2025-10-01 03:52:51,566 - INFO - Embeddings generated successfully
2025-10-01 03:52:51,866 - INFO - Completed annotation batch 263 in 110.5s (120 results)
2025-10-01 03:52:51,866 - INFO - Annotation Progress: 3156/5000 sequences (63.1%) | Elapsed: 30534.5s | ETA: 17840.8s
2025-10-01 03:52:51,866 - INFO - Starting annotation batch 264: sequences 3157-3168
2025-10-01 03:52:51,866 - INFO - Processing batch of 12 sequences with ESM2 batch embedding
2025-10-01 03:52:51,866 - INFO - Tokenizing 12 sequences...
2025-10-01 03:52:51,873 - INFO - Moving batch to device: cpu
2025-10-01 03:52:51,874 - INFO - Generating embeddings on cpu...
2025-10-01 03:55:20,718 - INFO - Embeddings generated successfully
2025-10-01 03:55:21,029 - INFO - Completed annotation batch 264 in 149.2s (120 results)
2025-10-01 03:55:21,029 - INFO - Annotation Progress: 3168/5000 sequences (63.4%) | Elapsed: 30683.7s | ETA: 17743.9s
2025-10-01 03:55:21,029 - INFO - Starting annotation batch 265: sequences 3169-3180
2025-10-01 03:55:21,029 - INFO - Processing batch of 12 sequences with ESM2 batch embedding
2025-10-01 03:55:21,029 - INFO - Tokenizing 12 sequences...
2025-10-01 03:55:21,038 - INFO - Moving batch to device: cpu
2025-10-01 03:55:21,038 - INFO - Generating embeddings on cpu...
2025-10-01 03:57:50,734 - INFO - Embeddings generated successfully
2025-10-01 03:57:51,033 - INFO - Completed annotation batch 265 in 150.0s (120 results)
2025-10-01 03:57:51,033 - INFO - Annotation Progress: 3180/5000 sequences (63.6%) | Elapsed: 30833.7s | ETA: 17647.0s
2025-10-01 03:57:51,033 - INFO - Starting annotation batch 266: sequences 3181-3192
2025-10-01 03:57:51,033 - INFO - Processing batch of 12 sequences with ESM2 batch embedding
2025-10-01 03:57:51,034 - INFO - Tokenizing 12 sequences...
2025-10-01 03:57:51,039 - INFO - Moving batch to device: cpu
2025-10-01 03:57:51,039 - INFO - Generating embeddings on cpu...
2025-10-01 03:59:18,625 - INFO - Embeddings generated successfully
2025-10-01 03:59:18,933 - INFO - Completed annotation batch 266 in 87.9s (120 results)
2025-10-01 03:59:18,933 - INFO - Annotation Progress: 3192/5000 sequences (63.8%) | Elapsed: 30921.6s | ETA: 17514.5s
2025-10-01 03:59:18,933 - INFO - Starting annotation batch 267: sequences 3193-3204
2025-10-01 03:59:18,933 - INFO - Processing batch of 12 sequences with ESM2 batch embedding
2025-10-01 03:59:18,933 - INFO - Tokenizing 12 sequences...
2025-10-01 03:59:18,939 - INFO - Moving batch to device: cpu
2025-10-01 03:59:18,939 - INFO - Generating embeddings on cpu...
2025-10-01 04:01:44,520 - INFO - Embeddings generated successfully
2025-10-01 04:01:44,816 - INFO - Completed annotation batch 267 in 145.9s (120 results)
2025-10-01 04:01:44,816 - INFO - Annotation Progress: 3204/5000 sequences (64.1%) | Elapsed: 31067.5s | ETA: 17414.9s
2025-10-01 04:01:44,816 - INFO - Starting annotation batch 268: sequences 3205-3216
2025-10-01 04:01:44,816 - INFO - Processing batch of 12 sequences with ESM2 batch embedding
2025-10-01 04:01:44,816 - INFO - Tokenizing 12 sequences...
2025-10-01 04:01:44,822 - INFO - Moving batch to device: cpu
2025-10-01 04:01:44,822 - INFO - Generating embeddings on cpu...
2025-10-01 04:04:06,463 - INFO - Embeddings generated successfully
2025-10-01 04:04:06,768 - INFO - Completed annotation batch 268 in 142.0s (120 results)
2025-10-01 04:04:06,768 - INFO - Annotation Progress: 3216/5000 sequences (64.3%) | Elapsed: 31209.4s | ETA: 17312.7s
2025-10-01 04:04:06,768 - INFO - Starting annotation batch 269: sequences 3217-3228
2025-10-01 04:04:06,768 - INFO - Processing batch of 12 sequences with ESM2 batch embedding
2025-10-01 04:04:06,769 - INFO - Tokenizing 12 sequences...
2025-10-01 04:04:06,775 - INFO - Moving batch to device: cpu
2025-10-01 04:04:06,775 - INFO - Generating embeddings on cpu...
2025-10-01 04:06:35,651 - INFO - Embeddings generated successfully
2025-10-01 04:06:35,954 - INFO - Completed annotation batch 269 in 149.2s (120 results)
2025-10-01 04:06:35,954 - INFO - Annotation Progress: 3228/5000 sequences (64.6%) | Elapsed: 31358.6s | ETA: 17214.2s
2025-10-01 04:06:35,954 - INFO - Starting annotation batch 270: sequences 3229-3240
2025-10-01 04:06:35,954 - INFO - Processing batch of 12 sequences with ESM2 batch embedding
2025-10-01 04:06:35,954 - INFO - Tokenizing 12 sequences...
2025-10-01 04:06:35,959 - INFO - Moving batch to device: cpu
2025-10-01 04:06:35,959 - INFO - Generating embeddings on cpu...
2025-10-01 04:07:58,377 - INFO - Embeddings generated successfully
2025-10-01 04:07:58,676 - INFO - Completed annotation batch 270 in 82.7s (120 results)
2025-10-01 04:07:58,676 - INFO - Annotation Progress: 3240/5000 sequences (64.8%) | Elapsed: 31441.3s | ETA: 17079.3s
2025-10-01 04:07:58,676 - INFO - Starting annotation batch 271: sequences 3241-3252
2025-10-01 04:07:58,677 - INFO - Processing batch of 12 sequences with ESM2 batch embedding
2025-10-01 04:07:58,677 - INFO - Tokenizing 12 sequences...
2025-10-01 04:07:58,681 - INFO - Moving batch to device: cpu
2025-10-01 04:07:58,681 - INFO - Generating embeddings on cpu...
2025-10-01 04:08:59,000 - INFO - Embeddings generated successfully
2025-10-01 04:08:59,317 - INFO - Completed annotation batch 271 in 60.6s (120 results)
2025-10-01 04:08:59,317 - INFO - Annotation Progress: 3252/5000 sequences (65.0%) | Elapsed: 31502.0s | ETA: 16932.8s
2025-10-01 04:08:59,317 - INFO - Starting annotation batch 272: sequences 3253-3264
2025-10-01 04:08:59,317 - INFO - Processing batch of 12 sequences with ESM2 batch embedding
2025-10-01 04:08:59,317 - INFO - Tokenizing 12 sequences...
2025-10-01 04:08:59,324 - INFO - Moving batch to device: cpu
2025-10-01 04:08:59,324 - INFO - Generating embeddings on cpu...
2025-10-01 04:11:27,559 - INFO - Embeddings generated successfully
2025-10-01 04:11:27,864 - INFO - Completed annotation batch 272 in 148.5s (120 results)
2025-10-01 04:11:27,865 - INFO - Annotation Progress: 3264/5000 sequences (65.3%) | Elapsed: 31650.5s | ETA: 16833.7s
2025-10-01 04:11:27,865 - INFO - Starting annotation batch 273: sequences 3265-3276
2025-10-01 04:11:27,865 - INFO - Processing batch of 12 sequences with ESM2 batch embedding
2025-10-01 04:11:27,865 - INFO - Tokenizing 12 sequences...
2025-10-01 04:11:27,869 - INFO - Moving batch to device: cpu
2025-10-01 04:11:27,869 - INFO - Generating embeddings on cpu...
2025-10-01 04:13:03,914 - INFO - Embeddings generated successfully
2025-10-01 04:13:04,215 - INFO - Completed annotation batch 273 in 96.4s (120 results)
2025-10-01 04:13:04,216 - INFO - Annotation Progress: 3276/5000 sequences (65.5%) | Elapsed: 31746.9s | ETA: 16706.8s
2025-10-01 04:13:04,216 - INFO - Starting annotation batch 274: sequences 3277-3288
2025-10-01 04:13:04,216 - INFO - Processing batch of 12 sequences with ESM2 batch embedding
2025-10-01 04:13:04,216 - INFO - Tokenizing 12 sequences...
2025-10-01 04:13:04,220 - INFO - Moving batch to device: cpu
2025-10-01 04:13:04,220 - INFO - Generating embeddings on cpu...
2025-10-01 04:14:45,316 - INFO - Embeddings generated successfully
2025-10-01 04:14:45,612 - INFO - Completed annotation batch 274 in 101.4s (120 results)
2025-10-01 04:14:45,613 - INFO - Annotation Progress: 3288/5000 sequences (65.8%) | Elapsed: 31848.3s | ETA: 16582.8s
2025-10-01 04:14:45,613 - INFO - Starting annotation batch 275: sequences 3289-3300
2025-10-01 04:14:45,613 - INFO - Processing batch of 12 sequences with ESM2 batch embedding
2025-10-01 04:14:45,613 - INFO - Tokenizing 12 sequences...
2025-10-01 04:14:45,621 - INFO - Moving batch to device: cpu
2025-10-01 04:14:45,621 - INFO - Generating embeddings on cpu...
2025-10-01 04:17:14,588 - INFO - Embeddings generated successfully
2025-10-01 04:17:14,890 - INFO - Completed annotation batch 275 in 149.3s (120 results)
2025-10-01 04:17:14,890 - INFO - Annotation Progress: 3300/5000 sequences (66.0%) | Elapsed: 31997.6s | ETA: 16483.6s
2025-10-01 04:17:14,890 - INFO - Starting annotation batch 276: sequences 3301-3312
2025-10-01 04:17:14,890 - INFO - Processing batch of 12 sequences with ESM2 batch embedding
2025-10-01 04:17:14,890 - INFO - Tokenizing 12 sequences...
2025-10-01 04:17:14,894 - INFO - Moving batch to device: cpu
2025-10-01 04:17:14,894 - INFO - Generating embeddings on cpu...
2025-10-01 04:18:20,534 - INFO - Embeddings generated successfully
2025-10-01 04:18:20,832 - INFO - Completed annotation batch 276 in 65.9s (120 results)
2025-10-01 04:18:20,833 - INFO - Annotation Progress: 3312/5000 sequences (66.2%) | Elapsed: 32063.5s | ETA: 16341.5s
2025-10-01 04:18:20,833 - INFO - Starting annotation batch 277: sequences 3313-3324
2025-10-01 04:18:20,833 - INFO - Processing batch of 12 sequences with ESM2 batch embedding
2025-10-01 04:18:20,833 - INFO - Tokenizing 12 sequences...
2025-10-01 04:18:20,838 - INFO - Moving batch to device: cpu
2025-10-01 04:18:20,838 - INFO - Generating embeddings on cpu...
2025-10-01 04:19:40,902 - INFO - Embeddings generated successfully
2025-10-01 04:19:41,200 - INFO - Completed annotation batch 277 in 80.4s (120 results)
2025-10-01 04:19:41,201 - INFO - Annotation Progress: 3324/5000 sequences (66.5%) | Elapsed: 32143.9s | ETA: 16207.3s
2025-10-01 04:19:41,201 - INFO - Starting annotation batch 278: sequences 3325-3336
2025-10-01 04:19:41,201 - INFO - Processing batch of 12 sequences with ESM2 batch embedding
2025-10-01 04:19:41,201 - INFO - Tokenizing 12 sequences...
2025-10-01 04:19:41,205 - INFO - Moving batch to device: cpu
2025-10-01 04:19:41,205 - INFO - Generating embeddings on cpu...
2025-10-01 04:20:48,845 - INFO - Embeddings generated successfully
2025-10-01 04:20:49,141 - INFO - Completed annotation batch 278 in 67.9s (120 results)
2025-10-01 04:20:49,141 - INFO - Annotation Progress: 3336/5000 sequences (66.7%) | Elapsed: 32211.8s | ETA: 16067.3s
2025-10-01 04:20:49,141 - INFO - Starting annotation batch 279: sequences 3337-3348
2025-10-01 04:20:49,141 - INFO - Processing batch of 12 sequences with ESM2 batch embedding
2025-10-01 04:20:49,141 - INFO - Tokenizing 12 sequences...
2025-10-01 04:20:49,146 - INFO - Moving batch to device: cpu
2025-10-01 04:20:49,146 - INFO - Generating embeddings on cpu...
2025-10-01 04:23:17,987 - INFO - Embeddings generated successfully
2025-10-01 04:23:18,294 - INFO - Completed annotation batch 279 in 149.2s (120 results)
2025-10-01 04:23:18,294 - INFO - Annotation Progress: 3348/5000 sequences (67.0%) | Elapsed: 32361.0s | ETA: 15967.8s
2025-10-01 04:23:18,294 - INFO - Starting annotation batch 280: sequences 3349-3360
2025-10-01 04:23:18,294 - INFO - Processing batch of 12 sequences with ESM2 batch embedding
2025-10-01 04:23:18,294 - INFO - Tokenizing 12 sequences...
2025-10-01 04:23:18,302 - INFO - Moving batch to device: cpu
2025-10-01 04:23:18,302 - INFO - Generating embeddings on cpu...
2025-10-01 04:25:47,831 - INFO - Embeddings generated successfully
2025-10-01 04:25:48,127 - INFO - Completed annotation batch 280 in 149.8s (120 results)
2025-10-01 04:25:48,128 - INFO - Annotation Progress: 3360/5000 sequences (67.2%) | Elapsed: 32510.8s | ETA: 15868.4s
2025-10-01 04:25:48,128 - INFO - Starting annotation batch 281: sequences 3361-3372
2025-10-01 04:25:48,128 - INFO - Processing batch of 12 sequences with ESM2 batch embedding
2025-10-01 04:25:48,128 - INFO - Tokenizing 12 sequences...
2025-10-01 04:25:48,135 - INFO - Moving batch to device: cpu
2025-10-01 04:25:48,136 - INFO - Generating embeddings on cpu...
2025-10-01 04:28:17,130 - INFO - Embeddings generated successfully
2025-10-01 04:28:17,427 - INFO - Completed annotation batch 281 in 149.3s (120 results)
2025-10-01 04:28:17,427 - INFO - Annotation Progress: 3372/5000 sequences (67.4%) | Elapsed: 32660.1s | ETA: 15768.3s
2025-10-01 04:28:17,427 - INFO - Starting annotation batch 282: sequences 3373-3384
2025-10-01 04:28:17,427 - INFO - Processing batch of 12 sequences with ESM2 batch embedding
2025-10-01 04:28:17,427 - INFO - Tokenizing 12 sequences...
2025-10-01 04:28:17,435 - INFO - Moving batch to device: cpu
2025-10-01 04:28:17,435 - INFO - Generating embeddings on cpu...
2025-10-01 04:30:46,182 - INFO - Embeddings generated successfully
2025-10-01 04:30:46,497 - INFO - Completed annotation batch 282 in 149.1s (120 results)
2025-10-01 04:30:46,497 - INFO - Annotation Progress: 3384/5000 sequences (67.7%) | Elapsed: 32809.2s | ETA: 15667.7s
2025-10-01 04:30:46,497 - INFO - Starting annotation batch 283: sequences 3385-3396
2025-10-01 04:30:46,497 - INFO - Processing batch of 12 sequences with ESM2 batch embedding
2025-10-01 04:30:46,497 - INFO - Tokenizing 12 sequences...
2025-10-01 04:30:46,502 - INFO - Moving batch to device: cpu
2025-10-01 04:30:46,502 - INFO - Generating embeddings on cpu...
2025-10-01 04:32:16,834 - INFO - Embeddings generated successfully
2025-10-01 04:32:17,133 - INFO - Completed annotation batch 283 in 90.6s (120 results)
2025-10-01 04:32:17,134 - INFO - Annotation Progress: 3396/5000 sequences (67.9%) | Elapsed: 32899.8s | ETA: 15539.2s
2025-10-01 04:32:17,134 - INFO - Starting annotation batch 284: sequences 3397-3408
2025-10-01 04:32:17,134 - INFO - Processing batch of 12 sequences with ESM2 batch embedding
2025-10-01 04:32:17,134 - INFO - Tokenizing 12 sequences...
2025-10-01 04:32:17,141 - INFO - Moving batch to device: cpu
2025-10-01 04:32:17,141 - INFO - Generating embeddings on cpu...
2025-10-01 04:34:46,004 - INFO - Embeddings generated successfully
2025-10-01 04:34:46,303 - INFO - Completed annotation batch 284 in 149.2s (120 results)
2025-10-01 04:34:46,303 - INFO - Annotation Progress: 3408/5000 sequences (68.2%) | Elapsed: 33049.0s | ETA: 15438.4s
2025-10-01 04:34:46,303 - INFO - Starting annotation batch 285: sequences 3409-3420
2025-10-01 04:34:46,303 - INFO - Processing batch of 12 sequences with ESM2 batch embedding
2025-10-01 04:34:46,303 - INFO - Tokenizing 12 sequences...
2025-10-01 04:34:46,309 - INFO - Moving batch to device: cpu
2025-10-01 04:34:46,309 - INFO - Generating embeddings on cpu...
2025-10-01 04:37:15,097 - INFO - Embeddings generated successfully
2025-10-01 04:37:15,396 - INFO - Completed annotation batch 285 in 149.1s (120 results)
2025-10-01 04:37:15,396 - INFO - Annotation Progress: 3420/5000 sequences (68.4%) | Elapsed: 33198.1s | ETA: 15337.1s
2025-10-01 04:37:15,396 - INFO - Starting annotation batch 286: sequences 3421-3432
2025-10-01 04:37:15,396 - INFO - Processing batch of 12 sequences with ESM2 batch embedding
2025-10-01 04:37:15,396 - INFO - Tokenizing 12 sequences...
2025-10-01 04:37:15,401 - INFO - Moving batch to device: cpu
2025-10-01 04:37:15,401 - INFO - Generating embeddings on cpu...
2025-10-01 04:38:37,571 - INFO - Embeddings generated successfully
2025-10-01 04:38:37,877 - INFO - Completed annotation batch 286 in 82.5s (120 results)
2025-10-01 04:38:37,877 - INFO - Annotation Progress: 3432/5000 sequences (68.6%) | Elapsed: 33280.5s | ETA: 15205.1s
2025-10-01 04:38:37,878 - INFO - Starting annotation batch 287: sequences 3433-3444
2025-10-01 04:38:37,878 - INFO - Processing batch of 12 sequences with ESM2 batch embedding
2025-10-01 04:38:37,878 - INFO - Tokenizing 12 sequences...
2025-10-01 04:38:37,882 - INFO - Moving batch to device: cpu
2025-10-01 04:38:37,882 - INFO - Generating embeddings on cpu...
2025-10-01 04:39:55,743 - INFO - Embeddings generated successfully
2025-10-01 04:39:56,042 - INFO - Completed annotation batch 287 in 78.2s (120 results)
2025-10-01 04:39:56,043 - INFO - Annotation Progress: 3444/5000 sequences (68.9%) | Elapsed: 33358.7s | ETA: 15071.5s
2025-10-01 04:39:56,043 - INFO - Starting annotation batch 288: sequences 3445-3456
2025-10-01 04:39:56,043 - INFO - Processing batch of 12 sequences with ESM2 batch embedding
2025-10-01 04:39:56,043 - INFO - Tokenizing 12 sequences...
2025-10-01 04:39:56,049 - INFO - Moving batch to device: cpu
2025-10-01 04:39:56,049 - INFO - Generating embeddings on cpu...
2025-10-01 04:42:09,510 - INFO - Embeddings generated successfully
2025-10-01 04:42:09,806 - INFO - Completed annotation batch 288 in 133.8s (120 results)
2025-10-01 04:42:09,806 - INFO - Annotation Progress: 3456/5000 sequences (69.1%) | Elapsed: 33492.5s | ETA: 14963.1s
2025-10-01 04:42:09,806 - INFO - Starting annotation batch 289: sequences 3457-3468
2025-10-01 04:42:09,806 - INFO - Processing batch of 12 sequences with ESM2 batch embedding
2025-10-01 04:42:09,806 - INFO - Tokenizing 12 sequences...
2025-10-01 04:42:09,811 - INFO - Moving batch to device: cpu
2025-10-01 04:42:09,811 - INFO - Generating embeddings on cpu...
2025-10-01 04:43:28,555 - INFO - Embeddings generated successfully
2025-10-01 04:43:28,857 - INFO - Completed annotation batch 289 in 79.1s (120 results)
2025-10-01 04:43:28,857 - INFO - Annotation Progress: 3468/5000 sequences (69.4%) | Elapsed: 33571.5s | ETA: 14830.3s
2025-10-01 04:43:28,857 - INFO - Starting annotation batch 290: sequences 3469-3480
2025-10-01 04:43:28,857 - INFO - Processing batch of 12 sequences with ESM2 batch embedding
2025-10-01 04:43:28,857 - INFO - Tokenizing 12 sequences...
2025-10-01 04:43:28,864 - INFO - Moving batch to device: cpu
2025-10-01 04:43:28,864 - INFO - Generating embeddings on cpu...
2025-10-01 04:45:57,652 - INFO - Embeddings generated successfully
2025-10-01 04:45:57,953 - INFO - Completed annotation batch 290 in 149.1s (120 results)
2025-10-01 04:45:57,954 - INFO - Annotation Progress: 3480/5000 sequences (69.6%) | Elapsed: 33720.6s | ETA: 14728.5s
2025-10-01 04:45:57,954 - INFO - Starting annotation batch 291: sequences 3481-3492
2025-10-01 04:45:57,954 - INFO - Processing batch of 12 sequences with ESM2 batch embedding
2025-10-01 04:45:57,954 - INFO - Tokenizing 12 sequences...
2025-10-01 04:45:57,959 - INFO - Moving batch to device: cpu
2025-10-01 04:45:57,959 - INFO - Generating embeddings on cpu...
2025-10-01 04:47:41,852 - INFO - Embeddings generated successfully
2025-10-01 04:47:42,157 - INFO - Completed annotation batch 291 in 104.2s (120 results)
2025-10-01 04:47:42,157 - INFO - Annotation Progress: 3492/5000 sequences (69.8%) | Elapsed: 33824.8s | ETA: 14607.1s
2025-10-01 04:47:42,157 - INFO - Starting annotation batch 292: sequences 3493-3504
2025-10-01 04:47:42,157 - INFO - Processing batch of 12 sequences with ESM2 batch embedding
2025-10-01 04:47:42,157 - INFO - Tokenizing 12 sequences...
2025-10-01 04:47:42,161 - INFO - Moving batch to device: cpu
2025-10-01 04:47:42,162 - INFO - Generating embeddings on cpu...
2025-10-01 04:49:27,234 - INFO - Embeddings generated successfully
2025-10-01 04:49:27,541 - INFO - Completed annotation batch 292 in 105.4s (120 results)
2025-10-01 04:49:27,541 - INFO - Annotation Progress: 3504/5000 sequences (70.1%) | Elapsed: 33930.2s | ETA: 14486.2s
2025-10-01 04:49:27,541 - INFO - Starting annotation batch 293: sequences 3505-3516
2025-10-01 04:49:27,541 - INFO - Processing batch of 12 sequences with ESM2 batch embedding
2025-10-01 04:49:27,541 - INFO - Tokenizing 12 sequences...
2025-10-01 04:49:27,545 - INFO - Moving batch to device: cpu
2025-10-01 04:49:27,546 - INFO - Generating embeddings on cpu...
2025-10-01 04:50:32,740 - INFO - Embeddings generated successfully
2025-10-01 04:50:33,037 - INFO - Completed annotation batch 293 in 65.5s (120 results)
2025-10-01 04:50:33,037 - INFO - Annotation Progress: 3516/5000 sequences (70.3%) | Elapsed: 33995.7s | ETA: 14348.6s
2025-10-01 04:50:33,037 - INFO - Starting annotation batch 294: sequences 3517-3528
2025-10-01 04:50:33,037 - INFO - Processing batch of 12 sequences with ESM2 batch embedding
2025-10-01 04:50:33,037 - INFO - Tokenizing 12 sequences...
2025-10-01 04:50:33,043 - INFO - Moving batch to device: cpu
2025-10-01 04:50:33,043 - INFO - Generating embeddings on cpu...
2025-10-01 04:52:39,308 - INFO - Embeddings generated successfully
2025-10-01 04:52:39,624 - INFO - Completed annotation batch 294 in 126.6s (120 results)
2025-10-01 04:52:39,624 - INFO - Annotation Progress: 3528/5000 sequences (70.6%) | Elapsed: 34122.3s | ETA: 14237.0s
2025-10-01 04:52:39,624 - INFO - Starting annotation batch 295: sequences 3529-3540
2025-10-01 04:52:39,624 - INFO - Processing batch of 12 sequences with ESM2 batch embedding
2025-10-01 04:52:39,624 - INFO - Tokenizing 12 sequences...
2025-10-01 04:52:39,633 - INFO - Moving batch to device: cpu
2025-10-01 04:52:39,633 - INFO - Generating embeddings on cpu...
2025-10-01 04:55:08,702 - INFO - Embeddings generated successfully
2025-10-01 04:55:09,006 - INFO - Completed annotation batch 295 in 149.4s (120 results)
2025-10-01 04:55:09,006 - INFO - Annotation Progress: 3540/5000 sequences (70.8%) | Elapsed: 34271.7s | ETA: 14134.6s
2025-10-01 04:55:09,006 - INFO - Starting annotation batch 296: sequences 3541-3552
2025-10-01 04:55:09,006 - INFO - Processing batch of 12 sequences with ESM2 batch embedding
2025-10-01 04:55:09,006 - INFO - Tokenizing 12 sequences...
2025-10-01 04:55:09,012 - INFO - Moving batch to device: cpu
2025-10-01 04:55:09,012 - INFO - Generating embeddings on cpu...
2025-10-01 04:56:39,824 - INFO - Embeddings generated successfully
2025-10-01 04:56:40,119 - INFO - Completed annotation batch 296 in 91.1s (120 results)
2025-10-01 04:56:40,119 - INFO - Annotation Progress: 3552/5000 sequences (71.0%) | Elapsed: 34362.8s | ETA: 14008.3s
2025-10-01 04:56:40,119 - INFO - Starting annotation batch 297: sequences 3553-3564
2025-10-01 04:56:40,119 - INFO - Processing batch of 12 sequences with ESM2 batch embedding
2025-10-01 04:56:40,119 - INFO - Tokenizing 12 sequences...
2025-10-01 04:56:40,124 - INFO - Moving batch to device: cpu
2025-10-01 04:56:40,124 - INFO - Generating embeddings on cpu...
2025-10-01 04:58:15,971 - INFO - Embeddings generated successfully
2025-10-01 04:58:16,273 - INFO - Completed annotation batch 297 in 96.2s (120 results)
2025-10-01 04:58:16,273 - INFO - Annotation Progress: 3564/5000 sequences (71.3%) | Elapsed: 34458.9s | ETA: 13884.1s
2025-10-01 04:58:16,273 - INFO - Starting annotation batch 298: sequences 3565-3576
2025-10-01 04:58:16,273 - INFO - Processing batch of 12 sequences with ESM2 batch embedding
2025-10-01 04:58:16,273 - INFO - Tokenizing 12 sequences...
2025-10-01 04:58:16,279 - INFO - Moving batch to device: cpu
2025-10-01 04:58:16,279 - INFO - Generating embeddings on cpu...
2025-10-01 05:00:24,484 - INFO - Embeddings generated successfully
2025-10-01 05:00:24,784 - INFO - Completed annotation batch 298 in 128.5s (120 results)
2025-10-01 05:00:24,784 - INFO - Annotation Progress: 3576/5000 sequences (71.5%) | Elapsed: 34587.5s | ETA: 13773.1s
2025-10-01 05:00:24,784 - INFO - Starting annotation batch 299: sequences 3577-3588
2025-10-01 05:00:24,784 - INFO - Processing batch of 12 sequences with ESM2 batch embedding
2025-10-01 05:00:24,784 - INFO - Tokenizing 12 sequences...
2025-10-01 05:00:24,789 - INFO - Moving batch to device: cpu
2025-10-01 05:00:24,789 - INFO - Generating embeddings on cpu...
2025-10-01 05:01:46,458 - INFO - Embeddings generated successfully
2025-10-01 05:01:46,766 - INFO - Completed annotation batch 299 in 82.0s (120 results)
2025-10-01 05:01:46,767 - INFO - Annotation Progress: 3588/5000 sequences (71.8%) | Elapsed: 34669.4s | ETA: 13643.6s
2025-10-01 05:01:46,767 - INFO - Starting annotation batch 300: sequences 3589-3600
2025-10-01 05:01:46,767 - INFO - Processing batch of 12 sequences with ESM2 batch embedding
2025-10-01 05:01:46,767 - INFO - Tokenizing 12 sequences...
2025-10-01 05:01:46,772 - INFO - Moving batch to device: cpu
2025-10-01 05:01:46,772 - INFO - Generating embeddings on cpu...
2025-10-01 05:03:20,023 - INFO - Embeddings generated successfully
2025-10-01 05:03:20,327 - INFO - Completed annotation batch 300 in 93.6s (120 results)
2025-10-01 05:03:20,327 - INFO - Annotation Progress: 3600/5000 sequences (72.0%) | Elapsed: 34763.0s | ETA: 13518.9s
2025-10-01 05:03:20,327 - INFO - Starting annotation batch 301: sequences 3601-3612
2025-10-01 05:03:20,327 - INFO - Processing batch of 12 sequences with ESM2 batch embedding
2025-10-01 05:03:20,327 - INFO - Tokenizing 12 sequences...
2025-10-01 05:03:20,331 - INFO - Moving batch to device: cpu
2025-10-01 05:03:20,331 - INFO - Generating embeddings on cpu...
2025-10-01 05:04:20,033 - INFO - Embeddings generated successfully
2025-10-01 05:04:20,334 - INFO - Completed annotation batch 301 in 60.0s (120 results)
2025-10-01 05:04:20,334 - INFO - Annotation Progress: 3612/5000 sequences (72.2%) | Elapsed: 34823.0s | ETA: 13381.6s
2025-10-01 05:04:20,334 - INFO - Starting annotation batch 302: sequences 3613-3624
2025-10-01 05:04:20,334 - INFO - Processing batch of 12 sequences with ESM2 batch embedding
2025-10-01 05:04:20,334 - INFO - Tokenizing 12 sequences...
2025-10-01 05:04:20,340 - INFO - Moving batch to device: cpu
2025-10-01 05:04:20,341 - INFO - Generating embeddings on cpu...
2025-10-01 05:06:40,830 - INFO - Embeddings generated successfully
2025-10-01 05:06:41,133 - INFO - Completed annotation batch 302 in 140.8s (120 results)
2025-10-01 05:06:41,133 - INFO - Annotation Progress: 3624/5000 sequences (72.5%) | Elapsed: 34963.8s | ETA: 13275.4s
2025-10-01 05:06:41,133 - INFO - Starting annotation batch 303: sequences 3625-3636
2025-10-01 05:06:41,133 - INFO - Processing batch of 12 sequences with ESM2 batch embedding
2025-10-01 05:06:41,133 - INFO - Tokenizing 12 sequences...
2025-10-01 05:06:41,138 - INFO - Moving batch to device: cpu
2025-10-01 05:06:41,138 - INFO - Generating embeddings on cpu...
2025-10-01 05:07:50,577 - INFO - Embeddings generated successfully
2025-10-01 05:07:50,879 - INFO - Completed annotation batch 303 in 69.7s (120 results)
2025-10-01 05:07:50,879 - INFO - Annotation Progress: 3636/5000 sequences (72.7%) | Elapsed: 35033.6s | ETA: 13142.4s
2025-10-01 05:07:50,879 - INFO - Starting annotation batch 304: sequences 3637-3648
2025-10-01 05:07:50,879 - INFO - Processing batch of 12 sequences with ESM2 batch embedding
2025-10-01 05:07:50,879 - INFO - Tokenizing 12 sequences...
2025-10-01 05:07:50,886 - INFO - Moving batch to device: cpu
2025-10-01 05:07:50,886 - INFO - Generating embeddings on cpu...
2025-10-01 05:10:19,558 - INFO - Embeddings generated successfully
2025-10-01 05:10:19,957 - INFO - Completed annotation batch 304 in 149.1s (120 results)
2025-10-01 05:10:19,957 - INFO - Annotation Progress: 3648/5000 sequences (73.0%) | Elapsed: 35182.6s | ETA: 13039.2s
2025-10-01 05:10:19,958 - INFO - Starting annotation batch 305: sequences 3649-3660
2025-10-01 05:10:19,958 - INFO - Processing batch of 12 sequences with ESM2 batch embedding
2025-10-01 05:10:19,958 - INFO - Tokenizing 12 sequences...
2025-10-01 05:10:19,964 - INFO - Moving batch to device: cpu
2025-10-01 05:10:19,964 - INFO - Generating embeddings on cpu...
2025-10-01 05:12:35,509 - INFO - Embeddings generated successfully
2025-10-01 05:12:35,806 - INFO - Completed annotation batch 305 in 135.8s (120 results)
2025-10-01 05:12:35,806 - INFO - Annotation Progress: 3660/5000 sequences (73.2%) | Elapsed: 35318.5s | ETA: 12930.8s
2025-10-01 05:12:35,806 - INFO - Starting annotation batch 306: sequences 3661-3672
2025-10-01 05:12:35,806 - INFO - Processing batch of 12 sequences with ESM2 batch embedding
2025-10-01 05:12:35,806 - INFO - Tokenizing 12 sequences...
2025-10-01 05:12:35,814 - INFO - Moving batch to device: cpu
2025-10-01 05:12:35,814 - INFO - Generating embeddings on cpu...
2025-10-01 05:15:04,851 - INFO - Embeddings generated successfully
2025-10-01 05:15:05,160 - INFO - Completed annotation batch 306 in 149.4s (120 results)
2025-10-01 05:15:05,161 - INFO - Annotation Progress: 3672/5000 sequences (73.4%) | Elapsed: 35467.8s | ETA: 12827.1s
2025-10-01 05:15:05,161 - INFO - Starting annotation batch 307: sequences 3673-3684
2025-10-01 05:15:05,161 - INFO - Processing batch of 12 sequences with ESM2 batch embedding
2025-10-01 05:15:05,161 - INFO - Tokenizing 12 sequences...
2025-10-01 05:15:05,167 - INFO - Moving batch to device: cpu
2025-10-01 05:15:05,167 - INFO - Generating embeddings on cpu...
2025-10-01 05:17:23,999 - INFO - Embeddings generated successfully
2025-10-01 05:17:24,319 - INFO - Completed annotation batch 307 in 139.2s (120 results)
2025-10-01 05:17:24,319 - INFO - Annotation Progress: 3684/5000 sequences (73.7%) | Elapsed: 35607.0s | ETA: 12719.5s
2025-10-01 05:17:24,319 - INFO - Starting annotation batch 308: sequences 3685-3696
2025-10-01 05:17:24,319 - INFO - Processing batch of 12 sequences with ESM2 batch embedding
2025-10-01 05:17:24,319 - INFO - Tokenizing 12 sequences...
2025-10-01 05:17:24,323 - INFO - Moving batch to device: cpu
2025-10-01 05:17:24,324 - INFO - Generating embeddings on cpu...
2025-10-01 05:18:40,929 - INFO - Embeddings generated successfully
2025-10-01 05:18:41,226 - INFO - Completed annotation batch 308 in 76.9s (120 results)
2025-10-01 05:18:41,226 - INFO - Annotation Progress: 3696/5000 sequences (73.9%) | Elapsed: 35683.9s | ETA: 12589.8s
2025-10-01 05:18:41,226 - INFO - Starting annotation batch 309: sequences 3697-3708
2025-10-01 05:18:41,226 - INFO - Processing batch of 12 sequences with ESM2 batch embedding
2025-10-01 05:18:41,226 - INFO - Tokenizing 12 sequences...
2025-10-01 05:18:41,231 - INFO - Moving batch to device: cpu
2025-10-01 05:18:41,232 - INFO - Generating embeddings on cpu...
2025-10-01 05:19:54,256 - INFO - Embeddings generated successfully
2025-10-01 05:19:54,559 - INFO - Completed annotation batch 309 in 73.3s (120 results)
2025-10-01 05:19:54,559 - INFO - Annotation Progress: 3708/5000 sequences (74.2%) | Elapsed: 35757.2s | ETA: 12459.1s
2025-10-01 05:19:54,559 - INFO - Starting annotation batch 310: sequences 3709-3720
2025-10-01 05:19:54,559 - INFO - Processing batch of 12 sequences with ESM2 batch embedding
2025-10-01 05:19:54,559 - INFO - Tokenizing 12 sequences...
2025-10-01 05:19:54,565 - INFO - Moving batch to device: cpu
2025-10-01 05:19:54,565 - INFO - Generating embeddings on cpu...
2025-10-01 05:21:31,898 - INFO - Embeddings generated successfully
2025-10-01 05:21:32,204 - INFO - Completed annotation batch 310 in 97.6s (120 results)
2025-10-01 05:21:32,204 - INFO - Annotation Progress: 3720/5000 sequences (74.4%) | Elapsed: 35854.9s | ETA: 12337.2s
2025-10-01 05:21:32,204 - INFO - Starting annotation batch 311: sequences 3721-3732
2025-10-01 05:21:32,204 - INFO - Processing batch of 12 sequences with ESM2 batch embedding
2025-10-01 05:21:32,205 - INFO - Tokenizing 12 sequences...
2025-10-01 05:21:32,208 - INFO - Moving batch to device: cpu
2025-10-01 05:21:32,208 - INFO - Generating embeddings on cpu...
2025-10-01 05:22:46,129 - INFO - Embeddings generated successfully
2025-10-01 05:22:46,428 - INFO - Completed annotation batch 311 in 74.2s (120 results)
2025-10-01 05:22:46,428 - INFO - Annotation Progress: 3732/5000 sequences (74.6%) | Elapsed: 35929.1s | ETA: 12207.4s
2025-10-01 05:22:46,428 - INFO - Starting annotation batch 312: sequences 3733-3744
2025-10-01 05:22:46,428 - INFO - Processing batch of 12 sequences with ESM2 batch embedding
2025-10-01 05:22:46,428 - INFO - Tokenizing 12 sequences...
2025-10-01 05:22:46,435 - INFO - Moving batch to device: cpu
2025-10-01 05:22:46,435 - INFO - Generating embeddings on cpu...
2025-10-01 05:25:15,233 - INFO - Embeddings generated successfully
2025-10-01 05:25:15,536 - INFO - Completed annotation batch 312 in 149.1s (120 results)
2025-10-01 05:25:15,537 - INFO - Annotation Progress: 3744/5000 sequences (74.9%) | Elapsed: 36078.2s | ETA: 12103.2s
2025-10-01 05:25:15,537 - INFO - Starting annotation batch 313: sequences 3745-3756
2025-10-01 05:25:15,537 - INFO - Processing batch of 12 sequences with ESM2 batch embedding
2025-10-01 05:25:15,537 - INFO - Tokenizing 12 sequences...
2025-10-01 05:25:15,543 - INFO - Moving batch to device: cpu
2025-10-01 05:25:15,543 - INFO - Generating embeddings on cpu...
2025-10-01 05:26:55,836 - INFO - Embeddings generated successfully
2025-10-01 05:26:56,144 - INFO - Completed annotation batch 313 in 100.6s (120 results)
2025-10-01 05:26:56,144 - INFO - Annotation Progress: 3756/5000 sequences (75.1%) | Elapsed: 36178.8s | ETA: 11982.5s
2025-10-01 05:26:56,144 - INFO - Starting annotation batch 314: sequences 3757-3768
2025-10-01 05:26:56,144 - INFO - Processing batch of 12 sequences with ESM2 batch embedding
2025-10-01 05:26:56,144 - INFO - Tokenizing 12 sequences...
2025-10-01 05:26:56,150 - INFO - Moving batch to device: cpu
2025-10-01 05:26:56,150 - INFO - Generating embeddings on cpu...
2025-10-01 05:28:54,639 - INFO - Embeddings generated successfully
2025-10-01 05:28:54,936 - INFO - Completed annotation batch 314 in 118.8s (120 results)
2025-10-01 05:28:54,936 - INFO - Annotation Progress: 3768/5000 sequences (75.4%) | Elapsed: 36297.6s | ETA: 11868.0s
2025-10-01 05:28:54,937 - INFO - Starting annotation batch 315: sequences 3769-3780
2025-10-01 05:28:54,937 - INFO - Processing batch of 12 sequences with ESM2 batch embedding
2025-10-01 05:28:54,937 - INFO - Tokenizing 12 sequences...
2025-10-01 05:28:54,943 - INFO - Moving batch to device: cpu
2025-10-01 05:28:54,943 - INFO - Generating embeddings on cpu...
2025-10-01 05:31:23,921 - INFO - Embeddings generated successfully
2025-10-01 05:31:24,222 - INFO - Completed annotation batch 315 in 149.3s (120 results)
2025-10-01 05:31:24,223 - INFO - Annotation Progress: 3780/5000 sequences (75.6%) | Elapsed: 36446.9s | ETA: 11763.3s
2025-10-01 05:31:24,223 - INFO - Starting annotation batch 316: sequences 3781-3792
2025-10-01 05:31:24,223 - INFO - Processing batch of 12 sequences with ESM2 batch embedding
2025-10-01 05:31:24,223 - INFO - Tokenizing 12 sequences...
2025-10-01 05:31:24,229 - INFO - Moving batch to device: cpu
2025-10-01 05:31:24,229 - INFO - Generating embeddings on cpu...
2025-10-01 05:33:33,031 - INFO - Embeddings generated successfully
2025-10-01 05:33:33,337 - INFO - Completed annotation batch 316 in 129.1s (120 results)
2025-10-01 05:33:33,337 - INFO - Annotation Progress: 3792/5000 sequences (75.8%) | Elapsed: 36576.0s | ETA: 11651.9s
2025-10-01 05:33:33,337 - INFO - Starting annotation batch 317: sequences 3793-3804
2025-10-01 05:33:33,337 - INFO - Processing batch of 12 sequences with ESM2 batch embedding
2025-10-01 05:33:33,337 - INFO - Tokenizing 12 sequences...
2025-10-01 05:33:33,342 - INFO - Moving batch to device: cpu
2025-10-01 05:33:33,342 - INFO - Generating embeddings on cpu...
2025-10-01 05:34:58,074 - INFO - Embeddings generated successfully
2025-10-01 05:34:58,378 - INFO - Completed annotation batch 317 in 85.0s (120 results)
2025-10-01 05:34:58,378 - INFO - Annotation Progress: 3804/5000 sequences (76.1%) | Elapsed: 36661.1s | ETA: 11526.5s
2025-10-01 05:34:58,378 - INFO - Starting annotation batch 318: sequences 3805-3816
2025-10-01 05:34:58,378 - INFO - Processing batch of 12 sequences with ESM2 batch embedding
2025-10-01 05:34:58,378 - INFO - Tokenizing 12 sequences...
2025-10-01 05:34:58,383 - INFO - Moving batch to device: cpu
2025-10-01 05:34:58,384 - INFO - Generating embeddings on cpu...
2025-10-01 05:36:19,120 - INFO - Embeddings generated successfully
2025-10-01 05:36:19,447 - INFO - Completed annotation batch 318 in 81.1s (120 results)
2025-10-01 05:36:19,447 - INFO - Annotation Progress: 3816/5000 sequences (76.3%) | Elapsed: 36742.1s | ETA: 11400.1s
2025-10-01 05:36:19,447 - INFO - Starting annotation batch 319: sequences 3817-3828
2025-10-01 05:36:19,447 - INFO - Processing batch of 12 sequences with ESM2 batch embedding
2025-10-01 05:36:19,447 - INFO - Tokenizing 12 sequences...
2025-10-01 05:36:19,454 - INFO - Moving batch to device: cpu
2025-10-01 05:36:19,454 - INFO - Generating embeddings on cpu...
2025-10-01 05:38:49,768 - INFO - Embeddings generated successfully
2025-10-01 05:38:50,090 - INFO - Completed annotation batch 319 in 150.6s (120 results)
2025-10-01 05:38:50,091 - INFO - Annotation Progress: 3828/5000 sequences (76.6%) | Elapsed: 36892.8s | ETA: 11295.3s
2025-10-01 05:38:50,091 - INFO - Starting annotation batch 320: sequences 3829-3840
2025-10-01 05:38:50,091 - INFO - Processing batch of 12 sequences with ESM2 batch embedding
2025-10-01 05:38:50,091 - INFO - Tokenizing 12 sequences...
2025-10-01 05:38:50,096 - INFO - Moving batch to device: cpu
2025-10-01 05:38:50,096 - INFO - Generating embeddings on cpu...
2025-10-01 05:40:30,023 - INFO - Embeddings generated successfully
2025-10-01 05:40:30,316 - INFO - Completed annotation batch 320 in 100.2s (120 results)
2025-10-01 05:40:30,316 - INFO - Annotation Progress: 3840/5000 sequences (76.8%) | Elapsed: 36993.0s | ETA: 11175.0s
2025-10-01 05:40:30,316 - INFO - Starting annotation batch 321: sequences 3841-3852
2025-10-01 05:40:30,316 - INFO - Processing batch of 12 sequences with ESM2 batch embedding
2025-10-01 05:40:30,316 - INFO - Tokenizing 12 sequences...
2025-10-01 05:40:30,320 - INFO - Moving batch to device: cpu
2025-10-01 05:40:30,320 - INFO - Generating embeddings on cpu...
2025-10-01 05:41:35,220 - INFO - Embeddings generated successfully
2025-10-01 05:41:35,522 - INFO - Completed annotation batch 321 in 65.2s (120 results)
2025-10-01 05:41:35,522 - INFO - Annotation Progress: 3852/5000 sequences (77.0%) | Elapsed: 37058.2s | ETA: 11044.3s
2025-10-01 05:41:35,522 - INFO - Starting annotation batch 322: sequences 3853-3864
2025-10-01 05:41:35,522 - INFO - Processing batch of 12 sequences with ESM2 batch embedding
2025-10-01 05:41:35,522 - INFO - Tokenizing 12 sequences...
2025-10-01 05:41:35,527 - INFO - Moving batch to device: cpu
2025-10-01 05:41:35,527 - INFO - Generating embeddings on cpu...
2025-10-01 05:43:02,648 - INFO - Embeddings generated successfully
2025-10-01 05:43:02,944 - INFO - Completed annotation batch 322 in 87.4s (120 results)
2025-10-01 05:43:02,944 - INFO - Annotation Progress: 3864/5000 sequences (77.3%) | Elapsed: 37145.6s | ETA: 10920.7s
2025-10-01 05:43:02,944 - INFO - Starting annotation batch 323: sequences 3865-3876
2025-10-01 05:43:02,944 - INFO - Processing batch of 12 sequences with ESM2 batch embedding
2025-10-01 05:43:02,944 - INFO - Tokenizing 12 sequences...
2025-10-01 05:43:02,950 - INFO - Moving batch to device: cpu
2025-10-01 05:43:02,950 - INFO - Generating embeddings on cpu...
2025-10-01 05:45:10,881 - INFO - Embeddings generated successfully
2025-10-01 05:45:11,272 - INFO - Completed annotation batch 323 in 128.3s (120 results)
2025-10-01 05:45:11,272 - INFO - Annotation Progress: 3876/5000 sequences (77.5%) | Elapsed: 37273.9s | ETA: 10809.1s
2025-10-01 05:45:11,272 - INFO - Starting annotation batch 324: sequences 3877-3888
2025-10-01 05:45:11,273 - INFO - Processing batch of 12 sequences with ESM2 batch embedding
2025-10-01 05:45:11,273 - INFO - Tokenizing 12 sequences...
2025-10-01 05:45:11,278 - INFO - Moving batch to device: cpu
2025-10-01 05:45:11,278 - INFO - Generating embeddings on cpu...
2025-10-01 05:46:41,187 - INFO - Embeddings generated successfully
2025-10-01 05:46:41,484 - INFO - Completed annotation batch 324 in 90.2s (120 results)
2025-10-01 05:46:41,484 - INFO - Annotation Progress: 3888/5000 sequences (77.8%) | Elapsed: 37364.2s | ETA: 10686.5s
2025-10-01 05:46:41,484 - INFO - Starting annotation batch 325: sequences 3889-3900
2025-10-01 05:46:41,484 - INFO - Processing batch of 12 sequences with ESM2 batch embedding
2025-10-01 05:46:41,485 - INFO - Tokenizing 12 sequences...
2025-10-01 05:46:41,490 - INFO - Moving batch to device: cpu
2025-10-01 05:46:41,490 - INFO - Generating embeddings on cpu...
2025-10-01 05:48:10,662 - INFO - Embeddings generated successfully
2025-10-01 05:48:10,969 - INFO - Completed annotation batch 325 in 89.5s (120 results)
2025-10-01 05:48:10,969 - INFO - Annotation Progress: 3900/5000 sequences (78.0%) | Elapsed: 37453.6s | ETA: 10563.8s
2025-10-01 05:48:10,969 - INFO - Starting annotation batch 326: sequences 3901-3912
2025-10-01 05:48:10,969 - INFO - Processing batch of 12 sequences with ESM2 batch embedding
2025-10-01 05:48:10,969 - INFO - Tokenizing 12 sequences...
2025-10-01 05:48:10,975 - INFO - Moving batch to device: cpu
2025-10-01 05:48:10,975 - INFO - Generating embeddings on cpu...
2025-10-01 05:49:47,176 - INFO - Embeddings generated successfully
2025-10-01 05:49:47,476 - INFO - Completed annotation batch 326 in 96.5s (120 results)
2025-10-01 05:49:47,477 - INFO - Annotation Progress: 3912/5000 sequences (78.2%) | Elapsed: 37550.1s | ETA: 10443.4s
2025-10-01 05:49:47,477 - INFO - Starting annotation batch 327: sequences 3913-3924
2025-10-01 05:49:47,477 - INFO - Processing batch of 12 sequences with ESM2 batch embedding
2025-10-01 05:49:47,477 - INFO - Tokenizing 12 sequences...
2025-10-01 05:49:47,482 - INFO - Moving batch to device: cpu
2025-10-01 05:49:47,482 - INFO - Generating embeddings on cpu...
2025-10-01 05:51:22,741 - INFO - Embeddings generated successfully
2025-10-01 05:51:23,044 - INFO - Completed annotation batch 327 in 95.6s (120 results)
2025-10-01 05:51:23,044 - INFO - Annotation Progress: 3924/5000 sequences (78.5%) | Elapsed: 37645.7s | ETA: 10322.8s
2025-10-01 05:51:23,044 - INFO - Starting annotation batch 328: sequences 3925-3936
2025-10-01 05:51:23,044 - INFO - Processing batch of 12 sequences with ESM2 batch embedding
2025-10-01 05:51:23,044 - INFO - Tokenizing 12 sequences...
2025-10-01 05:51:23,049 - INFO - Moving batch to device: cpu
2025-10-01 05:51:23,049 - INFO - Generating embeddings on cpu...
2025-10-01 05:52:58,564 - INFO - Embeddings generated successfully
2025-10-01 05:52:58,865 - INFO - Completed annotation batch 328 in 95.8s (120 results)
2025-10-01 05:52:58,865 - INFO - Annotation Progress: 3936/5000 sequences (78.7%) | Elapsed: 37741.5s | ETA: 10202.5s
2025-10-01 05:52:58,865 - INFO - Starting annotation batch 329: sequences 3937-3948
2025-10-01 05:52:58,865 - INFO - Processing batch of 12 sequences with ESM2 batch embedding
2025-10-01 05:52:58,865 - INFO - Tokenizing 12 sequences...
2025-10-01 05:52:58,871 - INFO - Moving batch to device: cpu
2025-10-01 05:52:58,871 - INFO - Generating embeddings on cpu...
2025-10-01 05:54:49,236 - INFO - Embeddings generated successfully
2025-10-01 05:54:49,547 - INFO - Completed annotation batch 329 in 110.7s (120 results)
2025-10-01 05:54:49,547 - INFO - Annotation Progress: 3948/5000 sequences (79.0%) | Elapsed: 37852.2s | ETA: 10086.3s
2025-10-01 05:54:49,547 - INFO - Starting annotation batch 330: sequences 3949-3960
2025-10-01 05:54:49,547 - INFO - Processing batch of 12 sequences with ESM2 batch embedding
2025-10-01 05:54:49,547 - INFO - Tokenizing 12 sequences...
2025-10-01 05:54:49,555 - INFO - Moving batch to device: cpu
2025-10-01 05:54:49,556 - INFO - Generating embeddings on cpu...
2025-10-01 05:57:18,606 - INFO - Embeddings generated successfully
2025-10-01 05:57:18,899 - INFO - Completed annotation batch 330 in 149.4s (120 results)
2025-10-01 05:57:18,900 - INFO - Annotation Progress: 3960/5000 sequences (79.2%) | Elapsed: 38001.6s | ETA: 9980.2s
2025-10-01 05:57:18,900 - INFO - Starting annotation batch 331: sequences 3961-3972
2025-10-01 05:57:18,900 - INFO - Processing batch of 12 sequences with ESM2 batch embedding
2025-10-01 05:57:18,900 - INFO - Tokenizing 12 sequences...
2025-10-01 05:57:18,904 - INFO - Moving batch to device: cpu
2025-10-01 05:57:18,904 - INFO - Generating embeddings on cpu...
2025-10-01 05:58:26,464 - INFO - Embeddings generated successfully
2025-10-01 05:58:26,767 - INFO - Completed annotation batch 331 in 67.9s (120 results)
2025-10-01 05:58:26,767 - INFO - Annotation Progress: 3972/5000 sequences (79.4%) | Elapsed: 38069.4s | ETA: 9852.8s
2025-10-01 05:58:26,767 - INFO - Starting annotation batch 332: sequences 3973-3984
2025-10-01 05:58:26,767 - INFO - Processing batch of 12 sequences with ESM2 batch embedding
2025-10-01 05:58:26,767 - INFO - Tokenizing 12 sequences...
2025-10-01 05:58:26,773 - INFO - Moving batch to device: cpu
2025-10-01 05:58:26,773 - INFO - Generating embeddings on cpu...
2025-10-01 06:00:11,975 - INFO - Embeddings generated successfully
2025-10-01 06:00:12,273 - INFO - Completed annotation batch 332 in 105.5s (120 results)
2025-10-01 06:00:12,273 - INFO - Annotation Progress: 3984/5000 sequences (79.7%) | Elapsed: 38174.9s | ETA: 9735.4s
2025-10-01 06:00:12,273 - INFO - Starting annotation batch 333: sequences 3985-3996
2025-10-01 06:00:12,273 - INFO - Processing batch of 12 sequences with ESM2 batch embedding
2025-10-01 06:00:12,273 - INFO - Tokenizing 12 sequences...
2025-10-01 06:00:12,279 - INFO - Moving batch to device: cpu
2025-10-01 06:00:12,279 - INFO - Generating embeddings on cpu...
2025-10-01 06:02:41,190 - INFO - Embeddings generated successfully
2025-10-01 06:02:41,492 - INFO - Completed annotation batch 333 in 149.2s (120 results)
2025-10-01 06:02:41,493 - INFO - Annotation Progress: 3996/5000 sequences (79.9%) | Elapsed: 38324.2s | ETA: 9629.0s
2025-10-01 06:02:41,493 - INFO - Starting annotation batch 334: sequences 3997-4008
2025-10-01 06:02:41,493 - INFO - Processing batch of 12 sequences with ESM2 batch embedding
2025-10-01 06:02:41,493 - INFO - Tokenizing 12 sequences...
2025-10-01 06:02:41,499 - INFO - Moving batch to device: cpu
2025-10-01 06:02:41,500 - INFO - Generating embeddings on cpu...
2025-10-01 06:04:39,181 - INFO - Embeddings generated successfully
2025-10-01 06:04:39,511 - INFO - Completed annotation batch 334 in 118.0s (120 results)
2025-10-01 06:04:39,512 - INFO - Annotation Progress: 4008/5000 sequences (80.2%) | Elapsed: 38442.2s | ETA: 9514.6s
2025-10-01 06:04:39,512 - INFO - Starting annotation batch 335: sequences 4009-4020
2025-10-01 06:04:39,512 - INFO - Processing batch of 12 sequences with ESM2 batch embedding
2025-10-01 06:04:39,512 - INFO - Tokenizing 12 sequences...
2025-10-01 06:04:39,516 - INFO - Moving batch to device: cpu
2025-10-01 06:04:39,516 - INFO - Generating embeddings on cpu...
2025-10-01 06:05:59,084 - INFO - Embeddings generated successfully
2025-10-01 06:05:59,389 - INFO - Completed annotation batch 335 in 79.9s (120 results)
2025-10-01 06:05:59,389 - INFO - Annotation Progress: 4020/5000 sequences (80.4%) | Elapsed: 38522.1s | ETA: 9391.0s
2025-10-01 06:05:59,389 - INFO - Starting annotation batch 336: sequences 4021-4032
2025-10-01 06:05:59,389 - INFO - Processing batch of 12 sequences with ESM2 batch embedding
2025-10-01 06:05:59,389 - INFO - Tokenizing 12 sequences...
2025-10-01 06:05:59,394 - INFO - Moving batch to device: cpu
2025-10-01 06:05:59,394 - INFO - Generating embeddings on cpu...
2025-10-01 06:08:01,811 - INFO - Embeddings generated successfully
2025-10-01 06:08:02,109 - INFO - Completed annotation batch 336 in 122.7s (120 results)
2025-10-01 06:08:02,109 - INFO - Annotation Progress: 4032/5000 sequences (80.6%) | Elapsed: 38644.8s | ETA: 9277.8s
2025-10-01 06:08:02,109 - INFO - Starting annotation batch 337: sequences 4033-4044
2025-10-01 06:08:02,109 - INFO - Processing batch of 12 sequences with ESM2 batch embedding
2025-10-01 06:08:02,109 - INFO - Tokenizing 12 sequences...
2025-10-01 06:08:02,117 - INFO - Moving batch to device: cpu
2025-10-01 06:08:02,117 - INFO - Generating embeddings on cpu...
2025-10-01 06:10:30,954 - INFO - Embeddings generated successfully
2025-10-01 06:10:31,256 - INFO - Completed annotation batch 337 in 149.1s (120 results)
2025-10-01 06:10:31,257 - INFO - Annotation Progress: 4044/5000 sequences (80.9%) | Elapsed: 38793.9s | ETA: 9170.9s
2025-10-01 06:10:31,257 - INFO - Starting annotation batch 338: sequences 4045-4056
2025-10-01 06:10:31,257 - INFO - Processing batch of 12 sequences with ESM2 batch embedding
2025-10-01 06:10:31,257 - INFO - Tokenizing 12 sequences...
2025-10-01 06:10:31,261 - INFO - Moving batch to device: cpu
2025-10-01 06:10:31,261 - INFO - Generating embeddings on cpu...
2025-10-01 06:12:06,716 - INFO - Embeddings generated successfully
2025-10-01 06:12:07,006 - INFO - Completed annotation batch 338 in 95.7s (120 results)
2025-10-01 06:12:07,007 - INFO - Annotation Progress: 4056/5000 sequences (81.1%) | Elapsed: 38889.7s | ETA: 9051.2s
2025-10-01 06:12:07,007 - INFO - Starting annotation batch 339: sequences 4057-4068
2025-10-01 06:12:07,007 - INFO - Processing batch of 12 sequences with ESM2 batch embedding
2025-10-01 06:12:07,007 - INFO - Tokenizing 12 sequences...
2025-10-01 06:12:07,012 - INFO - Moving batch to device: cpu
2025-10-01 06:12:07,013 - INFO - Generating embeddings on cpu...
2025-10-01 06:13:37,514 - INFO - Embeddings generated successfully
2025-10-01 06:13:37,819 - INFO - Completed annotation batch 339 in 90.8s (120 results)
2025-10-01 06:13:37,820 - INFO - Annotation Progress: 4068/5000 sequences (81.4%) | Elapsed: 38980.5s | ETA: 8930.6s
2025-10-01 06:13:37,820 - INFO - Starting annotation batch 340: sequences 4069-4080
2025-10-01 06:13:37,820 - INFO - Processing batch of 12 sequences with ESM2 batch embedding
2025-10-01 06:13:37,820 - INFO - Tokenizing 12 sequences...
2025-10-01 06:13:37,825 - INFO - Moving batch to device: cpu
2025-10-01 06:13:37,825 - INFO - Generating embeddings on cpu...
2025-10-01 06:15:06,643 - INFO - Embeddings generated successfully
2025-10-01 06:15:06,946 - INFO - Completed annotation batch 340 in 89.1s (120 results)
2025-10-01 06:15:06,946 - INFO - Annotation Progress: 4080/5000 sequences (81.6%) | Elapsed: 39069.6s | ETA: 8809.8s
2025-10-01 06:15:06,946 - INFO - Starting annotation batch 341: sequences 4081-4092
2025-10-01 06:15:06,946 - INFO - Processing batch of 12 sequences with ESM2 batch embedding
2025-10-01 06:15:06,946 - INFO - Tokenizing 12 sequences...
2025-10-01 06:15:06,950 - INFO - Moving batch to device: cpu
2025-10-01 06:15:06,950 - INFO - Generating embeddings on cpu...
2025-10-01 06:16:07,732 - INFO - Embeddings generated successfully
2025-10-01 06:16:08,033 - INFO - Completed annotation batch 341 in 61.1s (120 results)
2025-10-01 06:16:08,033 - INFO - Annotation Progress: 4092/5000 sequences (81.8%) | Elapsed: 39130.7s | ETA: 8683.0s
2025-10-01 06:16:08,033 - INFO - Starting annotation batch 342: sequences 4093-4104
2025-10-01 06:16:08,033 - INFO - Processing batch of 12 sequences with ESM2 batch embedding
2025-10-01 06:16:08,034 - INFO - Tokenizing 12 sequences...
2025-10-01 06:16:08,040 - INFO - Moving batch to device: cpu
2025-10-01 06:16:08,040 - INFO - Generating embeddings on cpu...
2025-10-01 06:17:49,850 - INFO - Embeddings generated successfully
2025-10-01 06:17:50,157 - INFO - Completed annotation batch 342 in 102.1s (120 results)
2025-10-01 06:17:50,157 - INFO - Annotation Progress: 4104/5000 sequences (82.1%) | Elapsed: 39232.8s | ETA: 8565.5s
2025-10-01 06:17:50,157 - INFO - Starting annotation batch 343: sequences 4105-4116
2025-10-01 06:17:50,157 - INFO - Processing batch of 12 sequences with ESM2 batch embedding
2025-10-01 06:17:50,157 - INFO - Tokenizing 12 sequences...
2025-10-01 06:17:50,163 - INFO - Moving batch to device: cpu
2025-10-01 06:17:50,163 - INFO - Generating embeddings on cpu...
2025-10-01 06:19:54,784 - INFO - Embeddings generated successfully
2025-10-01 06:19:55,116 - INFO - Completed annotation batch 343 in 125.0s (120 results)
2025-10-01 06:19:55,116 - INFO - Annotation Progress: 4116/5000 sequences (82.3%) | Elapsed: 39357.8s | ETA: 8452.9s
2025-10-01 06:19:55,116 - INFO - Starting annotation batch 344: sequences 4117-4128
2025-10-01 06:19:55,116 - INFO - Processing batch of 12 sequences with ESM2 batch embedding
2025-10-01 06:19:55,116 - INFO - Tokenizing 12 sequences...
2025-10-01 06:19:55,122 - INFO - Moving batch to device: cpu
2025-10-01 06:19:55,122 - INFO - Generating embeddings on cpu...
2025-10-01 06:22:00,530 - INFO - Embeddings generated successfully
2025-10-01 06:22:00,836 - INFO - Completed annotation batch 344 in 125.7s (120 results)
2025-10-01 06:22:00,837 - INFO - Annotation Progress: 4128/5000 sequences (82.6%) | Elapsed: 39483.5s | ETA: 8340.5s
2025-10-01 06:22:00,837 - INFO - Starting annotation batch 345: sequences 4129-4140
2025-10-01 06:22:00,837 - INFO - Processing batch of 12 sequences with ESM2 batch embedding
2025-10-01 06:22:00,837 - INFO - Tokenizing 12 sequences...
2025-10-01 06:22:00,843 - INFO - Moving batch to device: cpu
2025-10-01 06:22:00,843 - INFO - Generating embeddings on cpu...
2025-10-01 06:23:42,629 - INFO - Embeddings generated successfully
2025-10-01 06:23:42,924 - INFO - Completed annotation batch 345 in 102.1s (120 results)
2025-10-01 06:23:42,924 - INFO - Annotation Progress: 4140/5000 sequences (82.8%) | Elapsed: 39585.6s | ETA: 8223.1s
2025-10-01 06:23:42,924 - INFO - Starting annotation batch 346: sequences 4141-4152
2025-10-01 06:23:42,924 - INFO - Processing batch of 12 sequences with ESM2 batch embedding
2025-10-01 06:23:42,924 - INFO - Tokenizing 12 sequences...
2025-10-01 06:23:42,932 - INFO - Moving batch to device: cpu
2025-10-01 06:23:42,932 - INFO - Generating embeddings on cpu...
2025-10-01 06:26:11,598 - INFO - Embeddings generated successfully
2025-10-01 06:26:11,906 - INFO - Completed annotation batch 346 in 149.0s (120 results)
2025-10-01 06:26:11,907 - INFO - Annotation Progress: 4152/5000 sequences (83.0%) | Elapsed: 39734.6s | ETA: 8115.3s
2025-10-01 06:26:11,907 - INFO - Starting annotation batch 347: sequences 4153-4164
2025-10-01 06:26:11,907 - INFO - Processing batch of 12 sequences with ESM2 batch embedding
2025-10-01 06:26:11,907 - INFO - Tokenizing 12 sequences...
2025-10-01 06:26:11,912 - INFO - Moving batch to device: cpu
2025-10-01 06:26:11,913 - INFO - Generating embeddings on cpu...
2025-10-01 06:28:18,010 - INFO - Embeddings generated successfully
2025-10-01 06:28:18,315 - INFO - Completed annotation batch 347 in 126.4s (120 results)
2025-10-01 06:28:18,316 - INFO - Annotation Progress: 4164/5000 sequences (83.3%) | Elapsed: 39861.0s | ETA: 8002.8s
2025-10-01 06:28:18,316 - INFO - Starting annotation batch 348: sequences 4165-4176
2025-10-01 06:28:18,316 - INFO - Processing batch of 12 sequences with ESM2 batch embedding
2025-10-01 06:28:18,316 - INFO - Tokenizing 12 sequences...
2025-10-01 06:28:18,321 - INFO - Moving batch to device: cpu
2025-10-01 06:28:18,321 - INFO - Generating embeddings on cpu...
2025-10-01 06:29:49,751 - INFO - Embeddings generated successfully
2025-10-01 06:29:50,055 - INFO - Completed annotation batch 348 in 91.7s (120 results)
2025-10-01 06:29:50,055 - INFO - Annotation Progress: 4176/5000 sequences (83.5%) | Elapsed: 39952.7s | ETA: 7883.4s
2025-10-01 06:29:50,055 - INFO - Starting annotation batch 349: sequences 4177-4188
2025-10-01 06:29:50,055 - INFO - Processing batch of 12 sequences with ESM2 batch embedding
2025-10-01 06:29:50,055 - INFO - Tokenizing 12 sequences...
2025-10-01 06:29:50,063 - INFO - Moving batch to device: cpu
2025-10-01 06:29:50,063 - INFO - Generating embeddings on cpu...
2025-10-01 06:32:18,979 - INFO - Embeddings generated successfully
2025-10-01 06:32:19,279 - INFO - Completed annotation batch 349 in 149.2s (120 results)
2025-10-01 06:32:19,280 - INFO - Annotation Progress: 4188/5000 sequences (83.8%) | Elapsed: 40102.0s | ETA: 7775.3s
2025-10-01 06:32:19,280 - INFO - Starting annotation batch 350: sequences 4189-4200
2025-10-01 06:32:19,280 - INFO - Processing batch of 12 sequences with ESM2 batch embedding
2025-10-01 06:32:19,280 - INFO - Tokenizing 12 sequences...
2025-10-01 06:32:19,285 - INFO - Moving batch to device: cpu
2025-10-01 06:32:19,285 - INFO - Generating embeddings on cpu...
2025-10-01 06:33:25,470 - INFO - Embeddings generated successfully
2025-10-01 06:33:25,765 - INFO - Completed annotation batch 350 in 66.5s (120 results)
2025-10-01 06:33:25,765 - INFO - Annotation Progress: 4200/5000 sequences (84.0%) | Elapsed: 40168.4s | ETA: 7651.1s
2025-10-01 06:33:25,765 - INFO - Starting annotation batch 351: sequences 4201-4212
2025-10-01 06:33:25,765 - INFO - Processing batch of 12 sequences with ESM2 batch embedding
2025-10-01 06:33:25,765 - INFO - Tokenizing 12 sequences...
2025-10-01 06:33:25,768 - INFO - Moving batch to device: cpu
2025-10-01 06:33:25,769 - INFO - Generating embeddings on cpu...
2025-10-01 06:34:21,283 - INFO - Embeddings generated successfully
2025-10-01 06:34:21,617 - INFO - Completed annotation batch 351 in 55.9s (120 results)
2025-10-01 06:34:21,617 - INFO - Annotation Progress: 4212/5000 sequences (84.2%) | Elapsed: 40224.3s | ETA: 7525.3s
2025-10-01 06:34:21,617 - INFO - Starting annotation batch 352: sequences 4213-4224
2025-10-01 06:34:21,617 - INFO - Processing batch of 12 sequences with ESM2 batch embedding
2025-10-01 06:34:21,617 - INFO - Tokenizing 12 sequences...
2025-10-01 06:34:21,624 - INFO - Moving batch to device: cpu
2025-10-01 06:34:21,624 - INFO - Generating embeddings on cpu...
2025-10-01 06:36:50,741 - INFO - Embeddings generated successfully
2025-10-01 06:36:51,040 - INFO - Completed annotation batch 352 in 149.4s (120 results)
2025-10-01 06:36:51,040 - INFO - Annotation Progress: 4224/5000 sequences (84.5%) | Elapsed: 40373.7s | ETA: 7417.1s
2025-10-01 06:36:51,040 - INFO - Starting annotation batch 353: sequences 4225-4236
2025-10-01 06:36:51,040 - INFO - Processing batch of 12 sequences with ESM2 batch embedding
2025-10-01 06:36:51,040 - INFO - Tokenizing 12 sequences...
2025-10-01 06:36:51,045 - INFO - Moving batch to device: cpu
2025-10-01 06:36:51,046 - INFO - Generating embeddings on cpu...
2025-10-01 06:38:39,032 - INFO - Embeddings generated successfully
2025-10-01 06:38:39,339 - INFO - Completed annotation batch 353 in 108.3s (120 results)
2025-10-01 06:38:39,339 - INFO - Annotation Progress: 4236/5000 sequences (84.7%) | Elapsed: 40482.0s | ETA: 7301.3s
2025-10-01 06:38:39,339 - INFO - Starting annotation batch 354: sequences 4237-4248
2025-10-01 06:38:39,339 - INFO - Processing batch of 12 sequences with ESM2 batch embedding
2025-10-01 06:38:39,339 - INFO - Tokenizing 12 sequences...
2025-10-01 06:38:39,345 - INFO - Moving batch to device: cpu
2025-10-01 06:38:39,345 - INFO - Generating embeddings on cpu...
2025-10-01 06:41:05,051 - INFO - Embeddings generated successfully
2025-10-01 06:41:05,361 - INFO - Completed annotation batch 354 in 146.0s (120 results)
2025-10-01 06:41:05,361 - INFO - Annotation Progress: 4248/5000 sequences (85.0%) | Elapsed: 40628.0s | ETA: 7192.2s
2025-10-01 06:41:05,361 - INFO - Starting annotation batch 355: sequences 4249-4260
2025-10-01 06:41:05,361 - INFO - Processing batch of 12 sequences with ESM2 batch embedding
2025-10-01 06:41:05,361 - INFO - Tokenizing 12 sequences...
2025-10-01 06:41:05,369 - INFO - Moving batch to device: cpu
2025-10-01 06:41:05,369 - INFO - Generating embeddings on cpu...
2025-10-01 06:43:34,155 - INFO - Embeddings generated successfully
2025-10-01 06:43:34,461 - INFO - Completed annotation batch 355 in 149.1s (120 results)
2025-10-01 06:43:34,461 - INFO - Annotation Progress: 4260/5000 sequences (85.2%) | Elapsed: 40777.1s | ETA: 7083.4s
2025-10-01 06:43:34,461 - INFO - Starting annotation batch 356: sequences 4261-4272
2025-10-01 06:43:34,461 - INFO - Processing batch of 12 sequences with ESM2 batch embedding
2025-10-01 06:43:34,461 - INFO - Tokenizing 12 sequences...
2025-10-01 06:43:34,467 - INFO - Moving batch to device: cpu
2025-10-01 06:43:34,467 - INFO - Generating embeddings on cpu...
2025-10-01 06:46:03,236 - INFO - Embeddings generated successfully
2025-10-01 06:46:03,547 - INFO - Completed annotation batch 356 in 149.1s (120 results)
2025-10-01 06:46:03,548 - INFO - Annotation Progress: 4272/5000 sequences (85.4%) | Elapsed: 40926.2s | ETA: 6974.3s
2025-10-01 06:46:03,548 - INFO - Starting annotation batch 357: sequences 4273-4284
2025-10-01 06:46:03,548 - INFO - Processing batch of 12 sequences with ESM2 batch embedding
2025-10-01 06:46:03,548 - INFO - Tokenizing 12 sequences...
2025-10-01 06:46:03,555 - INFO - Moving batch to device: cpu
2025-10-01 06:46:03,555 - INFO - Generating embeddings on cpu...
2025-10-01 06:48:32,113 - INFO - Embeddings generated successfully
2025-10-01 06:48:32,413 - INFO - Completed annotation batch 357 in 148.9s (120 results)
2025-10-01 06:48:32,414 - INFO - Annotation Progress: 4284/5000 sequences (85.7%) | Elapsed: 41075.1s | ETA: 6865.0s
2025-10-01 06:48:32,414 - INFO - Starting annotation batch 358: sequences 4285-4296
2025-10-01 06:48:32,414 - INFO - Processing batch of 12 sequences with ESM2 batch embedding
2025-10-01 06:48:32,414 - INFO - Tokenizing 12 sequences...
2025-10-01 06:48:32,423 - INFO - Moving batch to device: cpu
2025-10-01 06:48:32,423 - INFO - Generating embeddings on cpu...
2025-10-01 06:51:01,158 - INFO - Embeddings generated successfully
2025-10-01 06:51:01,470 - INFO - Completed annotation batch 358 in 149.1s (120 results)
2025-10-01 06:51:01,470 - INFO - Annotation Progress: 4296/5000 sequences (85.9%) | Elapsed: 41224.1s | ETA: 6755.5s
2025-10-01 06:51:01,470 - INFO - Starting annotation batch 359: sequences 4297-4308
2025-10-01 06:51:01,470 - INFO - Processing batch of 12 sequences with ESM2 batch embedding
2025-10-01 06:51:01,471 - INFO - Tokenizing 12 sequences...
2025-10-01 06:51:01,476 - INFO - Moving batch to device: cpu
2025-10-01 06:51:01,476 - INFO - Generating embeddings on cpu...
2025-10-01 06:53:07,880 - INFO - Embeddings generated successfully
2025-10-01 06:53:08,190 - INFO - Completed annotation batch 359 in 126.7s (120 results)
2025-10-01 06:53:08,190 - INFO - Annotation Progress: 4308/5000 sequences (86.2%) | Elapsed: 41350.9s | ETA: 6642.2s
2025-10-01 06:53:08,191 - INFO - Starting annotation batch 360: sequences 4309-4320
2025-10-01 06:53:08,191 - INFO - Processing batch of 12 sequences with ESM2 batch embedding
2025-10-01 06:53:08,191 - INFO - Tokenizing 12 sequences...
2025-10-01 06:53:08,196 - INFO - Moving batch to device: cpu
2025-10-01 06:53:08,196 - INFO - Generating embeddings on cpu...
2025-10-01 06:54:13,698 - INFO - Embeddings generated successfully
2025-10-01 06:54:13,996 - INFO - Completed annotation batch 360 in 65.8s (120 results)
2025-10-01 06:54:13,996 - INFO - Annotation Progress: 4320/5000 sequences (86.4%) | Elapsed: 41416.7s | ETA: 6519.3s
2025-10-01 06:54:13,996 - INFO - Starting annotation batch 361: sequences 4321-4332
2025-10-01 06:54:13,996 - INFO - Processing batch of 12 sequences with ESM2 batch embedding
2025-10-01 06:54:13,996 - INFO - Tokenizing 12 sequences...
2025-10-01 06:54:14,005 - INFO - Moving batch to device: cpu
2025-10-01 06:54:14,006 - INFO - Generating embeddings on cpu...
2025-10-01 06:56:43,246 - INFO - Embeddings generated successfully
2025-10-01 06:56:43,551 - INFO - Completed annotation batch 361 in 149.6s (120 results)
2025-10-01 06:56:43,551 - INFO - Annotation Progress: 4332/5000 sequences (86.6%) | Elapsed: 41566.2s | ETA: 6409.6s
2025-10-01 06:56:43,551 - INFO - Starting annotation batch 362: sequences 4333-4344
2025-10-01 06:56:43,551 - INFO - Processing batch of 12 sequences with ESM2 batch embedding
2025-10-01 06:56:43,551 - INFO - Tokenizing 12 sequences...
2025-10-01 06:56:43,556 - INFO - Moving batch to device: cpu
2025-10-01 06:56:43,556 - INFO - Generating embeddings on cpu...
2025-10-01 06:58:00,958 - INFO - Embeddings generated successfully
2025-10-01 06:58:01,253 - INFO - Completed annotation batch 362 in 77.7s (120 results)
2025-10-01 06:58:01,253 - INFO - Annotation Progress: 4344/5000 sequences (86.9%) | Elapsed: 41643.9s | ETA: 6288.8s
2025-10-01 06:58:01,253 - INFO - Starting annotation batch 363: sequences 4345-4356
2025-10-01 06:58:01,253 - INFO - Processing batch of 12 sequences with ESM2 batch embedding
2025-10-01 06:58:01,254 - INFO - Tokenizing 12 sequences...
2025-10-01 06:58:01,260 - INFO - Moving batch to device: cpu
2025-10-01 06:58:01,261 - INFO - Generating embeddings on cpu...
2025-10-01 07:00:16,439 - INFO - Embeddings generated successfully
2025-10-01 07:00:16,742 - INFO - Completed annotation batch 363 in 135.5s (120 results)
2025-10-01 07:00:16,743 - INFO - Annotation Progress: 4356/5000 sequences (87.1%) | Elapsed: 41779.4s | ETA: 6176.8s
2025-10-01 07:00:16,743 - INFO - Starting annotation batch 364: sequences 4357-4368
2025-10-01 07:00:16,743 - INFO - Processing batch of 12 sequences with ESM2 batch embedding
2025-10-01 07:00:16,743 - INFO - Tokenizing 12 sequences...
2025-10-01 07:00:16,747 - INFO - Moving batch to device: cpu
2025-10-01 07:00:16,747 - INFO - Generating embeddings on cpu...
2025-10-01 07:01:12,068 - INFO - Embeddings generated successfully
2025-10-01 07:01:12,367 - INFO - Completed annotation batch 364 in 55.6s (120 results)
2025-10-01 07:01:12,367 - INFO - Annotation Progress: 4368/5000 sequences (87.4%) | Elapsed: 41835.0s | ETA: 6053.1s
2025-10-01 07:01:12,367 - INFO - Starting annotation batch 365: sequences 4369-4380
2025-10-01 07:01:12,367 - INFO - Processing batch of 12 sequences with ESM2 batch embedding
2025-10-01 07:01:12,367 - INFO - Tokenizing 12 sequences...
2025-10-01 07:01:12,371 - INFO - Moving batch to device: cpu
2025-10-01 07:01:12,371 - INFO - Generating embeddings on cpu...
2025-10-01 07:02:20,075 - INFO - Embeddings generated successfully
2025-10-01 07:02:20,381 - INFO - Completed annotation batch 365 in 68.0s (120 results)
2025-10-01 07:02:20,381 - INFO - Annotation Progress: 4380/5000 sequences (87.6%) | Elapsed: 41903.1s | ETA: 5931.5s
2025-10-01 07:02:20,381 - INFO - Starting annotation batch 366: sequences 4381-4392
2025-10-01 07:02:20,381 - INFO - Processing batch of 12 sequences with ESM2 batch embedding
2025-10-01 07:02:20,381 - INFO - Tokenizing 12 sequences...
2025-10-01 07:02:20,385 - INFO - Moving batch to device: cpu
2025-10-01 07:02:20,386 - INFO - Generating embeddings on cpu...
2025-10-01 07:03:46,316 - INFO - Embeddings generated successfully
2025-10-01 07:03:46,609 - INFO - Completed annotation batch 366 in 86.2s (120 results)
2025-10-01 07:03:46,610 - INFO - Annotation Progress: 4392/5000 sequences (87.8%) | Elapsed: 41989.3s | ETA: 5812.7s
2025-10-01 07:03:46,610 - INFO - Starting annotation batch 367: sequences 4393-4404
2025-10-01 07:03:46,610 - INFO - Processing batch of 12 sequences with ESM2 batch embedding
2025-10-01 07:03:46,610 - INFO - Tokenizing 12 sequences...
2025-10-01 07:03:46,618 - INFO - Moving batch to device: cpu
2025-10-01 07:03:46,618 - INFO - Generating embeddings on cpu...
2025-10-01 07:06:15,312 - INFO - Embeddings generated successfully
2025-10-01 07:06:15,626 - INFO - Completed annotation batch 367 in 149.0s (120 results)
2025-10-01 07:06:15,626 - INFO - Annotation Progress: 4404/5000 sequences (88.1%) | Elapsed: 42138.3s | ETA: 5702.6s
2025-10-01 07:06:15,626 - INFO - Starting annotation batch 368: sequences 4405-4416
2025-10-01 07:06:15,626 - INFO - Processing batch of 12 sequences with ESM2 batch embedding
2025-10-01 07:06:15,626 - INFO - Tokenizing 12 sequences...
2025-10-01 07:06:15,633 - INFO - Moving batch to device: cpu
2025-10-01 07:06:15,633 - INFO - Generating embeddings on cpu...
2025-10-01 07:08:44,315 - INFO - Embeddings generated successfully
2025-10-01 07:08:44,611 - INFO - Completed annotation batch 368 in 149.0s (120 results)
2025-10-01 07:08:44,611 - INFO - Annotation Progress: 4416/5000 sequences (88.3%) | Elapsed: 42287.3s | ETA: 5592.3s
2025-10-01 07:08:44,611 - INFO - Starting annotation batch 369: sequences 4417-4428
2025-10-01 07:08:44,611 - INFO - Processing batch of 12 sequences with ESM2 batch embedding
2025-10-01 07:08:44,611 - INFO - Tokenizing 12 sequences...
2025-10-01 07:08:44,616 - INFO - Moving batch to device: cpu
2025-10-01 07:08:44,616 - INFO - Generating embeddings on cpu...
2025-10-01 07:10:11,930 - INFO - Embeddings generated successfully
2025-10-01 07:10:12,222 - INFO - Completed annotation batch 369 in 87.6s (120 results)
2025-10-01 07:10:12,222 - INFO - Annotation Progress: 4428/5000 sequences (88.6%) | Elapsed: 42374.9s | ETA: 5473.9s
2025-10-01 07:10:12,223 - INFO - Starting annotation batch 370: sequences 4429-4440
2025-10-01 07:10:12,223 - INFO - Processing batch of 12 sequences with ESM2 batch embedding
2025-10-01 07:10:12,223 - INFO - Tokenizing 12 sequences...
2025-10-01 07:10:12,230 - INFO - Moving batch to device: cpu
2025-10-01 07:10:12,231 - INFO - Generating embeddings on cpu...
2025-10-01 07:12:34,740 - INFO - Embeddings generated successfully
2025-10-01 07:12:35,060 - INFO - Completed annotation batch 370 in 142.8s (120 results)
2025-10-01 07:12:35,060 - INFO - Annotation Progress: 4440/5000 sequences (88.8%) | Elapsed: 42517.7s | ETA: 5362.6s
2025-10-01 07:12:35,060 - INFO - Starting annotation batch 371: sequences 4441-4452
2025-10-01 07:12:35,060 - INFO - Processing batch of 12 sequences with ESM2 batch embedding
2025-10-01 07:12:35,060 - INFO - Tokenizing 12 sequences...
2025-10-01 07:12:35,070 - INFO - Moving batch to device: cpu
2025-10-01 07:12:35,070 - INFO - Generating embeddings on cpu...
2025-10-01 07:15:03,882 - INFO - Embeddings generated successfully
2025-10-01 07:15:04,187 - INFO - Completed annotation batch 371 in 149.1s (120 results)
2025-10-01 07:15:04,187 - INFO - Annotation Progress: 4452/5000 sequences (89.0%) | Elapsed: 42666.9s | ETA: 5251.9s
2025-10-01 07:15:04,187 - INFO - Starting annotation batch 372: sequences 4453-4464
2025-10-01 07:15:04,187 - INFO - Processing batch of 12 sequences with ESM2 batch embedding
2025-10-01 07:15:04,187 - INFO - Tokenizing 12 sequences...
2025-10-01 07:15:04,193 - INFO - Moving batch to device: cpu
2025-10-01 07:15:04,193 - INFO - Generating embeddings on cpu...
2025-10-01 07:16:51,841 - INFO - Embeddings generated successfully
2025-10-01 07:16:52,144 - INFO - Completed annotation batch 372 in 108.0s (120 results)
2025-10-01 07:16:52,145 - INFO - Annotation Progress: 4464/5000 sequences (89.3%) | Elapsed: 42774.8s | ETA: 5136.0s
2025-10-01 07:16:52,145 - INFO - Starting annotation batch 373: sequences 4465-4476
2025-10-01 07:16:52,145 - INFO - Processing batch of 12 sequences with ESM2 batch embedding
2025-10-01 07:16:52,145 - INFO - Tokenizing 12 sequences...
2025-10-01 07:16:52,151 - INFO - Moving batch to device: cpu
2025-10-01 07:16:52,152 - INFO - Generating embeddings on cpu...
2025-10-01 07:19:02,839 - INFO - Embeddings generated successfully
2025-10-01 07:19:03,141 - INFO - Completed annotation batch 373 in 131.0s (120 results)
2025-10-01 07:19:03,141 - INFO - Annotation Progress: 4476/5000 sequences (89.5%) | Elapsed: 42905.8s | ETA: 5022.9s
2025-10-01 07:19:03,141 - INFO - Starting annotation batch 374: sequences 4477-4488
2025-10-01 07:19:03,141 - INFO - Processing batch of 12 sequences with ESM2 batch embedding
2025-10-01 07:19:03,141 - INFO - Tokenizing 12 sequences...
2025-10-01 07:19:03,150 - INFO - Moving batch to device: cpu
2025-10-01 07:19:03,150 - INFO - Generating embeddings on cpu...
2025-10-01 07:21:32,088 - INFO - Embeddings generated successfully
2025-10-01 07:21:32,387 - INFO - Completed annotation batch 374 in 149.2s (120 results)
2025-10-01 07:21:32,387 - INFO - Annotation Progress: 4488/5000 sequences (89.8%) | Elapsed: 43055.1s | ETA: 4911.8s
2025-10-01 07:21:32,387 - INFO - Starting annotation batch 375: sequences 4489-4500
2025-10-01 07:21:32,387 - INFO - Processing batch of 12 sequences with ESM2 batch embedding
2025-10-01 07:21:32,387 - INFO - Tokenizing 12 sequences...
2025-10-01 07:21:32,394 - INFO - Moving batch to device: cpu
2025-10-01 07:21:32,394 - INFO - Generating embeddings on cpu...
2025-10-01 07:23:49,652 - INFO - Embeddings generated successfully
2025-10-01 07:23:50,044 - INFO - Completed annotation batch 375 in 137.7s (120 results)
2025-10-01 07:23:50,044 - INFO - Annotation Progress: 4500/5000 sequences (90.0%) | Elapsed: 43192.7s | ETA: 4799.2s
2025-10-01 07:23:50,044 - INFO - Starting annotation batch 376: sequences 4501-4512
2025-10-01 07:23:50,044 - INFO - Processing batch of 12 sequences with ESM2 batch embedding
2025-10-01 07:23:50,044 - INFO - Tokenizing 12 sequences...
2025-10-01 07:23:50,051 - INFO - Moving batch to device: cpu
2025-10-01 07:23:50,052 - INFO - Generating embeddings on cpu...
2025-10-01 07:26:18,841 - INFO - Embeddings generated successfully
2025-10-01 07:26:19,147 - INFO - Completed annotation batch 376 in 149.1s (120 results)
2025-10-01 07:26:19,148 - INFO - Annotation Progress: 4512/5000 sequences (90.2%) | Elapsed: 43341.8s | ETA: 4687.7s
2025-10-01 07:26:19,148 - INFO - Starting annotation batch 377: sequences 4513-4524
2025-10-01 07:26:19,148 - INFO - Processing batch of 12 sequences with ESM2 batch embedding
2025-10-01 07:26:19,148 - INFO - Tokenizing 12 sequences...
2025-10-01 07:26:19,152 - INFO - Moving batch to device: cpu
2025-10-01 07:26:19,152 - INFO - Generating embeddings on cpu...
2025-10-01 07:27:19,532 - INFO - Embeddings generated successfully
2025-10-01 07:27:19,828 - INFO - Completed annotation batch 377 in 60.7s (120 results)
2025-10-01 07:27:19,829 - INFO - Annotation Progress: 4524/5000 sequences (90.5%) | Elapsed: 43402.5s | ETA: 4566.7s
2025-10-01 07:27:19,829 - INFO - Starting annotation batch 378: sequences 4525-4536
2025-10-01 07:27:19,829 - INFO - Processing batch of 12 sequences with ESM2 batch embedding
2025-10-01 07:27:19,829 - INFO - Tokenizing 12 sequences...
2025-10-01 07:27:19,835 - INFO - Moving batch to device: cpu
2025-10-01 07:27:19,835 - INFO - Generating embeddings on cpu...
2025-10-01 07:29:48,576 - INFO - Embeddings generated successfully
2025-10-01 07:29:48,880 - INFO - Completed annotation batch 378 in 149.1s (120 results)
2025-10-01 07:29:48,880 - INFO - Annotation Progress: 4536/5000 sequences (90.7%) | Elapsed: 43551.6s | ETA: 4455.0s
2025-10-01 07:29:48,880 - INFO - Starting annotation batch 379: sequences 4537-4548
2025-10-01 07:29:48,880 - INFO - Processing batch of 12 sequences with ESM2 batch embedding
2025-10-01 07:29:48,880 - INFO - Tokenizing 12 sequences...
2025-10-01 07:29:48,888 - INFO - Moving batch to device: cpu
2025-10-01 07:29:48,888 - INFO - Generating embeddings on cpu...
2025-10-01 07:32:17,251 - INFO - Embeddings generated successfully
2025-10-01 07:32:17,554 - INFO - Completed annotation batch 379 in 148.7s (120 results)
2025-10-01 07:32:17,554 - INFO - Annotation Progress: 4548/5000 sequences (91.0%) | Elapsed: 43700.2s | ETA: 4343.1s
2025-10-01 07:32:17,554 - INFO - Starting annotation batch 380: sequences 4549-4560
2025-10-01 07:32:17,554 - INFO - Processing batch of 12 sequences with ESM2 batch embedding
2025-10-01 07:32:17,554 - INFO - Tokenizing 12 sequences...
2025-10-01 07:32:17,560 - INFO - Moving batch to device: cpu
2025-10-01 07:32:17,561 - INFO - Generating embeddings on cpu...
2025-10-01 07:34:46,598 - INFO - Embeddings generated successfully
2025-10-01 07:34:46,910 - INFO - Completed annotation batch 380 in 149.4s (120 results)
2025-10-01 07:34:46,910 - INFO - Annotation Progress: 4560/5000 sequences (91.2%) | Elapsed: 43849.6s | ETA: 4231.1s
2025-10-01 07:34:46,910 - INFO - Starting annotation batch 381: sequences 4561-4572
2025-10-01 07:34:46,910 - INFO - Processing batch of 12 sequences with ESM2 batch embedding
2025-10-01 07:34:46,910 - INFO - Tokenizing 12 sequences...
2025-10-01 07:34:46,918 - INFO - Moving batch to device: cpu
2025-10-01 07:34:46,919 - INFO - Generating embeddings on cpu...
2025-10-01 07:37:15,441 - INFO - Embeddings generated successfully
2025-10-01 07:37:15,741 - INFO - Completed annotation batch 381 in 148.8s (120 results)
2025-10-01 07:37:15,741 - INFO - Annotation Progress: 4572/5000 sequences (91.4%) | Elapsed: 43998.4s | ETA: 4118.8s
2025-10-01 07:37:15,741 - INFO - Starting annotation batch 382: sequences 4573-4584
2025-10-01 07:37:15,741 - INFO - Processing batch of 12 sequences with ESM2 batch embedding
2025-10-01 07:37:15,741 - INFO - Tokenizing 12 sequences...
2025-10-01 07:37:15,746 - INFO - Moving batch to device: cpu
2025-10-01 07:37:15,747 - INFO - Generating embeddings on cpu...
2025-10-01 07:39:03,610 - INFO - Embeddings generated successfully
2025-10-01 07:39:03,910 - INFO - Completed annotation batch 382 in 108.2s (120 results)
2025-10-01 07:39:03,910 - INFO - Annotation Progress: 4584/5000 sequences (91.7%) | Elapsed: 44106.6s | ETA: 4002.7s
2025-10-01 07:39:03,910 - INFO - Starting annotation batch 383: sequences 4585-4596
2025-10-01 07:39:03,910 - INFO - Processing batch of 12 sequences with ESM2 batch embedding
2025-10-01 07:39:03,910 - INFO - Tokenizing 12 sequences...
2025-10-01 07:39:03,914 - INFO - Moving batch to device: cpu
2025-10-01 07:39:03,915 - INFO - Generating embeddings on cpu...
2025-10-01 07:40:20,901 - INFO - Embeddings generated successfully
2025-10-01 07:40:21,194 - INFO - Completed annotation batch 383 in 77.3s (120 results)
2025-10-01 07:40:21,194 - INFO - Annotation Progress: 4596/5000 sequences (91.9%) | Elapsed: 44183.9s | ETA: 3883.9s
2025-10-01 07:40:21,194 - INFO - Starting annotation batch 384: sequences 4597-4608
2025-10-01 07:40:21,194 - INFO - Processing batch of 12 sequences with ESM2 batch embedding
2025-10-01 07:40:21,194 - INFO - Tokenizing 12 sequences...
2025-10-01 07:40:21,200 - INFO - Moving batch to device: cpu
2025-10-01 07:40:21,200 - INFO - Generating embeddings on cpu...
2025-10-01 07:42:13,701 - INFO - Embeddings generated successfully
2025-10-01 07:42:14,005 - INFO - Completed annotation batch 384 in 112.8s (120 results)
2025-10-01 07:42:14,005 - INFO - Annotation Progress: 4608/5000 sequences (92.2%) | Elapsed: 44296.7s | ETA: 3768.3s
2025-10-01 07:42:14,005 - INFO - Starting annotation batch 385: sequences 4609-4620
2025-10-01 07:42:14,005 - INFO - Processing batch of 12 sequences with ESM2 batch embedding
2025-10-01 07:42:14,006 - INFO - Tokenizing 12 sequences...
2025-10-01 07:42:14,012 - INFO - Moving batch to device: cpu
2025-10-01 07:42:14,012 - INFO - Generating embeddings on cpu...
2025-10-01 07:43:58,648 - INFO - Embeddings generated successfully
2025-10-01 07:43:58,949 - INFO - Completed annotation batch 385 in 104.9s (120 results)
2025-10-01 07:43:58,949 - INFO - Annotation Progress: 4620/5000 sequences (92.4%) | Elapsed: 44401.6s | ETA: 3652.1s
2025-10-01 07:43:58,949 - INFO - Starting annotation batch 386: sequences 4621-4632
2025-10-01 07:43:58,949 - INFO - Processing batch of 12 sequences with ESM2 batch embedding
2025-10-01 07:43:58,949 - INFO - Tokenizing 12 sequences...
2025-10-01 07:43:58,956 - INFO - Moving batch to device: cpu
2025-10-01 07:43:58,956 - INFO - Generating embeddings on cpu...
2025-10-01 07:45:53,173 - INFO - Embeddings generated successfully
2025-10-01 07:45:53,473 - INFO - Completed annotation batch 386 in 114.5s (120 results)
2025-10-01 07:45:53,474 - INFO - Annotation Progress: 4632/5000 sequences (92.6%) | Elapsed: 44516.1s | ETA: 3536.7s
2025-10-01 07:45:53,474 - INFO - Starting annotation batch 387: sequences 4633-4644
2025-10-01 07:45:53,474 - INFO - Processing batch of 12 sequences with ESM2 batch embedding
2025-10-01 07:45:53,474 - INFO - Tokenizing 12 sequences...
2025-10-01 07:45:53,482 - INFO - Moving batch to device: cpu
2025-10-01 07:45:53,482 - INFO - Generating embeddings on cpu...
2025-10-01 07:48:21,945 - INFO - Embeddings generated successfully
2025-10-01 07:48:22,248 - INFO - Completed annotation batch 387 in 148.8s (120 results)
2025-10-01 07:48:22,248 - INFO - Annotation Progress: 4644/5000 sequences (92.9%) | Elapsed: 44664.9s | ETA: 3423.9s
2025-10-01 07:48:22,248 - INFO - Starting annotation batch 388: sequences 4645-4656
2025-10-01 07:48:22,248 - INFO - Processing batch of 12 sequences with ESM2 batch embedding
2025-10-01 07:48:22,249 - INFO - Tokenizing 12 sequences...
2025-10-01 07:48:22,256 - INFO - Moving batch to device: cpu
2025-10-01 07:48:22,256 - INFO - Generating embeddings on cpu...
2025-10-01 07:50:50,887 - INFO - Embeddings generated successfully
2025-10-01 07:50:51,202 - INFO - Completed annotation batch 388 in 149.0s (120 results)
2025-10-01 07:50:51,203 - INFO - Annotation Progress: 4656/5000 sequences (93.1%) | Elapsed: 44813.9s | ETA: 3311.0s
2025-10-01 07:50:51,203 - INFO - Starting annotation batch 389: sequences 4657-4668
2025-10-01 07:50:51,203 - INFO - Processing batch of 12 sequences with ESM2 batch embedding
2025-10-01 07:50:51,203 - INFO - Tokenizing 12 sequences...
2025-10-01 07:50:51,210 - INFO - Moving batch to device: cpu
2025-10-01 07:50:51,211 - INFO - Generating embeddings on cpu...
2025-10-01 07:53:19,864 - INFO - Embeddings generated successfully
2025-10-01 07:53:20,161 - INFO - Completed annotation batch 389 in 149.0s (120 results)
2025-10-01 07:53:20,161 - INFO - Annotation Progress: 4668/5000 sequences (93.4%) | Elapsed: 44962.8s | ETA: 3197.9s
2025-10-01 07:53:20,161 - INFO - Starting annotation batch 390: sequences 4669-4680
2025-10-01 07:53:20,161 - INFO - Processing batch of 12 sequences with ESM2 batch embedding
2025-10-01 07:53:20,161 - INFO - Tokenizing 12 sequences...
2025-10-01 07:53:20,168 - INFO - Moving batch to device: cpu
2025-10-01 07:53:20,168 - INFO - Generating embeddings on cpu...
2025-10-01 07:55:49,127 - INFO - Embeddings generated successfully
2025-10-01 07:55:49,432 - INFO - Completed annotation batch 390 in 149.3s (120 results)
2025-10-01 07:55:49,432 - INFO - Annotation Progress: 4680/5000 sequences (93.6%) | Elapsed: 45112.1s | ETA: 3084.6s
2025-10-01 07:55:49,432 - INFO - Starting annotation batch 391: sequences 4681-4692
2025-10-01 07:55:49,432 - INFO - Processing batch of 12 sequences with ESM2 batch embedding
2025-10-01 07:55:49,432 - INFO - Tokenizing 12 sequences...
2025-10-01 07:55:49,438 - INFO - Moving batch to device: cpu
2025-10-01 07:55:49,438 - INFO - Generating embeddings on cpu...
2025-10-01 07:57:30,036 - INFO - Embeddings generated successfully
2025-10-01 07:57:30,335 - INFO - Completed annotation batch 391 in 100.9s (120 results)
2025-10-01 07:57:30,335 - INFO - Annotation Progress: 4692/5000 sequences (93.8%) | Elapsed: 45213.0s | ETA: 2967.9s
2025-10-01 07:57:30,335 - INFO - Starting annotation batch 392: sequences 4693-4704
2025-10-01 07:57:30,335 - INFO - Processing batch of 12 sequences with ESM2 batch embedding
2025-10-01 07:57:30,335 - INFO - Tokenizing 12 sequences...
2025-10-01 07:57:30,341 - INFO - Moving batch to device: cpu
2025-10-01 07:57:30,341 - INFO - Generating embeddings on cpu...
2025-10-01 07:59:21,417 - INFO - Embeddings generated successfully
2025-10-01 07:59:21,719 - INFO - Completed annotation batch 392 in 111.4s (120 results)
2025-10-01 07:59:21,719 - INFO - Annotation Progress: 4704/5000 sequences (94.1%) | Elapsed: 45324.4s | ETA: 2852.0s
2025-10-01 07:59:21,720 - INFO - Starting annotation batch 393: sequences 4705-4716
2025-10-01 07:59:21,720 - INFO - Processing batch of 12 sequences with ESM2 batch embedding
2025-10-01 07:59:21,720 - INFO - Tokenizing 12 sequences...
2025-10-01 07:59:21,725 - INFO - Moving batch to device: cpu
2025-10-01 07:59:21,725 - INFO - Generating embeddings on cpu...
2025-10-01 08:00:44,052 - INFO - Embeddings generated successfully
2025-10-01 08:00:44,360 - INFO - Completed annotation batch 393 in 82.6s (120 results)
2025-10-01 08:00:44,360 - INFO - Annotation Progress: 4716/5000 sequences (94.3%) | Elapsed: 45407.0s | ETA: 2734.4s
2025-10-01 08:00:44,360 - INFO - Starting annotation batch 394: sequences 4717-4728
2025-10-01 08:00:44,360 - INFO - Processing batch of 12 sequences with ESM2 batch embedding
2025-10-01 08:00:44,360 - INFO - Tokenizing 12 sequences...
2025-10-01 08:00:44,366 - INFO - Moving batch to device: cpu
2025-10-01 08:00:44,366 - INFO - Generating embeddings on cpu...
2025-10-01 08:02:19,892 - INFO - Embeddings generated successfully
2025-10-01 08:02:20,202 - INFO - Completed annotation batch 394 in 95.8s (120 results)
2025-10-01 08:02:20,202 - INFO - Annotation Progress: 4728/5000 sequences (94.6%) | Elapsed: 45502.9s | ETA: 2617.8s
2025-10-01 08:02:20,202 - INFO - Starting annotation batch 395: sequences 4729-4740
2025-10-01 08:02:20,202 - INFO - Processing batch of 12 sequences with ESM2 batch embedding
2025-10-01 08:02:20,202 - INFO - Tokenizing 12 sequences...
2025-10-01 08:02:20,208 - INFO - Moving batch to device: cpu
2025-10-01 08:02:20,208 - INFO - Generating embeddings on cpu...
2025-10-01 08:04:48,567 - INFO - Embeddings generated successfully
2025-10-01 08:04:48,968 - INFO - Completed annotation batch 395 in 148.8s (120 results)
2025-10-01 08:04:48,968 - INFO - Annotation Progress: 4740/5000 sequences (94.8%) | Elapsed: 45651.6s | ETA: 2504.1s
2025-10-01 08:04:48,968 - INFO - Starting annotation batch 396: sequences 4741-4752
2025-10-01 08:04:48,968 - INFO - Processing batch of 12 sequences with ESM2 batch embedding
2025-10-01 08:04:48,968 - INFO - Tokenizing 12 sequences...
2025-10-01 08:04:48,974 - INFO - Moving batch to device: cpu
2025-10-01 08:04:48,974 - INFO - Generating embeddings on cpu...
2025-10-01 08:06:55,483 - INFO - Embeddings generated successfully
2025-10-01 08:06:55,788 - INFO - Completed annotation batch 396 in 126.8s (120 results)
2025-10-01 08:06:55,788 - INFO - Annotation Progress: 4752/5000 sequences (95.0%) | Elapsed: 45778.5s | ETA: 2389.1s
2025-10-01 08:06:55,788 - INFO - Starting annotation batch 397: sequences 4753-4764
2025-10-01 08:06:55,788 - INFO - Processing batch of 12 sequences with ESM2 batch embedding
2025-10-01 08:06:55,788 - INFO - Tokenizing 12 sequences...
2025-10-01 08:06:55,794 - INFO - Moving batch to device: cpu
2025-10-01 08:06:55,794 - INFO - Generating embeddings on cpu...
2025-10-01 08:09:00,911 - INFO - Embeddings generated successfully
2025-10-01 08:09:01,214 - INFO - Completed annotation batch 397 in 125.4s (120 results)
2025-10-01 08:09:01,214 - INFO - Annotation Progress: 4764/5000 sequences (95.3%) | Elapsed: 45903.9s | ETA: 2274.0s
2025-10-01 08:09:01,214 - INFO - Starting annotation batch 398: sequences 4765-4776
2025-10-01 08:09:01,214 - INFO - Processing batch of 12 sequences with ESM2 batch embedding
2025-10-01 08:09:01,214 - INFO - Tokenizing 12 sequences...
2025-10-01 08:09:01,221 - INFO - Moving batch to device: cpu
2025-10-01 08:09:01,221 - INFO - Generating embeddings on cpu...
2025-10-01 08:11:30,459 - INFO - Embeddings generated successfully
2025-10-01 08:11:30,759 - INFO - Completed annotation batch 398 in 149.5s (120 results)
2025-10-01 08:11:30,760 - INFO - Annotation Progress: 4776/5000 sequences (95.5%) | Elapsed: 46053.4s | ETA: 2160.0s
2025-10-01 08:11:30,760 - INFO - Starting annotation batch 399: sequences 4777-4788
2025-10-01 08:11:30,760 - INFO - Processing batch of 12 sequences with ESM2 batch embedding
2025-10-01 08:11:30,760 - INFO - Tokenizing 12 sequences...
2025-10-01 08:11:30,765 - INFO - Moving batch to device: cpu
2025-10-01 08:11:30,765 - INFO - Generating embeddings on cpu...
2025-10-01 08:13:08,111 - INFO - Embeddings generated successfully
2025-10-01 08:13:08,418 - INFO - Completed annotation batch 399 in 97.7s (120 results)
2025-10-01 08:13:08,418 - INFO - Annotation Progress: 4788/5000 sequences (95.8%) | Elapsed: 46151.1s | ETA: 2043.4s
2025-10-01 08:13:08,418 - INFO - Starting annotation batch 400: sequences 4789-4800
2025-10-01 08:13:08,418 - INFO - Processing batch of 12 sequences with ESM2 batch embedding
2025-10-01 08:13:08,418 - INFO - Tokenizing 12 sequences...
2025-10-01 08:13:08,425 - INFO - Moving batch to device: cpu
2025-10-01 08:13:08,425 - INFO - Generating embeddings on cpu...
2025-10-01 08:15:12,230 - INFO - Embeddings generated successfully
2025-10-01 08:15:12,532 - INFO - Completed annotation batch 400 in 124.1s (120 results)
2025-10-01 08:15:12,532 - INFO - Annotation Progress: 4800/5000 sequences (96.0%) | Elapsed: 46275.2s | ETA: 1928.1s
2025-10-01 08:15:12,532 - INFO - Starting annotation batch 401: sequences 4801-4812
2025-10-01 08:15:12,532 - INFO - Processing batch of 12 sequences with ESM2 batch embedding
2025-10-01 08:15:12,533 - INFO - Tokenizing 12 sequences...
2025-10-01 08:15:12,542 - INFO - Moving batch to device: cpu
2025-10-01 08:15:12,542 - INFO - Generating embeddings on cpu...
2025-10-01 08:17:40,742 - INFO - Embeddings generated successfully
2025-10-01 08:17:41,054 - INFO - Completed annotation batch 401 in 148.5s (120 results)
2025-10-01 08:17:41,054 - INFO - Annotation Progress: 4812/5000 sequences (96.2%) | Elapsed: 46423.7s | ETA: 1813.7s
2025-10-01 08:17:41,054 - INFO - Starting annotation batch 402: sequences 4813-4824
2025-10-01 08:17:41,054 - INFO - Processing batch of 12 sequences with ESM2 batch embedding
2025-10-01 08:17:41,054 - INFO - Tokenizing 12 sequences...
2025-10-01 08:17:41,061 - INFO - Moving batch to device: cpu
2025-10-01 08:17:41,062 - INFO - Generating embeddings on cpu...
2025-10-01 08:19:58,674 - INFO - Embeddings generated successfully
2025-10-01 08:19:58,979 - INFO - Completed annotation batch 402 in 137.9s (120 results)
2025-10-01 08:19:58,979 - INFO - Annotation Progress: 4824/5000 sequences (96.5%) | Elapsed: 46561.7s | ETA: 1698.8s
2025-10-01 08:19:58,980 - INFO - Starting annotation batch 403: sequences 4825-4836
2025-10-01 08:19:58,980 - INFO - Processing batch of 12 sequences with ESM2 batch embedding
2025-10-01 08:19:58,980 - INFO - Tokenizing 12 sequences...
2025-10-01 08:19:58,985 - INFO - Moving batch to device: cpu
2025-10-01 08:19:58,985 - INFO - Generating embeddings on cpu...
2025-10-01 08:21:44,990 - INFO - Embeddings generated successfully
2025-10-01 08:21:45,297 - INFO - Completed annotation batch 403 in 106.3s (120 results)
2025-10-01 08:21:45,297 - INFO - Annotation Progress: 4836/5000 sequences (96.7%) | Elapsed: 46668.0s | ETA: 1582.6s
2025-10-01 08:21:45,297 - INFO - Starting annotation batch 404: sequences 4837-4848
2025-10-01 08:21:45,297 - INFO - Processing batch of 12 sequences with ESM2 batch embedding
2025-10-01 08:21:45,297 - INFO - Tokenizing 12 sequences...
2025-10-01 08:21:45,303 - INFO - Moving batch to device: cpu
2025-10-01 08:21:45,303 - INFO - Generating embeddings on cpu...
2025-10-01 08:24:04,614 - INFO - Embeddings generated successfully
2025-10-01 08:24:04,915 - INFO - Completed annotation batch 404 in 139.6s (120 results)
2025-10-01 08:24:04,915 - INFO - Annotation Progress: 4848/5000 sequences (97.0%) | Elapsed: 46807.6s | ETA: 1467.6s
2025-10-01 08:24:04,915 - INFO - Starting annotation batch 405: sequences 4849-4860
2025-10-01 08:24:04,915 - INFO - Processing batch of 12 sequences with ESM2 batch embedding
2025-10-01 08:24:04,916 - INFO - Tokenizing 12 sequences...
2025-10-01 08:24:04,921 - INFO - Moving batch to device: cpu
2025-10-01 08:24:04,921 - INFO - Generating embeddings on cpu...
2025-10-01 08:25:37,399 - INFO - Embeddings generated successfully
2025-10-01 08:25:37,706 - INFO - Completed annotation batch 405 in 92.8s (120 results)
2025-10-01 08:25:37,706 - INFO - Annotation Progress: 4860/5000 sequences (97.2%) | Elapsed: 46900.4s | ETA: 1351.0s
2025-10-01 08:25:37,706 - INFO - Starting annotation batch 406: sequences 4861-4872
2025-10-01 08:25:37,706 - INFO - Processing batch of 12 sequences with ESM2 batch embedding
2025-10-01 08:25:37,706 - INFO - Tokenizing 12 sequences...
2025-10-01 08:25:37,713 - INFO - Moving batch to device: cpu
2025-10-01 08:25:37,713 - INFO - Generating embeddings on cpu...
2025-10-01 08:28:06,096 - INFO - Embeddings generated successfully
2025-10-01 08:28:06,401 - INFO - Completed annotation batch 406 in 148.7s (120 results)
2025-10-01 08:28:06,402 - INFO - Annotation Progress: 4872/5000 sequences (97.4%) | Elapsed: 47049.1s | ETA: 1236.1s
2025-10-01 08:28:06,402 - INFO - Starting annotation batch 407: sequences 4873-4884
2025-10-01 08:28:06,402 - INFO - Processing batch of 12 sequences with ESM2 batch embedding
2025-10-01 08:28:06,402 - INFO - Tokenizing 12 sequences...
2025-10-01 08:28:06,408 - INFO - Moving batch to device: cpu
2025-10-01 08:28:06,408 - INFO - Generating embeddings on cpu...
2025-10-01 08:30:35,712 - INFO - Embeddings generated successfully
2025-10-01 08:30:36,010 - INFO - Completed annotation batch 407 in 149.6s (120 results)
2025-10-01 08:30:36,010 - INFO - Annotation Progress: 4884/5000 sequences (97.7%) | Elapsed: 47198.7s | ETA: 1121.0s
2025-10-01 08:30:36,010 - INFO - Starting annotation batch 408: sequences 4885-4896
2025-10-01 08:30:36,010 - INFO - Processing batch of 12 sequences with ESM2 batch embedding
2025-10-01 08:30:36,010 - INFO - Tokenizing 12 sequences...
2025-10-01 08:30:36,016 - INFO - Moving batch to device: cpu
2025-10-01 08:30:36,016 - INFO - Generating embeddings on cpu...
2025-10-01 08:32:53,904 - INFO - Embeddings generated successfully
2025-10-01 08:32:54,207 - INFO - Completed annotation batch 408 in 138.2s (120 results)
2025-10-01 08:32:54,207 - INFO - Annotation Progress: 4896/5000 sequences (97.9%) | Elapsed: 47336.9s | ETA: 1005.5s
2025-10-01 08:32:54,207 - INFO - Starting annotation batch 409: sequences 4897-4908
2025-10-01 08:32:54,207 - INFO - Processing batch of 12 sequences with ESM2 batch embedding
2025-10-01 08:32:54,208 - INFO - Tokenizing 12 sequences...
2025-10-01 08:32:54,214 - INFO - Moving batch to device: cpu
2025-10-01 08:32:54,214 - INFO - Generating embeddings on cpu...
2025-10-01 08:35:23,432 - INFO - Embeddings generated successfully
2025-10-01 08:35:23,735 - INFO - Completed annotation batch 409 in 149.5s (120 results)
2025-10-01 08:35:23,735 - INFO - Annotation Progress: 4908/5000 sequences (98.2%) | Elapsed: 47486.4s | ETA: 890.1s
2025-10-01 08:35:23,735 - INFO - Starting annotation batch 410: sequences 4909-4920
2025-10-01 08:35:23,735 - INFO - Processing batch of 12 sequences with ESM2 batch embedding
2025-10-01 08:35:23,735 - INFO - Tokenizing 12 sequences...
2025-10-01 08:35:23,742 - INFO - Moving batch to device: cpu
2025-10-01 08:35:23,742 - INFO - Generating embeddings on cpu...
2025-10-01 08:37:53,731 - INFO - Embeddings generated successfully
2025-10-01 08:37:54,036 - INFO - Completed annotation batch 410 in 150.3s (120 results)
2025-10-01 08:37:54,037 - INFO - Annotation Progress: 4920/5000 sequences (98.4%) | Elapsed: 47636.7s | ETA: 774.6s
2025-10-01 08:37:54,037 - INFO - Starting annotation batch 411: sequences 4921-4932
2025-10-01 08:37:54,037 - INFO - Processing batch of 12 sequences with ESM2 batch embedding
2025-10-01 08:37:54,037 - INFO - Tokenizing 12 sequences...
2025-10-01 08:37:54,042 - INFO - Moving batch to device: cpu
2025-10-01 08:37:54,042 - INFO - Generating embeddings on cpu...
2025-10-01 08:39:32,058 - INFO - Embeddings generated successfully
2025-10-01 08:39:32,358 - INFO - Completed annotation batch 411 in 98.3s (120 results)
2025-10-01 08:39:32,358 - INFO - Annotation Progress: 4932/5000 sequences (98.6%) | Elapsed: 47735.0s | ETA: 658.1s
2025-10-01 08:39:32,358 - INFO - Starting annotation batch 412: sequences 4933-4944
2025-10-01 08:39:32,358 - INFO - Processing batch of 12 sequences with ESM2 batch embedding
2025-10-01 08:39:32,358 - INFO - Tokenizing 12 sequences...
2025-10-01 08:39:32,364 - INFO - Moving batch to device: cpu
2025-10-01 08:39:32,364 - INFO - Generating embeddings on cpu...
2025-10-01 08:42:00,318 - INFO - Embeddings generated successfully
2025-10-01 08:42:00,612 - INFO - Completed annotation batch 412 in 148.3s (120 results)
2025-10-01 08:42:00,613 - INFO - Annotation Progress: 4944/5000 sequences (98.9%) | Elapsed: 47883.3s | ETA: 542.4s
2025-10-01 08:42:00,613 - INFO - Starting annotation batch 413: sequences 4945-4956
2025-10-01 08:42:00,613 - INFO - Processing batch of 12 sequences with ESM2 batch embedding
2025-10-01 08:42:00,613 - INFO - Tokenizing 12 sequences...
2025-10-01 08:42:00,618 - INFO - Moving batch to device: cpu
2025-10-01 08:42:00,618 - INFO - Generating embeddings on cpu...
2025-10-01 08:43:30,433 - INFO - Embeddings generated successfully
2025-10-01 08:43:30,726 - INFO - Completed annotation batch 413 in 90.1s (120 results)
2025-10-01 08:43:30,726 - INFO - Annotation Progress: 4956/5000 sequences (99.1%) | Elapsed: 47973.4s | ETA: 425.9s
2025-10-01 08:43:30,726 - INFO - Starting annotation batch 414: sequences 4957-4968
2025-10-01 08:43:30,726 - INFO - Processing batch of 12 sequences with ESM2 batch embedding
2025-10-01 08:43:30,726 - INFO - Tokenizing 12 sequences...
2025-10-01 08:43:30,731 - INFO - Moving batch to device: cpu
2025-10-01 08:43:30,731 - INFO - Generating embeddings on cpu...
2025-10-01 08:44:54,690 - INFO - Embeddings generated successfully
2025-10-01 08:44:54,988 - INFO - Completed annotation batch 414 in 84.3s (120 results)
2025-10-01 08:44:54,988 - INFO - Annotation Progress: 4968/5000 sequences (99.4%) | Elapsed: 48057.7s | ETA: 309.6s
2025-10-01 08:44:54,988 - INFO - Starting annotation batch 415: sequences 4969-4980
2025-10-01 08:44:54,989 - INFO - Processing batch of 12 sequences with ESM2 batch embedding
2025-10-01 08:44:54,989 - INFO - Tokenizing 12 sequences...
2025-10-01 08:44:54,995 - INFO - Moving batch to device: cpu
2025-10-01 08:44:54,995 - INFO - Generating embeddings on cpu...
2025-10-01 08:47:23,269 - INFO - Embeddings generated successfully
2025-10-01 08:47:23,575 - INFO - Completed annotation batch 415 in 148.6s (120 results)
2025-10-01 08:47:23,575 - INFO - Annotation Progress: 4980/5000 sequences (99.6%) | Elapsed: 48206.2s | ETA: 193.6s
2025-10-01 08:47:23,575 - INFO - Starting annotation batch 416: sequences 4981-4992
2025-10-01 08:47:23,575 - INFO - Processing batch of 12 sequences with ESM2 batch embedding
2025-10-01 08:47:23,576 - INFO - Tokenizing 12 sequences...
2025-10-01 08:47:23,582 - INFO - Moving batch to device: cpu
2025-10-01 08:47:23,583 - INFO - Generating embeddings on cpu...
2025-10-01 08:49:42,232 - INFO - Embeddings generated successfully
2025-10-01 08:49:42,535 - INFO - Completed annotation batch 416 in 139.0s (120 results)
2025-10-01 08:49:42,535 - INFO - Annotation Progress: 4992/5000 sequences (99.8%) | Elapsed: 48345.2s | ETA: 77.5s
2025-10-01 08:49:42,535 - INFO - Starting annotation batch 417: sequences 4993-5000
2025-10-01 08:49:42,536 - INFO - Processing batch of 8 sequences with ESM2 batch embedding
2025-10-01 08:49:42,536 - INFO - Tokenizing 8 sequences...
2025-10-01 08:49:42,540 - INFO - Moving batch to device: cpu
2025-10-01 08:49:42,540 - INFO - Generating embeddings on cpu...
2025-10-01 08:50:53,035 - INFO - Embeddings generated successfully
2025-10-01 08:50:53,240 - INFO - Completed annotation batch 417 in 70.7s (80 results)
2025-10-01 08:50:53,241 - INFO - Annotation Progress: 5000/5000 sequences (100.0%) | Elapsed: 48415.9s | ETA: 0.0s
2025-10-01 08:50:53,416 - INFO - Results saved to /home/rashedul/project/ProSEC/analysis/similarity_search/GeneAnnotation/uniprot_sprot_40000_esm2_large_results.tsv
2025-10-01 08:50:53,416 - INFO - Annotation Complete: 5000/5000 sequences processed (100.0%)
2025-10-01 08:50:53,416 - INFO - Total processing time: 48416.1s | Average: 9.683s per sequence
2025-10-01 08:50:53,416 - INFO - 
Annotation Summary:
2025-10-01 08:50:53,416 - INFO - Total sequences processed: 5000
2025-10-01 08:50:53,416 - INFO - Successful annotations: 5000
2025-10-01 08:50:53,416 - INFO - Below threshold: 0
2025-10-01 08:50:53,416 - INFO - Failed sequences: 0
2025-10-01 08:50:53,416 - INFO - Empty sequences: 0
2025-10-05 12:47:22,775 - INFO - Loading embedding model: prot_t5
2025-10-05 12:47:22,776 - INFO - Initializing ProtT5Embedder using device: cpu
2025-10-05 12:47:32,343 - INFO - Annotator initialized successfully
2025-10-05 12:47:32,343 - INFO - Starting optimized annotation pipeline...
2025-10-05 12:47:32,360 - INFO - Processing 5000 sequences from data/uniprot_sprot_5000.fasta
2025-10-05 12:47:32,361 - INFO - Starting annotation batch 1: sequences 1-12
2025-10-05 12:47:53,433 - INFO - Completed annotation batch 1 in 21.1s (120 results)
2025-10-05 12:47:53,433 - INFO - Annotation Progress: 12/5000 sequences (0.2%) | Elapsed: 21.1s | ETA: 8766.4s
2025-10-05 12:47:53,433 - INFO - Starting annotation batch 2: sequences 13-24
2025-10-05 12:48:12,777 - INFO - Completed annotation batch 2 in 19.3s (120 results)
2025-10-05 12:48:12,777 - INFO - Annotation Progress: 24/5000 sequences (0.5%) | Elapsed: 40.4s | ETA: 8383.3s
2025-10-05 12:48:12,777 - INFO - Starting annotation batch 3: sequences 25-36
2025-10-05 12:48:40,179 - INFO - Completed annotation batch 3 in 27.4s (120 results)
2025-10-05 12:48:40,179 - INFO - Annotation Progress: 36/5000 sequences (0.7%) | Elapsed: 67.8s | ETA: 9353.8s
2025-10-05 12:48:40,179 - INFO - Starting annotation batch 4: sequences 37-48
2025-10-05 12:49:03,040 - INFO - Completed annotation batch 4 in 22.9s (120 results)
2025-10-05 12:49:03,040 - INFO - Annotation Progress: 48/5000 sequences (1.0%) | Elapsed: 90.7s | ETA: 9356.9s
2025-10-05 12:49:03,040 - INFO - Starting annotation batch 5: sequences 49-60
2025-10-05 12:49:30,793 - INFO - Completed annotation batch 5 in 27.8s (120 results)
2025-10-05 12:49:30,793 - INFO - Annotation Progress: 60/5000 sequences (1.2%) | Elapsed: 118.4s | ETA: 9752.4s
2025-10-05 12:49:30,793 - INFO - Starting annotation batch 6: sequences 61-72
2025-10-05 12:49:53,727 - INFO - Completed annotation batch 6 in 22.9s (120 results)
2025-10-05 12:49:53,727 - INFO - Annotation Progress: 72/5000 sequences (1.4%) | Elapsed: 141.4s | ETA: 9676.9s
2025-10-05 12:49:53,727 - INFO - Starting annotation batch 7: sequences 73-84
2025-10-05 12:50:23,350 - INFO - Completed annotation batch 7 in 29.6s (120 results)
2025-10-05 12:50:23,350 - INFO - Annotation Progress: 84/5000 sequences (1.7%) | Elapsed: 171.0s | ETA: 10008.0s
2025-10-05 12:50:23,351 - INFO - Starting annotation batch 8: sequences 85-96
2025-10-05 12:50:56,208 - INFO - Completed annotation batch 8 in 32.9s (120 results)
2025-10-05 12:50:56,208 - INFO - Annotation Progress: 96/5000 sequences (1.9%) | Elapsed: 203.9s | ETA: 10414.1s
2025-10-05 12:50:56,208 - INFO - Starting annotation batch 9: sequences 97-108
2025-10-05 12:51:23,447 - INFO - Completed annotation batch 9 in 27.2s (120 results)
2025-10-05 12:51:23,447 - INFO - Annotation Progress: 108/5000 sequences (2.2%) | Elapsed: 231.1s | ETA: 10468.1s
2025-10-05 12:51:23,447 - INFO - Starting annotation batch 10: sequences 109-120
2025-10-05 12:51:47,037 - INFO - Completed annotation batch 10 in 23.6s (120 results)
2025-10-05 12:51:47,037 - INFO - Annotation Progress: 120/5000 sequences (2.4%) | Elapsed: 254.7s | ETA: 10357.5s
2025-10-05 12:51:47,037 - INFO - Starting annotation batch 11: sequences 121-132
2025-10-05 12:52:07,994 - INFO - Completed annotation batch 11 in 21.0s (120 results)
2025-10-05 12:52:07,994 - INFO - Annotation Progress: 132/5000 sequences (2.6%) | Elapsed: 275.7s | ETA: 10165.7s
2025-10-05 12:52:07,994 - INFO - Starting annotation batch 12: sequences 133-144
2025-10-05 12:52:28,616 - INFO - Completed annotation batch 12 in 20.6s (120 results)
2025-10-05 12:52:28,617 - INFO - Annotation Progress: 144/5000 sequences (2.9%) | Elapsed: 296.3s | ETA: 9991.0s
2025-10-05 12:52:28,617 - INFO - Starting annotation batch 13: sequences 145-156
2025-10-05 12:52:48,601 - INFO - Completed annotation batch 13 in 20.0s (120 results)
2025-10-05 12:52:48,601 - INFO - Annotation Progress: 156/5000 sequences (3.1%) | Elapsed: 316.3s | ETA: 9820.2s
2025-10-05 12:52:48,601 - INFO - Starting annotation batch 14: sequences 157-168
2025-10-05 12:53:25,411 - INFO - Completed annotation batch 14 in 36.8s (120 results)
2025-10-05 12:53:25,411 - INFO - Annotation Progress: 168/5000 sequences (3.4%) | Elapsed: 353.1s | ETA: 10154.9s
2025-10-05 12:53:25,411 - INFO - Starting annotation batch 15: sequences 169-180
2025-10-05 12:53:58,051 - INFO - Completed annotation batch 15 in 32.6s (120 results)
2025-10-05 12:53:58,051 - INFO - Annotation Progress: 180/5000 sequences (3.6%) | Elapsed: 385.7s | ETA: 10328.4s
2025-10-05 12:53:58,051 - INFO - Starting annotation batch 16: sequences 181-192
2025-10-05 12:54:22,924 - INFO - Completed annotation batch 16 in 24.9s (120 results)
2025-10-05 12:54:22,924 - INFO - Annotation Progress: 192/5000 sequences (3.8%) | Elapsed: 410.6s | ETA: 10281.6s
2025-10-05 12:54:22,924 - INFO - Starting annotation batch 17: sequences 193-204
2025-10-05 12:54:42,671 - INFO - Completed annotation batch 17 in 19.7s (120 results)
2025-10-05 12:54:42,671 - INFO - Annotation Progress: 204/5000 sequences (4.1%) | Elapsed: 430.3s | ETA: 10116.9s
2025-10-05 12:54:42,671 - INFO - Starting annotation batch 18: sequences 205-216
2025-10-05 12:55:06,195 - INFO - Completed annotation batch 18 in 23.5s (120 results)
2025-10-05 12:55:06,195 - INFO - Annotation Progress: 216/5000 sequences (4.3%) | Elapsed: 453.9s | ETA: 10052.0s
2025-10-05 12:55:06,195 - INFO - Starting annotation batch 19: sequences 217-228
2025-10-05 12:55:27,213 - INFO - Completed annotation batch 19 in 21.0s (120 results)
2025-10-05 12:55:27,213 - INFO - Annotation Progress: 228/5000 sequences (4.6%) | Elapsed: 474.9s | ETA: 9938.9s
2025-10-05 12:55:27,213 - INFO - Starting annotation batch 20: sequences 229-240
2025-10-05 12:55:55,619 - INFO - Completed annotation batch 20 in 28.4s (120 results)
2025-10-05 12:55:55,619 - INFO - Annotation Progress: 240/5000 sequences (4.8%) | Elapsed: 503.3s | ETA: 9981.6s
2025-10-05 12:55:55,619 - INFO - Starting annotation batch 21: sequences 241-252
2025-10-05 12:56:33,949 - INFO - Completed annotation batch 21 in 38.3s (120 results)
2025-10-05 12:56:33,950 - INFO - Annotation Progress: 252/5000 sequences (5.0%) | Elapsed: 541.6s | ETA: 10204.6s
2025-10-05 12:56:33,950 - INFO - Starting annotation batch 22: sequences 253-264
2025-10-05 12:57:02,087 - INFO - Completed annotation batch 22 in 28.1s (120 results)
2025-10-05 12:57:02,087 - INFO - Annotation Progress: 264/5000 sequences (5.3%) | Elapsed: 569.7s | ETA: 10220.9s
2025-10-05 12:57:02,088 - INFO - Starting annotation batch 23: sequences 265-276
2025-10-05 12:57:19,929 - INFO - Completed annotation batch 23 in 17.8s (120 results)
2025-10-05 12:57:19,929 - INFO - Annotation Progress: 276/5000 sequences (5.5%) | Elapsed: 587.6s | ETA: 10057.1s
2025-10-05 12:57:19,929 - INFO - Starting annotation batch 24: sequences 277-288
2025-10-05 12:57:44,534 - INFO - Completed annotation batch 24 in 24.6s (120 results)
2025-10-05 12:57:44,534 - INFO - Annotation Progress: 288/5000 sequences (5.8%) | Elapsed: 612.2s | ETA: 10016.1s
2025-10-05 12:57:44,534 - INFO - Starting annotation batch 25: sequences 289-300
2025-10-05 12:58:03,265 - INFO - Completed annotation batch 25 in 18.7s (120 results)
2025-10-05 12:58:03,265 - INFO - Annotation Progress: 300/5000 sequences (6.0%) | Elapsed: 630.9s | ETA: 9884.4s
2025-10-05 12:58:03,265 - INFO - Starting annotation batch 26: sequences 301-312
2025-10-05 12:58:28,307 - INFO - Completed annotation batch 26 in 25.0s (120 results)
2025-10-05 12:58:28,308 - INFO - Annotation Progress: 312/5000 sequences (6.2%) | Elapsed: 656.0s | ETA: 9856.3s
2025-10-05 12:58:28,308 - INFO - Starting annotation batch 27: sequences 313-324
2025-10-05 12:58:46,163 - INFO - Completed annotation batch 27 in 17.9s (120 results)
2025-10-05 12:58:46,163 - INFO - Annotation Progress: 324/5000 sequences (6.5%) | Elapsed: 673.8s | ETA: 9724.6s
2025-10-05 12:58:46,163 - INFO - Starting annotation batch 28: sequences 325-336
2025-10-05 12:59:18,493 - INFO - Completed annotation batch 28 in 32.3s (120 results)
2025-10-05 12:59:18,493 - INFO - Annotation Progress: 336/5000 sequences (6.7%) | Elapsed: 706.1s | ETA: 9802.0s
2025-10-05 12:59:18,493 - INFO - Starting annotation batch 29: sequences 337-348
2025-10-05 12:59:39,446 - INFO - Completed annotation batch 29 in 21.0s (120 results)
2025-10-05 12:59:39,446 - INFO - Annotation Progress: 348/5000 sequences (7.0%) | Elapsed: 727.1s | ETA: 9719.8s
2025-10-05 12:59:39,446 - INFO - Starting annotation batch 30: sequences 349-360
2025-10-05 12:59:56,432 - INFO - Completed annotation batch 30 in 17.0s (120 results)
2025-10-05 12:59:56,432 - INFO - Annotation Progress: 360/5000 sequences (7.2%) | Elapsed: 744.1s | ETA: 9590.5s
2025-10-05 12:59:56,432 - INFO - Starting annotation batch 31: sequences 361-372
2025-10-05 13:00:53,317 - INFO - Completed annotation batch 31 in 56.9s (120 results)
2025-10-05 13:00:53,317 - INFO - Annotation Progress: 372/5000 sequences (7.4%) | Elapsed: 801.0s | ETA: 9964.8s
2025-10-05 13:00:53,317 - INFO - Starting annotation batch 32: sequences 373-384
2025-10-05 13:01:21,186 - INFO - Completed annotation batch 32 in 27.9s (120 results)
2025-10-05 13:01:21,186 - INFO - Annotation Progress: 384/5000 sequences (7.7%) | Elapsed: 828.8s | ETA: 9963.4s
2025-10-05 13:01:21,186 - INFO - Starting annotation batch 33: sequences 385-396
2025-10-05 13:01:43,864 - INFO - Completed annotation batch 33 in 22.7s (120 results)
2025-10-05 13:01:43,864 - INFO - Annotation Progress: 396/5000 sequences (7.9%) | Elapsed: 851.5s | ETA: 9900.0s
2025-10-05 13:01:43,864 - INFO - Starting annotation batch 34: sequences 397-408
2025-10-05 13:02:03,280 - INFO - Completed annotation batch 34 in 19.4s (120 results)
2025-10-05 13:02:03,280 - INFO - Annotation Progress: 408/5000 sequences (8.2%) | Elapsed: 870.9s | ETA: 9802.3s
2025-10-05 13:02:03,280 - INFO - Starting annotation batch 35: sequences 409-420
2025-10-05 13:02:19,763 - INFO - Completed annotation batch 35 in 16.5s (120 results)
2025-10-05 13:02:19,763 - INFO - Annotation Progress: 420/5000 sequences (8.4%) | Elapsed: 887.4s | ETA: 9677.1s
2025-10-05 13:02:19,763 - INFO - Starting annotation batch 36: sequences 421-432
2025-10-05 13:02:37,254 - INFO - Completed annotation batch 36 in 17.5s (120 results)
2025-10-05 13:02:37,254 - INFO - Annotation Progress: 432/5000 sequences (8.6%) | Elapsed: 904.9s | ETA: 9568.6s
2025-10-05 13:02:37,254 - INFO - Starting annotation batch 37: sequences 433-444
2025-10-05 13:02:58,460 - INFO - Completed annotation batch 37 in 21.2s (120 results)
2025-10-05 13:02:58,460 - INFO - Annotation Progress: 444/5000 sequences (8.9%) | Elapsed: 926.1s | ETA: 9503.1s
2025-10-05 13:02:58,460 - INFO - Starting annotation batch 38: sequences 445-456
2025-10-05 13:03:22,933 - INFO - Completed annotation batch 38 in 24.5s (120 results)
2025-10-05 13:03:22,934 - INFO - Annotation Progress: 456/5000 sequences (9.1%) | Elapsed: 950.6s | ETA: 9472.6s
2025-10-05 13:03:22,934 - INFO - Starting annotation batch 39: sequences 457-468
2025-10-05 13:03:50,906 - INFO - Completed annotation batch 39 in 28.0s (120 results)
2025-10-05 13:03:50,906 - INFO - Annotation Progress: 468/5000 sequences (9.4%) | Elapsed: 978.6s | ETA: 9476.2s
2025-10-05 13:03:50,906 - INFO - Starting annotation batch 40: sequences 469-480
2025-10-05 13:04:10,680 - INFO - Completed annotation batch 40 in 19.8s (120 results)
2025-10-05 13:04:10,680 - INFO - Annotation Progress: 480/5000 sequences (9.6%) | Elapsed: 998.3s | ETA: 9401.0s
2025-10-05 13:04:10,680 - INFO - Starting annotation batch 41: sequences 481-492
2025-10-05 13:04:29,432 - INFO - Completed annotation batch 41 in 18.8s (120 results)
2025-10-05 13:04:29,432 - INFO - Annotation Progress: 492/5000 sequences (9.8%) | Elapsed: 1017.1s | ETA: 9319.2s
2025-10-05 13:04:29,432 - INFO - Starting annotation batch 42: sequences 493-504
2025-10-05 13:04:46,252 - INFO - Completed annotation batch 42 in 16.8s (120 results)
2025-10-05 13:04:46,252 - INFO - Annotation Progress: 504/5000 sequences (10.1%) | Elapsed: 1033.9s | ETA: 9223.1s
2025-10-05 13:04:46,252 - INFO - Starting annotation batch 43: sequences 505-516
2025-10-05 13:05:13,769 - INFO - Completed annotation batch 43 in 27.5s (120 results)
2025-10-05 13:05:13,769 - INFO - Annotation Progress: 516/5000 sequences (10.3%) | Elapsed: 1061.4s | ETA: 9223.7s
2025-10-05 13:05:13,769 - INFO - Starting annotation batch 44: sequences 517-528
2025-10-05 13:05:51,343 - INFO - Completed annotation batch 44 in 37.6s (120 results)
2025-10-05 13:05:51,343 - INFO - Annotation Progress: 528/5000 sequences (10.6%) | Elapsed: 1099.0s | ETA: 9308.2s
2025-10-05 13:05:51,344 - INFO - Starting annotation batch 45: sequences 529-540
2025-10-05 13:06:21,381 - INFO - Completed annotation batch 45 in 30.0s (120 results)
2025-10-05 13:06:21,381 - INFO - Annotation Progress: 540/5000 sequences (10.8%) | Elapsed: 1129.0s | ETA: 9325.0s
2025-10-05 13:06:21,381 - INFO - Starting annotation batch 46: sequences 541-552
2025-10-05 13:06:37,820 - INFO - Completed annotation batch 46 in 16.4s (120 results)
2025-10-05 13:06:37,820 - INFO - Annotation Progress: 552/5000 sequences (11.0%) | Elapsed: 1145.5s | ETA: 9230.2s
2025-10-05 13:06:37,820 - INFO - Starting annotation batch 47: sequences 553-564
2025-10-05 13:07:03,381 - INFO - Completed annotation batch 47 in 25.6s (120 results)
2025-10-05 13:07:03,381 - INFO - Annotation Progress: 564/5000 sequences (11.3%) | Elapsed: 1171.0s | ETA: 9210.5s
2025-10-05 13:07:03,381 - INFO - Starting annotation batch 48: sequences 565-576
2025-10-05 13:07:59,540 - INFO - Completed annotation batch 48 in 56.2s (120 results)
2025-10-05 13:07:59,541 - INFO - Annotation Progress: 576/5000 sequences (11.5%) | Elapsed: 1227.2s | ETA: 9425.6s
2025-10-05 13:07:59,541 - INFO - Starting annotation batch 49: sequences 577-588
2025-10-05 13:08:19,790 - INFO - Completed annotation batch 49 in 20.2s (120 results)
2025-10-05 13:08:19,790 - INFO - Annotation Progress: 588/5000 sequences (11.8%) | Elapsed: 1247.4s | ETA: 9360.1s
2025-10-05 13:08:19,790 - INFO - Starting annotation batch 50: sequences 589-600
2025-10-05 13:08:47,504 - INFO - Completed annotation batch 50 in 27.7s (120 results)
2025-10-05 13:08:47,505 - INFO - Annotation Progress: 600/5000 sequences (12.0%) | Elapsed: 1275.2s | ETA: 9351.2s
2025-10-05 13:08:47,505 - INFO - Starting annotation batch 51: sequences 601-612
2025-10-05 13:09:07,191 - INFO - Completed annotation batch 51 in 19.7s (120 results)
2025-10-05 13:09:07,192 - INFO - Annotation Progress: 612/5000 sequences (12.2%) | Elapsed: 1294.8s | ETA: 9284.0s
2025-10-05 13:09:07,192 - INFO - Starting annotation batch 52: sequences 613-624
2025-10-05 13:09:30,609 - INFO - Completed annotation batch 52 in 23.4s (120 results)
2025-10-05 13:09:30,609 - INFO - Annotation Progress: 624/5000 sequences (12.5%) | Elapsed: 1318.3s | ETA: 9244.8s
2025-10-05 13:09:30,609 - INFO - Starting annotation batch 53: sequences 625-636
2025-10-05 13:09:48,793 - INFO - Completed annotation batch 53 in 18.2s (120 results)
2025-10-05 13:09:48,793 - INFO - Annotation Progress: 636/5000 sequences (12.7%) | Elapsed: 1336.5s | ETA: 9170.2s
2025-10-05 13:09:48,793 - INFO - Starting annotation batch 54: sequences 637-648
2025-10-05 13:10:10,039 - INFO - Completed annotation batch 54 in 21.2s (120 results)
2025-10-05 13:10:10,040 - INFO - Annotation Progress: 648/5000 sequences (13.0%) | Elapsed: 1357.7s | ETA: 9118.4s
2025-10-05 13:10:10,040 - INFO - Starting annotation batch 55: sequences 649-660
2025-10-05 13:10:34,406 - INFO - Completed annotation batch 55 in 24.4s (120 results)
2025-10-05 13:10:34,406 - INFO - Annotation Progress: 660/5000 sequences (13.2%) | Elapsed: 1382.1s | ETA: 9088.1s
2025-10-05 13:10:34,406 - INFO - Starting annotation batch 56: sequences 661-672
2025-10-05 13:10:59,737 - INFO - Completed annotation batch 56 in 25.3s (120 results)
2025-10-05 13:10:59,737 - INFO - Annotation Progress: 672/5000 sequences (13.4%) | Elapsed: 1407.4s | ETA: 9064.3s
2025-10-05 13:10:59,737 - INFO - Starting annotation batch 57: sequences 673-684
2025-10-05 13:11:16,104 - INFO - Completed annotation batch 57 in 16.4s (120 results)
2025-10-05 13:11:16,104 - INFO - Annotation Progress: 684/5000 sequences (13.7%) | Elapsed: 1423.8s | ETA: 8983.9s
2025-10-05 13:11:16,105 - INFO - Starting annotation batch 58: sequences 685-696
2025-10-05 13:11:37,672 - INFO - Completed annotation batch 58 in 21.6s (120 results)
2025-10-05 13:11:37,673 - INFO - Annotation Progress: 696/5000 sequences (13.9%) | Elapsed: 1445.3s | ETA: 8937.8s
2025-10-05 13:11:37,673 - INFO - Starting annotation batch 59: sequences 697-708
2025-10-05 13:12:08,867 - INFO - Completed annotation batch 59 in 31.2s (120 results)
2025-10-05 13:12:08,867 - INFO - Annotation Progress: 708/5000 sequences (14.2%) | Elapsed: 1476.5s | ETA: 8950.9s
2025-10-05 13:12:08,868 - INFO - Starting annotation batch 60: sequences 709-720
2025-10-05 13:12:24,070 - INFO - Completed annotation batch 60 in 15.2s (120 results)
2025-10-05 13:12:24,070 - INFO - Annotation Progress: 720/5000 sequences (14.4%) | Elapsed: 1491.7s | ETA: 8867.5s
2025-10-05 13:12:24,070 - INFO - Starting annotation batch 61: sequences 721-732
2025-10-05 13:12:52,585 - INFO - Completed annotation batch 61 in 28.5s (120 results)
2025-10-05 13:12:52,585 - INFO - Annotation Progress: 732/5000 sequences (14.6%) | Elapsed: 1520.2s | ETA: 8863.9s
2025-10-05 13:12:52,585 - INFO - Starting annotation batch 62: sequences 733-744
2025-10-05 13:13:18,447 - INFO - Completed annotation batch 62 in 25.9s (120 results)
2025-10-05 13:13:18,447 - INFO - Annotation Progress: 744/5000 sequences (14.9%) | Elapsed: 1546.1s | ETA: 8844.4s
2025-10-05 13:13:18,447 - INFO - Starting annotation batch 63: sequences 745-756
2025-10-05 13:13:37,776 - INFO - Completed annotation batch 63 in 19.3s (120 results)
2025-10-05 13:13:37,776 - INFO - Annotation Progress: 756/5000 sequences (15.1%) | Elapsed: 1565.4s | ETA: 8788.0s
2025-10-05 13:13:37,776 - INFO - Starting annotation batch 64: sequences 757-768
2025-10-05 13:14:03,199 - INFO - Completed annotation batch 64 in 25.4s (120 results)
2025-10-05 13:14:03,199 - INFO - Annotation Progress: 768/5000 sequences (15.4%) | Elapsed: 1590.9s | ETA: 8766.3s
2025-10-05 13:14:03,199 - INFO - Starting annotation batch 65: sequences 769-780
2025-10-05 13:14:30,484 - INFO - Completed annotation batch 65 in 27.3s (120 results)
2025-10-05 13:14:30,485 - INFO - Annotation Progress: 780/5000 sequences (15.6%) | Elapsed: 1618.1s | ETA: 8754.6s
2025-10-05 13:14:30,485 - INFO - Starting annotation batch 66: sequences 781-792
2025-10-05 13:14:58,769 - INFO - Completed annotation batch 66 in 28.3s (120 results)
2025-10-05 13:14:58,769 - INFO - Annotation Progress: 792/5000 sequences (15.8%) | Elapsed: 1646.4s | ETA: 8747.7s
2025-10-05 13:14:58,769 - INFO - Starting annotation batch 67: sequences 793-804
2025-10-05 13:15:20,463 - INFO - Completed annotation batch 67 in 21.7s (120 results)
2025-10-05 13:15:20,464 - INFO - Annotation Progress: 804/5000 sequences (16.1%) | Elapsed: 1668.1s | ETA: 8705.8s
2025-10-05 13:15:20,464 - INFO - Starting annotation batch 68: sequences 805-816
2025-10-05 13:16:01,985 - INFO - Completed annotation batch 68 in 41.5s (120 results)
2025-10-05 13:16:01,985 - INFO - Annotation Progress: 816/5000 sequences (16.3%) | Elapsed: 1709.6s | ETA: 8766.1s
2025-10-05 13:16:01,985 - INFO - Starting annotation batch 69: sequences 817-828
2025-10-05 13:16:35,538 - INFO - Completed annotation batch 69 in 33.6s (120 results)
2025-10-05 13:16:35,538 - INFO - Annotation Progress: 828/5000 sequences (16.6%) | Elapsed: 1743.2s | ETA: 8783.3s
2025-10-05 13:16:35,538 - INFO - Starting annotation batch 70: sequences 829-840
2025-10-05 13:17:11,230 - INFO - Completed annotation batch 70 in 35.7s (120 results)
2025-10-05 13:17:11,231 - INFO - Annotation Progress: 840/5000 sequences (16.8%) | Elapsed: 1778.9s | ETA: 8809.7s
2025-10-05 13:17:11,231 - INFO - Starting annotation batch 71: sequences 841-852
2025-10-05 13:17:38,268 - INFO - Completed annotation batch 71 in 27.0s (120 results)
2025-10-05 13:17:38,268 - INFO - Annotation Progress: 852/5000 sequences (17.0%) | Elapsed: 1805.9s | ETA: 8792.2s
2025-10-05 13:17:38,269 - INFO - Starting annotation batch 72: sequences 853-864
2025-10-05 13:18:30,589 - INFO - Completed annotation batch 72 in 52.3s (120 results)
2025-10-05 13:18:30,589 - INFO - Annotation Progress: 864/5000 sequences (17.3%) | Elapsed: 1858.2s | ETA: 8895.5s
2025-10-05 13:18:30,589 - INFO - Starting annotation batch 73: sequences 865-876
2025-10-05 13:19:16,555 - INFO - Completed annotation batch 73 in 46.0s (120 results)
2025-10-05 13:19:16,555 - INFO - Annotation Progress: 876/5000 sequences (17.5%) | Elapsed: 1904.2s | ETA: 8964.6s
2025-10-05 13:19:16,555 - INFO - Starting annotation batch 74: sequences 877-888
2025-10-05 13:19:35,912 - INFO - Completed annotation batch 74 in 19.4s (120 results)
2025-10-05 13:19:35,912 - INFO - Annotation Progress: 888/5000 sequences (17.8%) | Elapsed: 1923.6s | ETA: 8907.3s
2025-10-05 13:19:35,912 - INFO - Starting annotation batch 75: sequences 889-900
2025-10-05 13:20:04,145 - INFO - Completed annotation batch 75 in 28.2s (120 results)
2025-10-05 13:20:04,145 - INFO - Annotation Progress: 900/5000 sequences (18.0%) | Elapsed: 1951.8s | ETA: 8891.5s
2025-10-05 13:20:04,145 - INFO - Starting annotation batch 76: sequences 901-912
2025-10-05 13:20:22,722 - INFO - Completed annotation batch 76 in 18.6s (120 results)
2025-10-05 13:20:22,722 - INFO - Annotation Progress: 912/5000 sequences (18.2%) | Elapsed: 1970.4s | ETA: 8832.1s
2025-10-05 13:20:22,722 - INFO - Starting annotation batch 77: sequences 913-924
2025-10-05 13:20:56,995 - INFO - Completed annotation batch 77 in 34.3s (120 results)
2025-10-05 13:20:56,995 - INFO - Annotation Progress: 924/5000 sequences (18.5%) | Elapsed: 2004.7s | ETA: 8843.0s
2025-10-05 13:20:56,995 - INFO - Starting annotation batch 78: sequences 925-936
2025-10-05 13:21:32,402 - INFO - Completed annotation batch 78 in 35.4s (120 results)
2025-10-05 13:21:32,402 - INFO - Annotation Progress: 936/5000 sequences (18.7%) | Elapsed: 2040.1s | ETA: 8857.7s
2025-10-05 13:21:32,402 - INFO - Starting annotation batch 79: sequences 937-948
2025-10-05 13:22:18,448 - INFO - Completed annotation batch 79 in 46.0s (120 results)
2025-10-05 13:22:18,448 - INFO - Annotation Progress: 948/5000 sequences (19.0%) | Elapsed: 2086.1s | ETA: 8916.6s
2025-10-05 13:22:18,448 - INFO - Starting annotation batch 80: sequences 949-960
2025-10-05 13:22:52,655 - INFO - Completed annotation batch 80 in 34.2s (120 results)
2025-10-05 13:22:52,656 - INFO - Annotation Progress: 960/5000 sequences (19.2%) | Elapsed: 2120.3s | ETA: 8923.0s
2025-10-05 13:22:52,656 - INFO - Starting annotation batch 81: sequences 961-972
2025-10-05 13:24:17,989 - INFO - Completed annotation batch 81 in 85.3s (120 results)
2025-10-05 13:24:17,990 - INFO - Annotation Progress: 972/5000 sequences (19.4%) | Elapsed: 2205.6s | ETA: 9140.3s
2025-10-05 13:24:17,990 - INFO - Starting annotation batch 82: sequences 973-984
2025-10-05 13:26:15,283 - INFO - Completed annotation batch 82 in 117.3s (120 results)
2025-10-05 13:26:15,283 - INFO - Annotation Progress: 984/5000 sequences (19.7%) | Elapsed: 2322.9s | ETA: 9480.6s
2025-10-05 13:26:15,283 - INFO - Starting annotation batch 83: sequences 985-996
2025-10-05 13:26:44,188 - INFO - Completed annotation batch 83 in 28.9s (120 results)
2025-10-05 13:26:44,188 - INFO - Annotation Progress: 996/5000 sequences (19.9%) | Elapsed: 2351.8s | ETA: 9454.6s
2025-10-05 13:26:44,188 - INFO - Starting annotation batch 84: sequences 997-1008
2025-10-05 13:27:22,670 - INFO - Completed annotation batch 84 in 38.5s (120 results)
2025-10-05 13:27:22,670 - INFO - Annotation Progress: 1008/5000 sequences (20.2%) | Elapsed: 2390.3s | ETA: 9466.5s
2025-10-05 13:27:22,670 - INFO - Starting annotation batch 85: sequences 1009-1020
2025-10-05 13:27:48,938 - INFO - Completed annotation batch 85 in 26.3s (120 results)
2025-10-05 13:27:48,938 - INFO - Annotation Progress: 1020/5000 sequences (20.4%) | Elapsed: 2416.6s | ETA: 9429.5s
2025-10-05 13:27:48,938 - INFO - Starting annotation batch 86: sequences 1021-1032
2025-10-05 13:28:32,087 - INFO - Completed annotation batch 86 in 43.1s (120 results)
2025-10-05 13:28:32,087 - INFO - Annotation Progress: 1032/5000 sequences (20.6%) | Elapsed: 2459.7s | ETA: 9457.6s
2025-10-05 13:28:32,087 - INFO - Starting annotation batch 87: sequences 1033-1044
2025-10-05 13:29:00,940 - INFO - Completed annotation batch 87 in 28.9s (120 results)
2025-10-05 13:29:00,940 - INFO - Annotation Progress: 1044/5000 sequences (20.9%) | Elapsed: 2488.6s | ETA: 9430.0s
2025-10-05 13:29:00,940 - INFO - Starting annotation batch 88: sequences 1045-1056
2025-10-05 13:29:47,370 - INFO - Completed annotation batch 88 in 46.4s (120 results)
2025-10-05 13:29:47,370 - INFO - Annotation Progress: 1056/5000 sequences (21.1%) | Elapsed: 2535.0s | ETA: 9467.9s
2025-10-05 13:29:47,370 - INFO - Starting annotation batch 89: sequences 1057-1068
2025-10-05 13:30:25,191 - INFO - Completed annotation batch 89 in 37.8s (120 results)
2025-10-05 13:30:25,191 - INFO - Annotation Progress: 1068/5000 sequences (21.4%) | Elapsed: 2572.8s | ETA: 9472.3s
2025-10-05 13:30:25,191 - INFO - Starting annotation batch 90: sequences 1069-1080
2025-10-05 13:30:57,691 - INFO - Completed annotation batch 90 in 32.5s (120 results)
2025-10-05 13:30:57,691 - INFO - Annotation Progress: 1080/5000 sequences (21.6%) | Elapsed: 2605.3s | ETA: 9456.4s
2025-10-05 13:30:57,691 - INFO - Starting annotation batch 91: sequences 1081-1092
2025-10-05 13:31:27,596 - INFO - Completed annotation batch 91 in 29.9s (120 results)
2025-10-05 13:31:27,596 - INFO - Annotation Progress: 1092/5000 sequences (21.8%) | Elapsed: 2635.3s | ETA: 9430.9s
2025-10-05 13:31:27,596 - INFO - Starting annotation batch 92: sequences 1093-1104
2025-10-05 13:32:04,294 - INFO - Completed annotation batch 92 in 36.7s (120 results)
2025-10-05 13:32:04,294 - INFO - Annotation Progress: 1104/5000 sequences (22.1%) | Elapsed: 2672.0s | ETA: 9429.3s
2025-10-05 13:32:04,294 - INFO - Starting annotation batch 93: sequences 1105-1116
2025-10-05 13:32:37,453 - INFO - Completed annotation batch 93 in 33.2s (120 results)
2025-10-05 13:32:37,453 - INFO - Annotation Progress: 1116/5000 sequences (22.3%) | Elapsed: 2705.1s | ETA: 9414.6s
2025-10-05 13:32:37,453 - INFO - Starting annotation batch 94: sequences 1117-1128
2025-10-05 13:33:20,410 - INFO - Completed annotation batch 94 in 43.0s (120 results)
2025-10-05 13:33:20,410 - INFO - Annotation Progress: 1128/5000 sequences (22.6%) | Elapsed: 2748.1s | ETA: 9433.1s
2025-10-05 13:33:20,410 - INFO - Starting annotation batch 95: sequences 1129-1140
2025-10-05 13:33:45,510 - INFO - Completed annotation batch 95 in 25.1s (120 results)
2025-10-05 13:33:45,510 - INFO - Annotation Progress: 1140/5000 sequences (22.8%) | Elapsed: 2773.2s | ETA: 9389.8s
2025-10-05 13:33:45,510 - INFO - Starting annotation batch 96: sequences 1141-1152
2025-10-05 13:34:28,720 - INFO - Completed annotation batch 96 in 43.2s (120 results)
2025-10-05 13:34:28,721 - INFO - Annotation Progress: 1152/5000 sequences (23.0%) | Elapsed: 2816.4s | ETA: 9407.5s
2025-10-05 13:34:28,721 - INFO - Starting annotation batch 97: sequences 1153-1164
2025-10-05 13:34:58,349 - INFO - Completed annotation batch 97 in 29.6s (120 results)
2025-10-05 13:34:58,349 - INFO - Annotation Progress: 1164/5000 sequences (23.3%) | Elapsed: 2846.0s | ETA: 9379.1s
2025-10-05 13:34:58,349 - INFO - Starting annotation batch 98: sequences 1165-1176
2025-10-05 13:35:34,673 - INFO - Completed annotation batch 98 in 36.3s (120 results)
2025-10-05 13:35:34,673 - INFO - Annotation Progress: 1176/5000 sequences (23.5%) | Elapsed: 2882.3s | ETA: 9372.5s
2025-10-05 13:35:34,673 - INFO - Starting annotation batch 99: sequences 1177-1188
2025-10-05 13:35:54,958 - INFO - Completed annotation batch 99 in 20.3s (120 results)
2025-10-05 13:35:54,958 - INFO - Annotation Progress: 1188/5000 sequences (23.8%) | Elapsed: 2902.6s | ETA: 9313.8s
2025-10-05 13:35:54,958 - INFO - Starting annotation batch 100: sequences 1189-1200
2025-10-05 13:36:38,391 - INFO - Completed annotation batch 100 in 43.4s (120 results)
2025-10-05 13:36:38,391 - INFO - Annotation Progress: 1200/5000 sequences (24.0%) | Elapsed: 2946.0s | ETA: 9329.2s
2025-10-05 13:36:38,391 - INFO - Starting annotation batch 101: sequences 1201-1212
2025-10-05 13:37:22,549 - INFO - Completed annotation batch 101 in 44.2s (120 results)
2025-10-05 13:37:22,550 - INFO - Annotation Progress: 1212/5000 sequences (24.2%) | Elapsed: 2990.2s | ETA: 9345.6s
2025-10-05 13:37:22,550 - INFO - Starting annotation batch 102: sequences 1213-1224
2025-10-05 13:37:54,915 - INFO - Completed annotation batch 102 in 32.4s (120 results)
2025-10-05 13:37:54,915 - INFO - Annotation Progress: 1224/5000 sequences (24.5%) | Elapsed: 3022.6s | ETA: 9324.5s
2025-10-05 13:37:54,915 - INFO - Starting annotation batch 103: sequences 1225-1236
2025-10-05 13:38:22,502 - INFO - Completed annotation batch 103 in 27.6s (120 results)
2025-10-05 13:38:22,502 - INFO - Annotation Progress: 1236/5000 sequences (24.7%) | Elapsed: 3050.2s | ETA: 9288.7s
2025-10-05 13:38:22,502 - INFO - Starting annotation batch 104: sequences 1237-1248
2025-10-05 13:38:58,676 - INFO - Completed annotation batch 104 in 36.2s (120 results)
2025-10-05 13:38:58,676 - INFO - Annotation Progress: 1248/5000 sequences (25.0%) | Elapsed: 3086.3s | ETA: 9278.8s
2025-10-05 13:38:58,676 - INFO - Starting annotation batch 105: sequences 1249-1260
2025-10-05 13:39:26,050 - INFO - Completed annotation batch 105 in 27.4s (120 results)
2025-10-05 13:39:26,050 - INFO - Annotation Progress: 1260/5000 sequences (25.2%) | Elapsed: 3113.7s | ETA: 9242.3s
2025-10-05 13:39:26,050 - INFO - Starting annotation batch 106: sequences 1261-1272
2025-10-05 13:41:33,252 - INFO - Completed annotation batch 106 in 127.2s (120 results)
2025-10-05 13:41:33,253 - INFO - Annotation Progress: 1272/5000 sequences (25.4%) | Elapsed: 3240.9s | ETA: 9498.5s
2025-10-05 13:41:33,253 - INFO - Starting annotation batch 107: sequences 1273-1284
2025-10-05 13:42:05,008 - INFO - Completed annotation batch 107 in 31.8s (120 results)
2025-10-05 13:42:05,008 - INFO - Annotation Progress: 1284/5000 sequences (25.7%) | Elapsed: 3272.7s | ETA: 9471.4s
2025-10-05 13:42:05,009 - INFO - Starting annotation batch 108: sequences 1285-1296
2025-10-05 13:42:29,555 - INFO - Completed annotation batch 108 in 24.5s (120 results)
2025-10-05 13:42:29,555 - INFO - Annotation Progress: 1296/5000 sequences (25.9%) | Elapsed: 3297.2s | ETA: 9423.5s
2025-10-05 13:42:29,555 - INFO - Starting annotation batch 109: sequences 1297-1308
2025-10-05 13:43:23,727 - INFO - Completed annotation batch 109 in 54.2s (120 results)
2025-10-05 13:43:23,728 - INFO - Annotation Progress: 1308/5000 sequences (26.2%) | Elapsed: 3351.4s | ETA: 9459.7s
2025-10-05 13:43:23,728 - INFO - Starting annotation batch 110: sequences 1309-1320
2025-10-05 13:43:50,853 - INFO - Completed annotation batch 110 in 27.1s (120 results)
2025-10-05 13:43:50,853 - INFO - Annotation Progress: 1320/5000 sequences (26.4%) | Elapsed: 3378.5s | ETA: 9418.9s
2025-10-05 13:43:50,853 - INFO - Starting annotation batch 111: sequences 1321-1332
2025-10-05 13:44:20,833 - INFO - Completed annotation batch 111 in 30.0s (120 results)
2025-10-05 13:44:20,833 - INFO - Annotation Progress: 1332/5000 sequences (26.6%) | Elapsed: 3408.5s | ETA: 9386.1s
2025-10-05 13:44:20,833 - INFO - Starting annotation batch 112: sequences 1333-1344
2025-10-05 13:44:45,871 - INFO - Completed annotation batch 112 in 25.0s (120 results)
2025-10-05 13:44:45,871 - INFO - Annotation Progress: 1344/5000 sequences (26.9%) | Elapsed: 3433.5s | ETA: 9340.0s
2025-10-05 13:44:45,871 - INFO - Starting annotation batch 113: sequences 1345-1356
2025-10-05 13:46:00,738 - INFO - Completed annotation batch 113 in 74.9s (120 results)
2025-10-05 13:46:00,738 - INFO - Annotation Progress: 1356/5000 sequences (27.1%) | Elapsed: 3508.4s | ETA: 9428.2s
2025-10-05 13:46:00,738 - INFO - Starting annotation batch 114: sequences 1357-1368
2025-10-05 13:46:35,636 - INFO - Completed annotation batch 114 in 34.9s (120 results)
2025-10-05 13:46:35,636 - INFO - Annotation Progress: 1368/5000 sequences (27.4%) | Elapsed: 3543.3s | ETA: 9407.3s
2025-10-05 13:46:35,636 - INFO - Starting annotation batch 115: sequences 1369-1380
2025-10-05 13:47:03,712 - INFO - Completed annotation batch 115 in 28.1s (120 results)
2025-10-05 13:47:03,712 - INFO - Annotation Progress: 1380/5000 sequences (27.6%) | Elapsed: 3571.4s | ETA: 9368.4s
2025-10-05 13:47:03,713 - INFO - Starting annotation batch 116: sequences 1381-1392
2025-10-05 13:47:56,612 - INFO - Completed annotation batch 116 in 52.9s (120 results)
2025-10-05 13:47:56,613 - INFO - Annotation Progress: 1392/5000 sequences (27.8%) | Elapsed: 3624.3s | ETA: 9393.9s
2025-10-05 13:47:56,613 - INFO - Starting annotation batch 117: sequences 1393-1404
2025-10-05 13:48:28,890 - INFO - Completed annotation batch 117 in 32.3s (120 results)
2025-10-05 13:48:28,890 - INFO - Annotation Progress: 1404/5000 sequences (28.1%) | Elapsed: 3656.5s | ETA: 9365.3s
2025-10-05 13:48:28,891 - INFO - Starting annotation batch 118: sequences 1405-1416
2025-10-05 13:48:54,863 - INFO - Completed annotation batch 118 in 26.0s (120 results)
2025-10-05 13:48:54,864 - INFO - Annotation Progress: 1416/5000 sequences (28.3%) | Elapsed: 3682.5s | ETA: 9320.7s
2025-10-05 13:48:54,864 - INFO - Starting annotation batch 119: sequences 1417-1428
2025-10-05 13:51:42,770 - INFO - Completed annotation batch 119 in 167.9s (120 results)
2025-10-05 13:51:42,770 - INFO - Annotation Progress: 1428/5000 sequences (28.6%) | Elapsed: 3850.4s | ETA: 9631.5s
2025-10-05 13:51:42,770 - INFO - Starting annotation batch 120: sequences 1429-1440
2025-10-05 13:52:11,099 - INFO - Completed annotation batch 120 in 28.3s (120 results)
2025-10-05 13:52:11,099 - INFO - Annotation Progress: 1440/5000 sequences (28.8%) | Elapsed: 3878.8s | ETA: 9589.1s
2025-10-05 13:52:11,099 - INFO - Starting annotation batch 121: sequences 1441-1452
2025-10-05 13:52:33,125 - INFO - Completed annotation batch 121 in 22.0s (120 results)
2025-10-05 13:52:33,125 - INFO - Annotation Progress: 1452/5000 sequences (29.0%) | Elapsed: 3900.8s | ETA: 9531.7s
2025-10-05 13:52:33,125 - INFO - Starting annotation batch 122: sequences 1453-1464
2025-10-05 13:53:18,088 - INFO - Completed annotation batch 122 in 45.0s (120 results)
2025-10-05 13:53:18,088 - INFO - Annotation Progress: 1464/5000 sequences (29.3%) | Elapsed: 3945.7s | ETA: 9530.2s
2025-10-05 13:53:18,088 - INFO - Starting annotation batch 123: sequences 1465-1476
2025-10-05 13:53:57,591 - INFO - Completed annotation batch 123 in 39.5s (120 results)
2025-10-05 13:53:57,591 - INFO - Annotation Progress: 1476/5000 sequences (29.5%) | Elapsed: 3985.2s | ETA: 9514.9s
2025-10-05 13:53:57,591 - INFO - Starting annotation batch 124: sequences 1477-1488
2025-10-05 13:54:36,580 - INFO - Completed annotation batch 124 in 39.0s (120 results)
2025-10-05 13:54:36,580 - INFO - Annotation Progress: 1488/5000 sequences (29.8%) | Elapsed: 4024.2s | ETA: 9498.1s
2025-10-05 13:54:36,580 - INFO - Starting annotation batch 125: sequences 1489-1500
2025-10-05 13:55:27,079 - INFO - Completed annotation batch 125 in 50.5s (120 results)
2025-10-05 13:55:27,079 - INFO - Annotation Progress: 1500/5000 sequences (30.0%) | Elapsed: 4074.7s | ETA: 9507.7s
2025-10-05 13:55:27,079 - INFO - Starting annotation batch 126: sequences 1501-1512
2025-10-05 13:55:50,922 - INFO - Completed annotation batch 126 in 23.8s (120 results)
2025-10-05 13:55:50,922 - INFO - Annotation Progress: 1512/5000 sequences (30.2%) | Elapsed: 4098.6s | ETA: 9454.9s
2025-10-05 13:55:50,922 - INFO - Starting annotation batch 127: sequences 1513-1524
2025-10-05 13:56:23,465 - INFO - Completed annotation batch 127 in 32.5s (120 results)
2025-10-05 13:56:23,465 - INFO - Annotation Progress: 1524/5000 sequences (30.5%) | Elapsed: 4131.1s | ETA: 9422.4s
2025-10-05 13:56:23,465 - INFO - Starting annotation batch 128: sequences 1525-1536
2025-10-05 13:56:44,764 - INFO - Completed annotation batch 128 in 21.3s (120 results)
2025-10-05 13:56:44,765 - INFO - Annotation Progress: 1536/5000 sequences (30.7%) | Elapsed: 4152.4s | ETA: 9364.6s
2025-10-05 13:56:44,765 - INFO - Starting annotation batch 129: sequences 1537-1548
2025-10-05 13:57:12,976 - INFO - Completed annotation batch 129 in 28.2s (120 results)
2025-10-05 13:57:12,976 - INFO - Annotation Progress: 1548/5000 sequences (31.0%) | Elapsed: 4180.6s | ETA: 9322.7s
2025-10-05 13:57:12,976 - INFO - Starting annotation batch 130: sequences 1549-1560
2025-10-05 13:57:44,865 - INFO - Completed annotation batch 130 in 31.9s (120 results)
2025-10-05 13:57:44,865 - INFO - Annotation Progress: 1560/5000 sequences (31.2%) | Elapsed: 4212.5s | ETA: 9289.2s
2025-10-05 13:57:44,865 - INFO - Starting annotation batch 131: sequences 1561-1572
2025-10-05 13:58:25,349 - INFO - Completed annotation batch 131 in 40.5s (120 results)
2025-10-05 13:58:25,349 - INFO - Annotation Progress: 1572/5000 sequences (31.4%) | Elapsed: 4253.0s | ETA: 9274.4s
2025-10-05 13:58:25,349 - INFO - Starting annotation batch 132: sequences 1573-1584
2025-10-05 13:58:46,007 - INFO - Completed annotation batch 132 in 20.7s (120 results)
2025-10-05 13:58:46,007 - INFO - Annotation Progress: 1584/5000 sequences (31.7%) | Elapsed: 4273.7s | ETA: 9216.4s
2025-10-05 13:58:46,007 - INFO - Starting annotation batch 133: sequences 1585-1596
2025-10-05 13:59:07,796 - INFO - Completed annotation batch 133 in 21.8s (120 results)
2025-10-05 13:59:07,796 - INFO - Annotation Progress: 1596/5000 sequences (31.9%) | Elapsed: 4295.5s | ETA: 9161.5s
2025-10-05 13:59:07,796 - INFO - Starting annotation batch 134: sequences 1597-1608
2025-10-05 13:59:35,588 - INFO - Completed annotation batch 134 in 27.8s (120 results)
2025-10-05 13:59:35,588 - INFO - Annotation Progress: 1608/5000 sequences (32.2%) | Elapsed: 4323.2s | ETA: 9119.7s
2025-10-05 13:59:35,588 - INFO - Starting annotation batch 135: sequences 1609-1620
2025-10-05 14:00:28,808 - INFO - Completed annotation batch 135 in 53.2s (120 results)
2025-10-05 14:00:28,808 - INFO - Annotation Progress: 1620/5000 sequences (32.4%) | Elapsed: 4376.5s | ETA: 9131.1s
2025-10-05 14:00:28,808 - INFO - Starting annotation batch 136: sequences 1621-1632
2025-10-05 14:01:02,169 - INFO - Completed annotation batch 136 in 33.4s (120 results)
2025-10-05 14:01:02,169 - INFO - Annotation Progress: 1632/5000 sequences (32.6%) | Elapsed: 4409.8s | ETA: 9100.7s
2025-10-05 14:01:02,169 - INFO - Starting annotation batch 137: sequences 1633-1644
2025-10-05 14:01:28,049 - INFO - Completed annotation batch 137 in 25.9s (120 results)
2025-10-05 14:01:28,049 - INFO - Annotation Progress: 1644/5000 sequences (32.9%) | Elapsed: 4435.7s | ETA: 9054.9s
2025-10-05 14:01:28,049 - INFO - Starting annotation batch 138: sequences 1645-1656
2025-10-05 14:01:50,315 - INFO - Completed annotation batch 138 in 22.3s (120 results)
2025-10-05 14:01:50,315 - INFO - Annotation Progress: 1656/5000 sequences (33.1%) | Elapsed: 4458.0s | ETA: 9002.1s
2025-10-05 14:01:50,315 - INFO - Starting annotation batch 139: sequences 1657-1668
2025-10-05 14:02:13,696 - INFO - Completed annotation batch 139 in 23.4s (120 results)
2025-10-05 14:02:13,696 - INFO - Annotation Progress: 1668/5000 sequences (33.4%) | Elapsed: 4481.4s | ETA: 8952.0s
2025-10-05 14:02:13,696 - INFO - Starting annotation batch 140: sequences 1669-1680
2025-10-05 14:02:44,004 - INFO - Completed annotation batch 140 in 30.3s (120 results)
2025-10-05 14:02:44,004 - INFO - Annotation Progress: 1680/5000 sequences (33.6%) | Elapsed: 4511.7s | ETA: 8915.9s
2025-10-05 14:02:44,004 - INFO - Starting annotation batch 141: sequences 1681-1692
2025-10-05 14:03:24,534 - INFO - Completed annotation batch 141 in 40.5s (120 results)
2025-10-05 14:03:24,534 - INFO - Annotation Progress: 1692/5000 sequences (33.8%) | Elapsed: 4552.2s | ETA: 8899.9s
2025-10-05 14:03:24,534 - INFO - Starting annotation batch 142: sequences 1693-1704
2025-10-05 14:04:05,786 - INFO - Completed annotation batch 142 in 41.3s (120 results)
2025-10-05 14:04:05,786 - INFO - Annotation Progress: 1704/5000 sequences (34.1%) | Elapsed: 4593.4s | ETA: 8885.0s
2025-10-05 14:04:05,786 - INFO - Starting annotation batch 143: sequences 1705-1716
2025-10-05 14:04:49,088 - INFO - Completed annotation batch 143 in 43.3s (120 results)
2025-10-05 14:04:49,088 - INFO - Annotation Progress: 1716/5000 sequences (34.3%) | Elapsed: 4636.7s | ETA: 8873.6s
2025-10-05 14:04:49,088 - INFO - Starting annotation batch 144: sequences 1717-1728
2025-10-05 14:05:23,029 - INFO - Completed annotation batch 144 in 33.9s (120 results)
2025-10-05 14:05:23,029 - INFO - Annotation Progress: 1728/5000 sequences (34.6%) | Elapsed: 4670.7s | ETA: 8844.0s
2025-10-05 14:05:23,029 - INFO - Starting annotation batch 145: sequences 1729-1740
2025-10-05 14:05:43,459 - INFO - Completed annotation batch 145 in 20.4s (120 results)
2025-10-05 14:05:43,459 - INFO - Annotation Progress: 1740/5000 sequences (34.8%) | Elapsed: 4691.1s | ETA: 8789.1s
2025-10-05 14:05:43,459 - INFO - Starting annotation batch 146: sequences 1741-1752
2025-10-05 14:06:14,345 - INFO - Completed annotation batch 146 in 30.9s (120 results)
2025-10-05 14:06:14,345 - INFO - Annotation Progress: 1752/5000 sequences (35.0%) | Elapsed: 4722.0s | ETA: 8754.0s
2025-10-05 14:06:14,345 - INFO - Starting annotation batch 147: sequences 1753-1764
2025-10-05 14:06:36,210 - INFO - Completed annotation batch 147 in 21.9s (120 results)
2025-10-05 14:06:36,210 - INFO - Annotation Progress: 1764/5000 sequences (35.3%) | Elapsed: 4743.9s | ETA: 8702.5s
2025-10-05 14:06:36,210 - INFO - Starting annotation batch 148: sequences 1765-1776
2025-10-05 14:06:58,578 - INFO - Completed annotation batch 148 in 22.4s (120 results)
2025-10-05 14:06:58,578 - INFO - Annotation Progress: 1776/5000 sequences (35.5%) | Elapsed: 4766.2s | ETA: 8652.2s
2025-10-05 14:06:58,578 - INFO - Starting annotation batch 149: sequences 1777-1788
2025-10-05 14:07:27,870 - INFO - Completed annotation batch 149 in 29.3s (120 results)
2025-10-05 14:07:27,870 - INFO - Annotation Progress: 1788/5000 sequences (35.8%) | Elapsed: 4795.5s | ETA: 8614.8s
2025-10-05 14:07:27,870 - INFO - Starting annotation batch 150: sequences 1789-1800
2025-10-05 14:07:46,384 - INFO - Completed annotation batch 150 in 18.5s (120 results)
2025-10-05 14:07:46,384 - INFO - Annotation Progress: 1800/5000 sequences (36.0%) | Elapsed: 4814.0s | ETA: 8558.3s
2025-10-05 14:07:46,384 - INFO - Starting annotation batch 151: sequences 1801-1812
2025-10-05 14:08:16,820 - INFO - Completed annotation batch 151 in 30.4s (120 results)
2025-10-05 14:08:16,821 - INFO - Annotation Progress: 1812/5000 sequences (36.2%) | Elapsed: 4844.5s | ETA: 8523.3s
2025-10-05 14:08:16,821 - INFO - Starting annotation batch 152: sequences 1813-1824
2025-10-05 14:08:42,504 - INFO - Completed annotation batch 152 in 25.7s (120 results)
2025-10-05 14:08:42,504 - INFO - Annotation Progress: 1824/5000 sequences (36.5%) | Elapsed: 4870.2s | ETA: 8480.1s
2025-10-05 14:08:42,504 - INFO - Starting annotation batch 153: sequences 1825-1836
2025-10-05 14:09:02,958 - INFO - Completed annotation batch 153 in 20.5s (120 results)
2025-10-05 14:09:02,958 - INFO - Annotation Progress: 1836/5000 sequences (36.7%) | Elapsed: 4890.6s | ETA: 8428.1s
2025-10-05 14:09:02,958 - INFO - Starting annotation batch 154: sequences 1837-1848
2025-10-05 14:09:38,424 - INFO - Completed annotation batch 154 in 35.5s (120 results)
2025-10-05 14:09:38,424 - INFO - Annotation Progress: 1848/5000 sequences (37.0%) | Elapsed: 4926.1s | ETA: 8402.1s
2025-10-05 14:09:38,424 - INFO - Starting annotation batch 155: sequences 1849-1860
2025-10-05 14:10:01,778 - INFO - Completed annotation batch 155 in 23.4s (120 results)
2025-10-05 14:10:01,779 - INFO - Annotation Progress: 1860/5000 sequences (37.2%) | Elapsed: 4949.4s | ETA: 8355.5s
2025-10-05 14:10:01,779 - INFO - Starting annotation batch 156: sequences 1861-1872
2025-10-05 14:10:38,997 - INFO - Completed annotation batch 156 in 37.2s (120 results)
2025-10-05 14:10:38,997 - INFO - Annotation Progress: 1872/5000 sequences (37.4%) | Elapsed: 4986.7s | ETA: 8332.4s
2025-10-05 14:10:38,997 - INFO - Starting annotation batch 157: sequences 1873-1884
2025-10-05 14:11:00,736 - INFO - Completed annotation batch 157 in 21.7s (120 results)
2025-10-05 14:11:00,737 - INFO - Annotation Progress: 1884/5000 sequences (37.7%) | Elapsed: 5008.4s | ETA: 8283.5s
2025-10-05 14:11:00,737 - INFO - Starting annotation batch 158: sequences 1885-1896
2025-10-05 14:11:35,125 - INFO - Completed annotation batch 158 in 34.4s (120 results)
2025-10-05 14:11:35,125 - INFO - Annotation Progress: 1896/5000 sequences (37.9%) | Elapsed: 5042.8s | ETA: 8255.7s
2025-10-05 14:11:35,125 - INFO - Starting annotation batch 159: sequences 1897-1908
2025-10-05 14:12:03,452 - INFO - Completed annotation batch 159 in 28.3s (120 results)
2025-10-05 14:12:03,452 - INFO - Annotation Progress: 1908/5000 sequences (38.2%) | Elapsed: 5071.1s | ETA: 8218.0s
2025-10-05 14:12:03,452 - INFO - Starting annotation batch 160: sequences 1909-1920
2025-10-05 14:12:24,823 - INFO - Completed annotation batch 160 in 21.4s (120 results)
2025-10-05 14:12:24,823 - INFO - Annotation Progress: 1920/5000 sequences (38.4%) | Elapsed: 5092.5s | ETA: 8169.2s
2025-10-05 14:12:24,823 - INFO - Starting annotation batch 161: sequences 1921-1932
2025-10-05 14:13:27,560 - INFO - Completed annotation batch 161 in 62.7s (120 results)
2025-10-05 14:13:27,561 - INFO - Annotation Progress: 1932/5000 sequences (38.6%) | Elapsed: 5155.2s | ETA: 8186.4s
2025-10-05 14:13:27,561 - INFO - Starting annotation batch 162: sequences 1933-1944
2025-10-05 14:14:15,661 - INFO - Completed annotation batch 162 in 48.1s (120 results)
2025-10-05 14:14:15,661 - INFO - Annotation Progress: 1944/5000 sequences (38.9%) | Elapsed: 5203.3s | ETA: 8179.7s
2025-10-05 14:14:15,661 - INFO - Starting annotation batch 163: sequences 1945-1956
2025-10-05 14:14:40,238 - INFO - Completed annotation batch 163 in 24.6s (120 results)
2025-10-05 14:14:40,239 - INFO - Annotation Progress: 1956/5000 sequences (39.1%) | Elapsed: 5227.9s | ETA: 8135.8s
2025-10-05 14:14:40,239 - INFO - Starting annotation batch 164: sequences 1957-1968
2025-10-05 14:15:14,298 - INFO - Completed annotation batch 164 in 34.1s (120 results)
2025-10-05 14:15:14,298 - INFO - Annotation Progress: 1968/5000 sequences (39.4%) | Elapsed: 5262.0s | ETA: 8106.8s
2025-10-05 14:15:14,298 - INFO - Starting annotation batch 165: sequences 1969-1980
2025-10-05 14:15:39,812 - INFO - Completed annotation batch 165 in 25.5s (120 results)
2025-10-05 14:15:39,812 - INFO - Annotation Progress: 1980/5000 sequences (39.6%) | Elapsed: 5287.5s | ETA: 8064.7s
2025-10-05 14:15:39,812 - INFO - Starting annotation batch 166: sequences 1981-1992
2025-10-05 14:16:17,820 - INFO - Completed annotation batch 166 in 38.0s (120 results)
2025-10-05 14:16:17,820 - INFO - Annotation Progress: 1992/5000 sequences (39.8%) | Elapsed: 5325.5s | ETA: 8041.7s
2025-10-05 14:16:17,820 - INFO - Starting annotation batch 167: sequences 1993-2004
2025-10-05 14:16:54,435 - INFO - Completed annotation batch 167 in 36.6s (120 results)
2025-10-05 14:16:54,436 - INFO - Annotation Progress: 2004/5000 sequences (40.1%) | Elapsed: 5362.1s | ETA: 8016.4s
2025-10-05 14:16:54,436 - INFO - Starting annotation batch 168: sequences 2005-2016
2025-10-05 14:17:30,199 - INFO - Completed annotation batch 168 in 35.8s (120 results)
2025-10-05 14:17:30,199 - INFO - Annotation Progress: 2016/5000 sequences (40.3%) | Elapsed: 5397.9s | ETA: 7989.7s
2025-10-05 14:17:30,199 - INFO - Starting annotation batch 169: sequences 2017-2028
2025-10-05 14:17:55,814 - INFO - Completed annotation batch 169 in 25.6s (120 results)
2025-10-05 14:17:55,814 - INFO - Annotation Progress: 2028/5000 sequences (40.6%) | Elapsed: 5423.5s | ETA: 7948.0s
2025-10-05 14:17:55,814 - INFO - Starting annotation batch 170: sequences 2029-2040
2025-10-05 14:18:40,882 - INFO - Completed annotation batch 170 in 45.1s (120 results)
2025-10-05 14:18:40,882 - INFO - Annotation Progress: 2040/5000 sequences (40.8%) | Elapsed: 5468.5s | ETA: 7934.7s
2025-10-05 14:18:40,882 - INFO - Starting annotation batch 171: sequences 2041-2052
2025-10-05 14:19:07,803 - INFO - Completed annotation batch 171 in 26.9s (120 results)
2025-10-05 14:19:07,803 - INFO - Annotation Progress: 2052/5000 sequences (41.0%) | Elapsed: 5495.5s | ETA: 7895.0s
2025-10-05 14:19:07,803 - INFO - Starting annotation batch 172: sequences 2053-2064
2025-10-05 14:19:55,508 - INFO - Completed annotation batch 172 in 47.7s (120 results)
2025-10-05 14:19:55,508 - INFO - Annotation Progress: 2064/5000 sequences (41.3%) | Elapsed: 5543.2s | ETA: 7885.0s
2025-10-05 14:19:55,508 - INFO - Starting annotation batch 173: sequences 2065-2076
2025-10-05 14:20:44,660 - INFO - Completed annotation batch 173 in 49.2s (120 results)
2025-10-05 14:20:44,660 - INFO - Annotation Progress: 2076/5000 sequences (41.5%) | Elapsed: 5592.3s | ETA: 7876.7s
2025-10-05 14:20:44,661 - INFO - Starting annotation batch 174: sequences 2077-2088
2025-10-05 14:21:31,766 - INFO - Completed annotation batch 174 in 47.1s (120 results)
2025-10-05 14:21:31,767 - INFO - Annotation Progress: 2088/5000 sequences (41.8%) | Elapsed: 5639.4s | ETA: 7864.9s
2025-10-05 14:21:31,767 - INFO - Starting annotation batch 175: sequences 2089-2100
2025-10-05 14:21:54,693 - INFO - Completed annotation batch 175 in 22.9s (120 results)
2025-10-05 14:21:54,694 - INFO - Annotation Progress: 2100/5000 sequences (42.0%) | Elapsed: 5662.4s | ETA: 7819.4s
2025-10-05 14:21:54,694 - INFO - Starting annotation batch 176: sequences 2101-2112
2025-10-05 14:22:29,568 - INFO - Completed annotation batch 176 in 34.9s (120 results)
2025-10-05 14:22:29,569 - INFO - Annotation Progress: 2112/5000 sequences (42.2%) | Elapsed: 5697.2s | ETA: 7790.5s
2025-10-05 14:22:29,569 - INFO - Starting annotation batch 177: sequences 2113-2124
2025-10-05 14:23:19,423 - INFO - Completed annotation batch 177 in 49.9s (120 results)
2025-10-05 14:23:19,423 - INFO - Annotation Progress: 2124/5000 sequences (42.5%) | Elapsed: 5747.1s | ETA: 7781.8s
2025-10-05 14:23:19,423 - INFO - Starting annotation batch 178: sequences 2125-2136
2025-10-05 14:23:46,675 - INFO - Completed annotation batch 178 in 27.3s (120 results)
2025-10-05 14:23:46,675 - INFO - Annotation Progress: 2136/5000 sequences (42.7%) | Elapsed: 5774.3s | ETA: 7742.4s
2025-10-05 14:23:46,675 - INFO - Starting annotation batch 179: sequences 2137-2148
2025-10-05 14:24:13,921 - INFO - Completed annotation batch 179 in 27.2s (120 results)
2025-10-05 14:24:13,921 - INFO - Annotation Progress: 2148/5000 sequences (43.0%) | Elapsed: 5801.6s | ETA: 7703.0s
2025-10-05 14:24:13,921 - INFO - Starting annotation batch 180: sequences 2149-2160
2025-10-05 14:24:52,917 - INFO - Completed annotation batch 180 in 39.0s (120 results)
2025-10-05 14:24:52,917 - INFO - Annotation Progress: 2160/5000 sequences (43.2%) | Elapsed: 5840.6s | ETA: 7679.3s
2025-10-05 14:24:52,917 - INFO - Starting annotation batch 181: sequences 2161-2172
2025-10-05 14:25:33,308 - INFO - Completed annotation batch 181 in 40.4s (120 results)
2025-10-05 14:25:33,308 - INFO - Annotation Progress: 2172/5000 sequences (43.4%) | Elapsed: 5881.0s | ETA: 7657.2s
2025-10-05 14:25:33,308 - INFO - Starting annotation batch 182: sequences 2173-2184
2025-10-05 14:25:59,103 - INFO - Completed annotation batch 182 in 25.8s (120 results)
2025-10-05 14:25:59,103 - INFO - Annotation Progress: 2184/5000 sequences (43.7%) | Elapsed: 5906.8s | ETA: 7616.0s
2025-10-05 14:25:59,103 - INFO - Starting annotation batch 183: sequences 2185-2196
2025-10-05 14:26:25,244 - INFO - Completed annotation batch 183 in 26.1s (120 results)
2025-10-05 14:26:25,245 - INFO - Annotation Progress: 2196/5000 sequences (43.9%) | Elapsed: 5932.9s | ETA: 7575.5s
2025-10-05 14:26:25,245 - INFO - Starting annotation batch 184: sequences 2197-2208
2025-10-05 14:26:50,811 - INFO - Completed annotation batch 184 in 25.6s (120 results)
2025-10-05 14:26:50,811 - INFO - Annotation Progress: 2208/5000 sequences (44.2%) | Elapsed: 5958.5s | ETA: 7534.4s
2025-10-05 14:26:50,811 - INFO - Starting annotation batch 185: sequences 2209-2220
2025-10-05 14:27:21,226 - INFO - Completed annotation batch 185 in 30.4s (120 results)
2025-10-05 14:27:21,227 - INFO - Annotation Progress: 2220/5000 sequences (44.4%) | Elapsed: 5988.9s | ETA: 7499.6s
2025-10-05 14:27:21,227 - INFO - Starting annotation batch 186: sequences 2221-2232
2025-10-05 14:27:44,807 - INFO - Completed annotation batch 186 in 23.6s (120 results)
2025-10-05 14:27:44,807 - INFO - Annotation Progress: 2232/5000 sequences (44.6%) | Elapsed: 6012.5s | ETA: 7456.3s
2025-10-05 14:27:44,807 - INFO - Starting annotation batch 187: sequences 2233-2244
2025-10-05 14:28:05,303 - INFO - Completed annotation batch 187 in 20.5s (120 results)
2025-10-05 14:28:05,304 - INFO - Annotation Progress: 2244/5000 sequences (44.9%) | Elapsed: 6033.0s | ETA: 7409.5s
2025-10-05 14:28:05,304 - INFO - Starting annotation batch 188: sequences 2245-2256
2025-10-05 14:28:35,141 - INFO - Completed annotation batch 188 in 29.8s (120 results)
2025-10-05 14:28:35,142 - INFO - Annotation Progress: 2256/5000 sequences (45.1%) | Elapsed: 6062.8s | ETA: 7374.3s
2025-10-05 14:28:35,142 - INFO - Starting annotation batch 189: sequences 2257-2268
2025-10-05 14:29:14,946 - INFO - Completed annotation batch 189 in 39.8s (120 results)
2025-10-05 14:29:14,947 - INFO - Annotation Progress: 2268/5000 sequences (45.4%) | Elapsed: 6102.6s | ETA: 7351.1s
2025-10-05 14:29:14,947 - INFO - Starting annotation batch 190: sequences 2269-2280
2025-10-05 14:29:43,363 - INFO - Completed annotation batch 190 in 28.4s (120 results)
2025-10-05 14:29:43,363 - INFO - Annotation Progress: 2280/5000 sequences (45.6%) | Elapsed: 6131.0s | ETA: 7314.2s
2025-10-05 14:29:43,363 - INFO - Starting annotation batch 191: sequences 2281-2292
2025-10-05 14:30:19,463 - INFO - Completed annotation batch 191 in 36.1s (120 results)
2025-10-05 14:30:19,463 - INFO - Annotation Progress: 2292/5000 sequences (45.8%) | Elapsed: 6167.1s | ETA: 7286.5s
2025-10-05 14:30:19,463 - INFO - Starting annotation batch 192: sequences 2293-2304
2025-10-05 14:30:44,013 - INFO - Completed annotation batch 192 in 24.6s (120 results)
2025-10-05 14:30:44,013 - INFO - Annotation Progress: 2304/5000 sequences (46.1%) | Elapsed: 6191.7s | ETA: 7245.1s
2025-10-05 14:30:44,014 - INFO - Starting annotation batch 193: sequences 2305-2316
2025-10-05 14:31:22,328 - INFO - Completed annotation batch 193 in 38.3s (120 results)
2025-10-05 14:31:22,328 - INFO - Annotation Progress: 2316/5000 sequences (46.3%) | Elapsed: 6230.0s | ETA: 7219.9s
2025-10-05 14:31:22,328 - INFO - Starting annotation batch 194: sequences 2317-2328
2025-10-05 14:31:49,439 - INFO - Completed annotation batch 194 in 27.1s (120 results)
2025-10-05 14:31:49,440 - INFO - Annotation Progress: 2328/5000 sequences (46.6%) | Elapsed: 6257.1s | ETA: 7181.7s
2025-10-05 14:31:49,440 - INFO - Starting annotation batch 195: sequences 2329-2340
2025-10-05 14:34:50,414 - INFO - Completed annotation batch 195 in 181.0s (120 results)
2025-10-05 14:34:50,415 - INFO - Annotation Progress: 2340/5000 sequences (46.8%) | Elapsed: 6438.1s | ETA: 7318.5s
2025-10-05 14:34:50,415 - INFO - Starting annotation batch 196: sequences 2341-2352
2025-10-05 14:35:40,406 - INFO - Completed annotation batch 196 in 50.0s (120 results)
2025-10-05 14:35:40,406 - INFO - Annotation Progress: 2352/5000 sequences (47.0%) | Elapsed: 6488.1s | ETA: 7304.6s
2025-10-05 14:35:40,406 - INFO - Starting annotation batch 197: sequences 2353-2364
2025-10-05 14:36:24,133 - INFO - Completed annotation batch 197 in 43.7s (120 results)
2025-10-05 14:36:24,134 - INFO - Annotation Progress: 2364/5000 sequences (47.3%) | Elapsed: 6531.8s | ETA: 7283.3s
2025-10-05 14:36:24,134 - INFO - Starting annotation batch 198: sequences 2365-2376
2025-10-05 14:36:48,921 - INFO - Completed annotation batch 198 in 24.8s (120 results)
2025-10-05 14:36:48,921 - INFO - Annotation Progress: 2376/5000 sequences (47.5%) | Elapsed: 6556.6s | ETA: 7240.9s
2025-10-05 14:36:48,921 - INFO - Starting annotation batch 199: sequences 2377-2388
2025-10-05 14:37:25,992 - INFO - Completed annotation batch 199 in 37.1s (120 results)
2025-10-05 14:37:25,993 - INFO - Annotation Progress: 2388/5000 sequences (47.8%) | Elapsed: 6593.6s | ETA: 7212.1s
2025-10-05 14:37:25,993 - INFO - Starting annotation batch 200: sequences 2389-2400
2025-10-05 14:37:51,888 - INFO - Completed annotation batch 200 in 25.9s (120 results)
2025-10-05 14:37:51,888 - INFO - Annotation Progress: 2400/5000 sequences (48.0%) | Elapsed: 6619.5s | ETA: 7171.2s
2025-10-05 14:37:51,889 - INFO - Starting annotation batch 201: sequences 2401-2412
2025-10-05 14:38:31,047 - INFO - Completed annotation batch 201 in 39.2s (120 results)
2025-10-05 14:38:31,047 - INFO - Annotation Progress: 2412/5000 sequences (48.2%) | Elapsed: 6658.7s | ETA: 7144.6s
2025-10-05 14:38:31,047 - INFO - Starting annotation batch 202: sequences 2413-2424
2025-10-05 14:39:27,495 - INFO - Completed annotation batch 202 in 56.4s (120 results)
2025-10-05 14:39:27,495 - INFO - Annotation Progress: 2424/5000 sequences (48.5%) | Elapsed: 6715.2s | ETA: 7136.2s
2025-10-05 14:39:27,495 - INFO - Starting annotation batch 203: sequences 2425-2436
2025-10-05 14:39:50,968 - INFO - Completed annotation batch 203 in 23.5s (120 results)
2025-10-05 14:39:50,968 - INFO - Annotation Progress: 2436/5000 sequences (48.7%) | Elapsed: 6738.6s | ETA: 7092.7s
2025-10-05 14:39:50,968 - INFO - Starting annotation batch 204: sequences 2437-2448
2025-10-05 14:40:19,224 - INFO - Completed annotation batch 204 in 28.3s (120 results)
2025-10-05 14:40:19,224 - INFO - Annotation Progress: 2448/5000 sequences (49.0%) | Elapsed: 6766.9s | ETA: 7054.4s
2025-10-05 14:40:19,224 - INFO - Starting annotation batch 205: sequences 2449-2460
2025-10-05 14:41:04,194 - INFO - Completed annotation batch 205 in 45.0s (120 results)
2025-10-05 14:41:04,194 - INFO - Annotation Progress: 2460/5000 sequences (49.2%) | Elapsed: 6811.9s | ETA: 7033.4s
2025-10-05 14:41:04,194 - INFO - Starting annotation batch 206: sequences 2461-2472
2025-10-05 14:41:52,971 - INFO - Completed annotation batch 206 in 48.8s (120 results)
2025-10-05 14:41:52,971 - INFO - Annotation Progress: 2472/5000 sequences (49.4%) | Elapsed: 6860.6s | ETA: 7016.0s
2025-10-05 14:41:52,971 - INFO - Starting annotation batch 207: sequences 2473-2484
2025-10-05 14:42:15,264 - INFO - Completed annotation batch 207 in 22.3s (120 results)
2025-10-05 14:42:15,265 - INFO - Annotation Progress: 2484/5000 sequences (49.7%) | Elapsed: 6882.9s | ETA: 6971.6s
2025-10-05 14:42:15,265 - INFO - Starting annotation batch 208: sequences 2485-2496
2025-10-05 14:42:55,511 - INFO - Completed annotation batch 208 in 40.2s (120 results)
2025-10-05 14:42:55,511 - INFO - Annotation Progress: 2496/5000 sequences (49.9%) | Elapsed: 6923.2s | ETA: 6945.4s
2025-10-05 14:42:55,511 - INFO - Starting annotation batch 209: sequences 2497-2508
2025-10-05 14:43:54,344 - INFO - Completed annotation batch 209 in 58.8s (120 results)
2025-10-05 14:43:54,344 - INFO - Annotation Progress: 2508/5000 sequences (50.2%) | Elapsed: 6982.0s | ETA: 6937.5s
2025-10-05 14:43:54,344 - INFO - Starting annotation batch 210: sequences 2509-2520
2025-10-05 14:44:18,048 - INFO - Completed annotation batch 210 in 23.7s (120 results)
2025-10-05 14:44:18,048 - INFO - Annotation Progress: 2520/5000 sequences (50.4%) | Elapsed: 7005.7s | ETA: 6894.5s
2025-10-05 14:44:18,048 - INFO - Starting annotation batch 211: sequences 2521-2532
2025-10-05 14:46:12,009 - INFO - Completed annotation batch 211 in 114.0s (120 results)
2025-10-05 14:46:12,010 - INFO - Annotation Progress: 2532/5000 sequences (50.6%) | Elapsed: 7119.7s | ETA: 6939.7s
2025-10-05 14:46:12,010 - INFO - Starting annotation batch 212: sequences 2533-2544
2025-10-05 14:46:42,280 - INFO - Completed annotation batch 212 in 30.3s (120 results)
2025-10-05 14:46:42,281 - INFO - Annotation Progress: 2544/5000 sequences (50.9%) | Elapsed: 7149.9s | ETA: 6902.6s
2025-10-05 14:46:42,281 - INFO - Starting annotation batch 213: sequences 2545-2556
2025-10-05 14:47:07,261 - INFO - Completed annotation batch 213 in 25.0s (120 results)
2025-10-05 14:47:07,261 - INFO - Annotation Progress: 2556/5000 sequences (51.1%) | Elapsed: 7174.9s | ETA: 6860.5s
2025-10-05 14:47:07,262 - INFO - Starting annotation batch 214: sequences 2557-2568
2025-10-05 14:47:41,348 - INFO - Completed annotation batch 214 in 34.1s (120 results)
2025-10-05 14:47:41,348 - INFO - Annotation Progress: 2568/5000 sequences (51.4%) | Elapsed: 7209.0s | ETA: 6827.2s
2025-10-05 14:47:41,348 - INFO - Starting annotation batch 215: sequences 2569-2580
2025-10-05 14:48:13,764 - INFO - Completed annotation batch 215 in 32.4s (120 results)
2025-10-05 14:48:13,764 - INFO - Annotation Progress: 2580/5000 sequences (51.6%) | Elapsed: 7241.4s | ETA: 6792.3s
2025-10-05 14:48:13,764 - INFO - Starting annotation batch 216: sequences 2581-2592
2025-10-05 14:48:39,259 - INFO - Completed annotation batch 216 in 25.5s (120 results)
2025-10-05 14:48:39,259 - INFO - Annotation Progress: 2592/5000 sequences (51.8%) | Elapsed: 7266.9s | ETA: 6751.1s
2025-10-05 14:48:39,260 - INFO - Starting annotation batch 217: sequences 2593-2604
2025-10-05 14:49:11,585 - INFO - Completed annotation batch 217 in 32.3s (120 results)
2025-10-05 14:49:11,585 - INFO - Annotation Progress: 2604/5000 sequences (52.1%) | Elapsed: 7299.2s | ETA: 6716.2s
2025-10-05 14:49:11,585 - INFO - Starting annotation batch 218: sequences 2605-2616
2025-10-05 14:49:52,367 - INFO - Completed annotation batch 218 in 40.8s (120 results)
2025-10-05 14:49:52,367 - INFO - Annotation Progress: 2616/5000 sequences (52.3%) | Elapsed: 7340.0s | ETA: 6689.1s
2025-10-05 14:49:52,367 - INFO - Starting annotation batch 219: sequences 2617-2628
2025-10-05 14:50:30,418 - INFO - Completed annotation batch 219 in 38.1s (120 results)
2025-10-05 14:50:30,419 - INFO - Annotation Progress: 2628/5000 sequences (52.6%) | Elapsed: 7378.1s | ETA: 6659.4s
2025-10-05 14:50:30,419 - INFO - Starting annotation batch 220: sequences 2629-2640
2025-10-05 14:51:00,193 - INFO - Completed annotation batch 220 in 29.8s (120 results)
2025-10-05 14:51:00,193 - INFO - Annotation Progress: 2640/5000 sequences (52.8%) | Elapsed: 7407.8s | ETA: 6622.2s
2025-10-05 14:51:00,193 - INFO - Starting annotation batch 221: sequences 2641-2652
2025-10-05 14:51:47,746 - INFO - Completed annotation batch 221 in 47.6s (120 results)
2025-10-05 14:51:47,746 - INFO - Annotation Progress: 2652/5000 sequences (53.0%) | Elapsed: 7455.4s | ETA: 6600.8s
2025-10-05 14:51:47,746 - INFO - Starting annotation batch 222: sequences 2653-2664
2025-10-05 14:52:13,859 - INFO - Completed annotation batch 222 in 26.1s (120 results)
2025-10-05 14:52:13,859 - INFO - Annotation Progress: 2664/5000 sequences (53.3%) | Elapsed: 7481.5s | ETA: 6560.4s
2025-10-05 14:52:13,859 - INFO - Starting annotation batch 223: sequences 2665-2676
2025-10-05 14:52:32,102 - INFO - Completed annotation batch 223 in 18.2s (120 results)
2025-10-05 14:52:32,103 - INFO - Annotation Progress: 2676/5000 sequences (53.5%) | Elapsed: 7499.8s | ETA: 6513.2s
2025-10-05 14:52:32,103 - INFO - Starting annotation batch 224: sequences 2677-2688
2025-10-05 14:53:08,032 - INFO - Completed annotation batch 224 in 35.9s (120 results)
2025-10-05 14:53:08,032 - INFO - Annotation Progress: 2688/5000 sequences (53.8%) | Elapsed: 7535.7s | ETA: 6481.6s
2025-10-05 14:53:08,032 - INFO - Starting annotation batch 225: sequences 2689-2700
2025-10-05 14:53:25,158 - INFO - Completed annotation batch 225 in 17.1s (120 results)
2025-10-05 14:53:25,158 - INFO - Annotation Progress: 2700/5000 sequences (54.0%) | Elapsed: 7552.8s | ETA: 6433.9s
2025-10-05 14:53:25,158 - INFO - Starting annotation batch 226: sequences 2701-2712
2025-10-05 14:53:43,424 - INFO - Completed annotation batch 226 in 18.3s (120 results)
2025-10-05 14:53:43,424 - INFO - Annotation Progress: 2712/5000 sequences (54.2%) | Elapsed: 7571.1s | ETA: 6387.4s
2025-10-05 14:53:43,424 - INFO - Starting annotation batch 227: sequences 2713-2724
2025-10-05 14:54:13,723 - INFO - Completed annotation batch 227 in 30.3s (120 results)
2025-10-05 14:54:13,723 - INFO - Annotation Progress: 2724/5000 sequences (54.5%) | Elapsed: 7601.4s | ETA: 6351.2s
2025-10-05 14:54:13,723 - INFO - Starting annotation batch 228: sequences 2725-2736
2025-10-05 14:54:41,344 - INFO - Completed annotation batch 228 in 27.6s (120 results)
2025-10-05 14:54:41,344 - INFO - Annotation Progress: 2736/5000 sequences (54.7%) | Elapsed: 7629.0s | ETA: 6312.9s
2025-10-05 14:54:41,344 - INFO - Starting annotation batch 229: sequences 2737-2748
2025-10-05 14:55:14,050 - INFO - Completed annotation batch 229 in 32.7s (120 results)
2025-10-05 14:55:14,050 - INFO - Annotation Progress: 2748/5000 sequences (55.0%) | Elapsed: 7661.7s | ETA: 6278.8s
2025-10-05 14:55:14,050 - INFO - Starting annotation batch 230: sequences 2749-2760
2025-10-05 14:55:36,415 - INFO - Completed annotation batch 230 in 22.4s (120 results)
2025-10-05 14:55:36,415 - INFO - Annotation Progress: 2760/5000 sequences (55.2%) | Elapsed: 7684.1s | ETA: 6236.3s
2025-10-05 14:55:36,415 - INFO - Starting annotation batch 231: sequences 2761-2772
2025-10-05 14:55:58,747 - INFO - Completed annotation batch 231 in 22.3s (120 results)
2025-10-05 14:55:58,747 - INFO - Annotation Progress: 2772/5000 sequences (55.4%) | Elapsed: 7706.4s | ETA: 6194.0s
2025-10-05 14:55:58,747 - INFO - Starting annotation batch 232: sequences 2773-2784
2025-10-05 14:56:24,378 - INFO - Completed annotation batch 232 in 25.6s (120 results)
2025-10-05 14:56:24,378 - INFO - Annotation Progress: 2784/5000 sequences (55.7%) | Elapsed: 7732.0s | ETA: 6154.5s
2025-10-05 14:56:24,378 - INFO - Starting annotation batch 233: sequences 2785-2796
2025-10-05 14:56:45,034 - INFO - Completed annotation batch 233 in 20.7s (120 results)
2025-10-05 14:56:45,034 - INFO - Annotation Progress: 2796/5000 sequences (55.9%) | Elapsed: 7752.7s | ETA: 6111.2s
2025-10-05 14:56:45,034 - INFO - Starting annotation batch 234: sequences 2797-2808
2025-10-05 14:57:09,000 - INFO - Completed annotation batch 234 in 24.0s (120 results)
2025-10-05 14:57:09,000 - INFO - Annotation Progress: 2808/5000 sequences (56.2%) | Elapsed: 7776.7s | ETA: 6070.7s
2025-10-05 14:57:09,000 - INFO - Starting annotation batch 235: sequences 2809-2820
2025-10-05 14:57:27,081 - INFO - Completed annotation batch 235 in 18.1s (120 results)
2025-10-05 14:57:27,081 - INFO - Annotation Progress: 2820/5000 sequences (56.4%) | Elapsed: 7794.7s | ETA: 6025.7s
2025-10-05 14:57:27,081 - INFO - Starting annotation batch 236: sequences 2821-2832
2025-10-05 14:57:54,402 - INFO - Completed annotation batch 236 in 27.3s (120 results)
2025-10-05 14:57:54,402 - INFO - Annotation Progress: 2832/5000 sequences (56.6%) | Elapsed: 7822.1s | ETA: 5988.1s
2025-10-05 14:57:54,402 - INFO - Starting annotation batch 237: sequences 2833-2844
2025-10-05 14:58:23,239 - INFO - Completed annotation batch 237 in 28.8s (120 results)
2025-10-05 14:58:23,239 - INFO - Annotation Progress: 2844/5000 sequences (56.9%) | Elapsed: 7850.9s | ETA: 5951.7s
2025-10-05 14:58:23,239 - INFO - Starting annotation batch 238: sequences 2845-2856
2025-10-05 14:58:43,031 - INFO - Completed annotation batch 238 in 19.8s (120 results)
2025-10-05 14:58:43,031 - INFO - Annotation Progress: 2856/5000 sequences (57.1%) | Elapsed: 7870.7s | ETA: 5908.5s
2025-10-05 14:58:43,032 - INFO - Starting annotation batch 239: sequences 2857-2868
2025-10-05 14:59:02,632 - INFO - Completed annotation batch 239 in 19.6s (120 results)
2025-10-05 14:59:02,632 - INFO - Annotation Progress: 2868/5000 sequences (57.4%) | Elapsed: 7890.3s | ETA: 5865.4s
2025-10-05 14:59:02,632 - INFO - Starting annotation batch 240: sequences 2869-2880
2025-10-05 14:59:22,828 - INFO - Completed annotation batch 240 in 20.2s (120 results)
2025-10-05 14:59:22,828 - INFO - Annotation Progress: 2880/5000 sequences (57.6%) | Elapsed: 7910.5s | ETA: 5823.0s
2025-10-05 14:59:22,828 - INFO - Starting annotation batch 241: sequences 2881-2892
2025-10-05 14:59:41,374 - INFO - Completed annotation batch 241 in 18.5s (120 results)
2025-10-05 14:59:41,375 - INFO - Annotation Progress: 2892/5000 sequences (57.8%) | Elapsed: 7929.0s | ETA: 5779.5s
2025-10-05 14:59:41,375 - INFO - Starting annotation batch 242: sequences 2893-2904
2025-10-05 14:59:59,408 - INFO - Completed annotation batch 242 in 18.0s (120 results)
2025-10-05 14:59:59,408 - INFO - Annotation Progress: 2904/5000 sequences (58.1%) | Elapsed: 7947.1s | ETA: 5735.9s
2025-10-05 14:59:59,408 - INFO - Starting annotation batch 243: sequences 2905-2916
2025-10-05 15:00:19,807 - INFO - Completed annotation batch 243 in 20.4s (120 results)
2025-10-05 15:00:19,807 - INFO - Annotation Progress: 2916/5000 sequences (58.3%) | Elapsed: 7967.5s | ETA: 5694.2s
2025-10-05 15:00:19,807 - INFO - Starting annotation batch 244: sequences 2917-2928
2025-10-05 15:00:43,781 - INFO - Completed annotation batch 244 in 24.0s (120 results)
2025-10-05 15:00:43,782 - INFO - Annotation Progress: 2928/5000 sequences (58.6%) | Elapsed: 7991.4s | ETA: 5655.1s
2025-10-05 15:00:43,782 - INFO - Starting annotation batch 245: sequences 2929-2940
2025-10-05 15:01:02,495 - INFO - Completed annotation batch 245 in 18.7s (120 results)
2025-10-05 15:01:02,495 - INFO - Annotation Progress: 2940/5000 sequences (58.8%) | Elapsed: 8010.2s | ETA: 5612.6s
2025-10-05 15:01:02,495 - INFO - Starting annotation batch 246: sequences 2941-2952
2025-10-05 15:01:25,066 - INFO - Completed annotation batch 246 in 22.6s (120 results)
2025-10-05 15:01:25,066 - INFO - Annotation Progress: 2952/5000 sequences (59.0%) | Elapsed: 8032.7s | ETA: 5572.8s
2025-10-05 15:01:25,066 - INFO - Starting annotation batch 247: sequences 2953-2964
2025-10-05 15:01:43,141 - INFO - Completed annotation batch 247 in 18.1s (120 results)
2025-10-05 15:01:43,141 - INFO - Annotation Progress: 2964/5000 sequences (59.3%) | Elapsed: 8050.8s | ETA: 5530.2s
2025-10-05 15:01:43,141 - INFO - Starting annotation batch 248: sequences 2965-2976
2025-10-05 15:02:06,782 - INFO - Completed annotation batch 248 in 23.6s (120 results)
2025-10-05 15:02:06,782 - INFO - Annotation Progress: 2976/5000 sequences (59.5%) | Elapsed: 8074.4s | ETA: 5491.5s
2025-10-05 15:02:06,782 - INFO - Starting annotation batch 249: sequences 2977-2988
2025-10-05 15:02:36,980 - INFO - Completed annotation batch 249 in 30.2s (120 results)
2025-10-05 15:02:36,980 - INFO - Annotation Progress: 2988/5000 sequences (59.8%) | Elapsed: 8104.6s | ETA: 5457.3s
2025-10-05 15:02:36,980 - INFO - Starting annotation batch 250: sequences 2989-3000
2025-10-05 15:03:01,079 - INFO - Completed annotation batch 250 in 24.1s (120 results)
2025-10-05 15:03:01,079 - INFO - Annotation Progress: 3000/5000 sequences (60.0%) | Elapsed: 8128.7s | ETA: 5419.2s
2025-10-05 15:03:01,079 - INFO - Starting annotation batch 251: sequences 3001-3012
2025-10-05 15:03:41,960 - INFO - Completed annotation batch 251 in 40.9s (120 results)
2025-10-05 15:03:41,960 - INFO - Annotation Progress: 3012/5000 sequences (60.2%) | Elapsed: 8169.6s | ETA: 5392.2s
2025-10-05 15:03:41,960 - INFO - Starting annotation batch 252: sequences 3013-3024
2025-10-05 15:04:20,026 - INFO - Completed annotation batch 252 in 38.1s (120 results)
2025-10-05 15:04:20,026 - INFO - Annotation Progress: 3024/5000 sequences (60.5%) | Elapsed: 8207.7s | ETA: 5363.2s
2025-10-05 15:04:20,026 - INFO - Starting annotation batch 253: sequences 3025-3036
2025-10-05 15:04:44,241 - INFO - Completed annotation batch 253 in 24.2s (120 results)
2025-10-05 15:04:44,241 - INFO - Annotation Progress: 3036/5000 sequences (60.7%) | Elapsed: 8231.9s | ETA: 5325.2s
2025-10-05 15:04:44,241 - INFO - Starting annotation batch 254: sequences 3037-3048
2025-10-05 15:05:16,185 - INFO - Completed annotation batch 254 in 31.9s (120 results)
2025-10-05 15:05:16,185 - INFO - Annotation Progress: 3048/5000 sequences (61.0%) | Elapsed: 8263.8s | ETA: 5292.3s
2025-10-05 15:05:16,185 - INFO - Starting annotation batch 255: sequences 3049-3060
2025-10-05 15:05:33,197 - INFO - Completed annotation batch 255 in 17.0s (120 results)
2025-10-05 15:05:33,197 - INFO - Annotation Progress: 3060/5000 sequences (61.2%) | Elapsed: 8280.9s | ETA: 5250.0s
2025-10-05 15:05:33,197 - INFO - Starting annotation batch 256: sequences 3061-3072
2025-10-05 15:06:00,243 - INFO - Completed annotation batch 256 in 27.0s (120 results)
2025-10-05 15:06:00,243 - INFO - Annotation Progress: 3072/5000 sequences (61.4%) | Elapsed: 8307.9s | ETA: 5214.1s
2025-10-05 15:06:00,243 - INFO - Starting annotation batch 257: sequences 3073-3084
2025-10-05 15:06:20,377 - INFO - Completed annotation batch 257 in 20.1s (120 results)
2025-10-05 15:06:20,378 - INFO - Annotation Progress: 3084/5000 sequences (61.7%) | Elapsed: 8328.0s | ETA: 5174.0s
2025-10-05 15:06:20,378 - INFO - Starting annotation batch 258: sequences 3085-3096
2025-10-05 15:06:45,628 - INFO - Completed annotation batch 258 in 25.3s (120 results)
2025-10-05 15:06:45,629 - INFO - Annotation Progress: 3096/5000 sequences (61.9%) | Elapsed: 8353.3s | ETA: 5137.2s
2025-10-05 15:06:45,629 - INFO - Starting annotation batch 259: sequences 3097-3108
2025-10-05 15:07:05,429 - INFO - Completed annotation batch 259 in 19.8s (120 results)
2025-10-05 15:07:05,429 - INFO - Annotation Progress: 3108/5000 sequences (62.2%) | Elapsed: 8373.1s | ETA: 5097.1s
2025-10-05 15:07:05,429 - INFO - Starting annotation batch 260: sequences 3109-3120
2025-10-05 15:07:20,783 - INFO - Completed annotation batch 260 in 15.4s (120 results)
2025-10-05 15:07:20,783 - INFO - Annotation Progress: 3120/5000 sequences (62.4%) | Elapsed: 8388.4s | ETA: 5054.6s
2025-10-05 15:07:20,783 - INFO - Starting annotation batch 261: sequences 3121-3132
2025-10-05 15:08:06,155 - INFO - Completed annotation batch 261 in 45.4s (120 results)
2025-10-05 15:08:06,155 - INFO - Annotation Progress: 3132/5000 sequences (62.6%) | Elapsed: 8433.8s | ETA: 5030.1s
2025-10-05 15:08:06,155 - INFO - Starting annotation batch 262: sequences 3133-3144
2025-10-05 15:08:26,079 - INFO - Completed annotation batch 262 in 19.9s (120 results)
2025-10-05 15:08:26,079 - INFO - Annotation Progress: 3144/5000 sequences (62.9%) | Elapsed: 8453.7s | ETA: 4990.5s
2025-10-05 15:08:26,079 - INFO - Starting annotation batch 263: sequences 3145-3156
2025-10-05 15:08:47,974 - INFO - Completed annotation batch 263 in 21.9s (120 results)
2025-10-05 15:08:47,974 - INFO - Annotation Progress: 3156/5000 sequences (63.1%) | Elapsed: 8475.6s | ETA: 4952.2s
2025-10-05 15:08:47,974 - INFO - Starting annotation batch 264: sequences 3157-3168
2025-10-05 15:09:20,039 - INFO - Completed annotation batch 264 in 32.1s (120 results)
2025-10-05 15:09:20,039 - INFO - Annotation Progress: 3168/5000 sequences (63.4%) | Elapsed: 8507.7s | ETA: 4919.9s
2025-10-05 15:09:20,039 - INFO - Starting annotation batch 265: sequences 3169-3180
2025-10-05 15:10:00,320 - INFO - Completed annotation batch 265 in 40.3s (120 results)
2025-10-05 15:10:00,320 - INFO - Annotation Progress: 3180/5000 sequences (63.6%) | Elapsed: 8548.0s | ETA: 4892.2s
2025-10-05 15:10:00,320 - INFO - Starting annotation batch 266: sequences 3181-3192
2025-10-05 15:10:22,708 - INFO - Completed annotation batch 266 in 22.4s (120 results)
2025-10-05 15:10:22,708 - INFO - Annotation Progress: 3192/5000 sequences (63.8%) | Elapsed: 8570.4s | ETA: 4854.4s
2025-10-05 15:10:22,708 - INFO - Starting annotation batch 267: sequences 3193-3204
2025-10-05 15:10:44,019 - INFO - Completed annotation batch 267 in 21.3s (120 results)
2025-10-05 15:10:44,019 - INFO - Annotation Progress: 3204/5000 sequences (64.1%) | Elapsed: 8591.7s | ETA: 4816.1s
2025-10-05 15:10:44,019 - INFO - Starting annotation batch 268: sequences 3205-3216
2025-10-05 15:11:07,041 - INFO - Completed annotation batch 268 in 23.0s (120 results)
2025-10-05 15:11:07,041 - INFO - Annotation Progress: 3216/5000 sequences (64.3%) | Elapsed: 8614.7s | ETA: 4778.8s
2025-10-05 15:11:07,041 - INFO - Starting annotation batch 269: sequences 3217-3228
2025-10-05 15:11:39,027 - INFO - Completed annotation batch 269 in 32.0s (120 results)
2025-10-05 15:11:39,027 - INFO - Annotation Progress: 3228/5000 sequences (64.6%) | Elapsed: 8646.7s | ETA: 4746.6s
2025-10-05 15:11:39,027 - INFO - Starting annotation batch 270: sequences 3229-3240
2025-10-05 15:12:02,588 - INFO - Completed annotation batch 270 in 23.6s (120 results)
2025-10-05 15:12:02,588 - INFO - Annotation Progress: 3240/5000 sequences (64.8%) | Elapsed: 8670.2s | ETA: 4709.8s
2025-10-05 15:12:02,588 - INFO - Starting annotation batch 271: sequences 3241-3252
2025-10-05 15:12:21,421 - INFO - Completed annotation batch 271 in 18.8s (120 results)
2025-10-05 15:12:21,421 - INFO - Annotation Progress: 3252/5000 sequences (65.0%) | Elapsed: 8689.1s | ETA: 4670.5s
2025-10-05 15:12:21,421 - INFO - Starting annotation batch 272: sequences 3253-3264
2025-10-05 15:13:00,991 - INFO - Completed annotation batch 272 in 39.6s (120 results)
2025-10-05 15:13:00,991 - INFO - Annotation Progress: 3264/5000 sequences (65.3%) | Elapsed: 8728.6s | ETA: 4642.4s
2025-10-05 15:13:00,991 - INFO - Starting annotation batch 273: sequences 3265-3276
2025-10-05 15:13:23,111 - INFO - Completed annotation batch 273 in 22.1s (120 results)
2025-10-05 15:13:23,112 - INFO - Annotation Progress: 3276/5000 sequences (65.5%) | Elapsed: 8750.8s | ETA: 4605.1s
2025-10-05 15:13:23,112 - INFO - Starting annotation batch 274: sequences 3277-3288
2025-10-05 15:13:47,034 - INFO - Completed annotation batch 274 in 23.9s (120 results)
2025-10-05 15:13:47,034 - INFO - Annotation Progress: 3288/5000 sequences (65.8%) | Elapsed: 8774.7s | ETA: 4568.8s
2025-10-05 15:13:47,034 - INFO - Starting annotation batch 275: sequences 3289-3300
2025-10-05 15:14:42,562 - INFO - Completed annotation batch 275 in 55.5s (120 results)
2025-10-05 15:14:42,562 - INFO - Annotation Progress: 3300/5000 sequences (66.0%) | Elapsed: 8830.2s | ETA: 4548.9s
2025-10-05 15:14:42,562 - INFO - Starting annotation batch 276: sequences 3301-3312
2025-10-05 15:15:05,409 - INFO - Completed annotation batch 276 in 22.8s (120 results)
2025-10-05 15:15:05,409 - INFO - Annotation Progress: 3312/5000 sequences (66.2%) | Elapsed: 8853.1s | ETA: 4512.1s
2025-10-05 15:15:05,409 - INFO - Starting annotation batch 277: sequences 3313-3324
2025-10-05 15:15:34,103 - INFO - Completed annotation batch 277 in 28.7s (120 results)
2025-10-05 15:15:34,103 - INFO - Annotation Progress: 3324/5000 sequences (66.5%) | Elapsed: 8881.8s | ETA: 4478.3s
2025-10-05 15:15:34,103 - INFO - Starting annotation batch 278: sequences 3325-3336
2025-10-05 15:15:53,447 - INFO - Completed annotation batch 278 in 19.3s (120 results)
2025-10-05 15:15:53,448 - INFO - Annotation Progress: 3336/5000 sequences (66.7%) | Elapsed: 8901.1s | ETA: 4439.9s
2025-10-05 15:15:53,448 - INFO - Starting annotation batch 279: sequences 3337-3348
2025-10-05 15:16:21,455 - INFO - Completed annotation batch 279 in 28.0s (120 results)
2025-10-05 15:16:21,455 - INFO - Annotation Progress: 3348/5000 sequences (67.0%) | Elapsed: 8929.1s | ETA: 4405.9s
2025-10-05 15:16:21,455 - INFO - Starting annotation batch 280: sequences 3349-3360
2025-10-05 15:17:13,530 - INFO - Completed annotation batch 280 in 52.1s (120 results)
2025-10-05 15:17:13,530 - INFO - Annotation Progress: 3360/5000 sequences (67.2%) | Elapsed: 8981.2s | ETA: 4383.7s
2025-10-05 15:17:13,530 - INFO - Starting annotation batch 281: sequences 3361-3372
2025-10-05 15:18:18,414 - INFO - Completed annotation batch 281 in 64.9s (120 results)
2025-10-05 15:18:18,415 - INFO - Annotation Progress: 3372/5000 sequences (67.4%) | Elapsed: 9046.1s | ETA: 4367.4s
2025-10-05 15:18:18,415 - INFO - Starting annotation batch 282: sequences 3373-3384
2025-10-05 15:19:02,614 - INFO - Completed annotation batch 282 in 44.2s (120 results)
2025-10-05 15:19:02,614 - INFO - Annotation Progress: 3384/5000 sequences (67.7%) | Elapsed: 9090.3s | ETA: 4341.0s
2025-10-05 15:19:02,614 - INFO - Starting annotation batch 283: sequences 3385-3396
2025-10-05 15:19:28,593 - INFO - Completed annotation batch 283 in 26.0s (120 results)
2025-10-05 15:19:28,594 - INFO - Annotation Progress: 3396/5000 sequences (67.9%) | Elapsed: 9116.3s | ETA: 4305.8s
2025-10-05 15:19:28,594 - INFO - Starting annotation batch 284: sequences 3397-3408
2025-10-05 15:20:18,848 - INFO - Completed annotation batch 284 in 50.3s (120 results)
2025-10-05 15:20:18,849 - INFO - Annotation Progress: 3408/5000 sequences (68.2%) | Elapsed: 9166.5s | ETA: 4282.0s
2025-10-05 15:20:18,849 - INFO - Starting annotation batch 285: sequences 3409-3420
2025-10-05 15:20:53,091 - INFO - Completed annotation batch 285 in 34.2s (120 results)
2025-10-05 15:20:53,091 - INFO - Annotation Progress: 3420/5000 sequences (68.4%) | Elapsed: 9200.7s | ETA: 4250.6s
2025-10-05 15:20:53,091 - INFO - Starting annotation batch 286: sequences 3421-3432
2025-10-05 15:21:22,663 - INFO - Completed annotation batch 286 in 29.6s (120 results)
2025-10-05 15:21:22,664 - INFO - Annotation Progress: 3432/5000 sequences (68.6%) | Elapsed: 9230.3s | ETA: 4217.1s
2025-10-05 15:21:22,664 - INFO - Starting annotation batch 287: sequences 3433-3444
2025-10-05 15:21:43,801 - INFO - Completed annotation batch 287 in 21.1s (120 results)
2025-10-05 15:21:43,801 - INFO - Annotation Progress: 3444/5000 sequences (68.9%) | Elapsed: 9251.5s | ETA: 4179.8s
2025-10-05 15:21:43,801 - INFO - Starting annotation batch 288: sequences 3445-3456
2025-10-05 15:22:20,544 - INFO - Completed annotation batch 288 in 36.7s (120 results)
2025-10-05 15:22:20,544 - INFO - Annotation Progress: 3456/5000 sequences (69.1%) | Elapsed: 9288.2s | ETA: 4149.6s
2025-10-05 15:22:20,544 - INFO - Starting annotation batch 289: sequences 3457-3468
2025-10-05 15:22:46,643 - INFO - Completed annotation batch 289 in 26.1s (120 results)
2025-10-05 15:22:46,643 - INFO - Annotation Progress: 3468/5000 sequences (69.4%) | Elapsed: 9314.3s | ETA: 4114.6s
2025-10-05 15:22:46,643 - INFO - Starting annotation batch 290: sequences 3469-3480
2025-10-05 15:23:24,570 - INFO - Completed annotation batch 290 in 37.9s (120 results)
2025-10-05 15:23:24,570 - INFO - Annotation Progress: 3480/5000 sequences (69.6%) | Elapsed: 9352.2s | ETA: 4084.9s
2025-10-05 15:23:24,570 - INFO - Starting annotation batch 291: sequences 3481-3492
2025-10-05 15:23:50,528 - INFO - Completed annotation batch 291 in 26.0s (120 results)
2025-10-05 15:23:50,528 - INFO - Annotation Progress: 3492/5000 sequences (69.8%) | Elapsed: 9378.2s | ETA: 4049.9s
2025-10-05 15:23:50,528 - INFO - Starting annotation batch 292: sequences 3493-3504
2025-10-05 15:24:16,306 - INFO - Completed annotation batch 292 in 25.8s (120 results)
2025-10-05 15:24:16,307 - INFO - Annotation Progress: 3504/5000 sequences (70.1%) | Elapsed: 9404.0s | ETA: 4014.9s
2025-10-05 15:24:16,307 - INFO - Starting annotation batch 293: sequences 3505-3516
2025-10-05 15:24:41,112 - INFO - Completed annotation batch 293 in 24.8s (120 results)
2025-10-05 15:24:41,113 - INFO - Annotation Progress: 3516/5000 sequences (70.3%) | Elapsed: 9428.8s | ETA: 3979.6s
2025-10-05 15:24:41,113 - INFO - Starting annotation batch 294: sequences 3517-3528
2025-10-05 15:25:13,081 - INFO - Completed annotation batch 294 in 32.0s (120 results)
2025-10-05 15:25:13,081 - INFO - Annotation Progress: 3528/5000 sequences (70.6%) | Elapsed: 9460.7s | ETA: 3947.3s
2025-10-05 15:25:13,081 - INFO - Starting annotation batch 295: sequences 3529-3540
2025-10-05 15:26:49,253 - INFO - Completed annotation batch 295 in 96.2s (120 results)
2025-10-05 15:26:49,254 - INFO - Annotation Progress: 3540/5000 sequences (70.8%) | Elapsed: 9556.9s | ETA: 3941.6s
2025-10-05 15:26:49,254 - INFO - Starting annotation batch 296: sequences 3541-3552
2025-10-05 15:27:22,039 - INFO - Completed annotation batch 296 in 32.8s (120 results)
2025-10-05 15:27:22,039 - INFO - Annotation Progress: 3552/5000 sequences (71.0%) | Elapsed: 9589.7s | ETA: 3909.3s
2025-10-05 15:27:22,039 - INFO - Starting annotation batch 297: sequences 3553-3564
2025-10-05 15:27:47,789 - INFO - Completed annotation batch 297 in 25.8s (120 results)
2025-10-05 15:27:47,790 - INFO - Annotation Progress: 3564/5000 sequences (71.3%) | Elapsed: 9615.4s | ETA: 3874.2s
2025-10-05 15:27:47,790 - INFO - Starting annotation batch 298: sequences 3565-3576
2025-10-05 15:28:22,945 - INFO - Completed annotation batch 298 in 35.2s (120 results)
2025-10-05 15:28:22,946 - INFO - Annotation Progress: 3576/5000 sequences (71.5%) | Elapsed: 9650.6s | ETA: 3843.0s
2025-10-05 15:28:22,946 - INFO - Starting annotation batch 299: sequences 3577-3588
2025-10-05 15:28:50,941 - INFO - Completed annotation batch 299 in 28.0s (120 results)
2025-10-05 15:28:50,941 - INFO - Annotation Progress: 3588/5000 sequences (71.8%) | Elapsed: 9678.6s | ETA: 3808.9s
2025-10-05 15:28:50,941 - INFO - Starting annotation batch 300: sequences 3589-3600
2025-10-05 15:29:17,458 - INFO - Completed annotation batch 300 in 26.5s (120 results)
2025-10-05 15:29:17,458 - INFO - Annotation Progress: 3600/5000 sequences (72.0%) | Elapsed: 9705.1s | ETA: 3774.2s
2025-10-05 15:29:17,458 - INFO - Starting annotation batch 301: sequences 3601-3612
2025-10-05 15:29:38,715 - INFO - Completed annotation batch 301 in 21.3s (120 results)
2025-10-05 15:29:38,715 - INFO - Annotation Progress: 3612/5000 sequences (72.2%) | Elapsed: 9726.4s | ETA: 3737.6s
2025-10-05 15:29:38,715 - INFO - Starting annotation batch 302: sequences 3613-3624
2025-10-05 15:30:14,215 - INFO - Completed annotation batch 302 in 35.5s (120 results)
2025-10-05 15:30:14,216 - INFO - Annotation Progress: 3624/5000 sequences (72.5%) | Elapsed: 9761.9s | ETA: 3706.5s
2025-10-05 15:30:14,216 - INFO - Starting annotation batch 303: sequences 3625-3636
2025-10-05 15:30:38,148 - INFO - Completed annotation batch 303 in 23.9s (120 results)
2025-10-05 15:30:38,149 - INFO - Annotation Progress: 3636/5000 sequences (72.7%) | Elapsed: 9785.8s | ETA: 3671.0s
2025-10-05 15:30:38,149 - INFO - Starting annotation batch 304: sequences 3637-3648
2025-10-05 15:31:14,659 - INFO - Completed annotation batch 304 in 36.5s (120 results)
2025-10-05 15:31:14,659 - INFO - Annotation Progress: 3648/5000 sequences (73.0%) | Elapsed: 9822.3s | ETA: 3640.3s
2025-10-05 15:31:14,659 - INFO - Starting annotation batch 305: sequences 3649-3660
2025-10-05 15:31:47,309 - INFO - Completed annotation batch 305 in 32.7s (120 results)
2025-10-05 15:31:47,309 - INFO - Annotation Progress: 3660/5000 sequences (73.2%) | Elapsed: 9855.0s | ETA: 3608.1s
2025-10-05 15:31:47,309 - INFO - Starting annotation batch 306: sequences 3661-3672
2025-10-05 15:32:38,669 - INFO - Completed annotation batch 306 in 51.4s (120 results)
2025-10-05 15:32:38,669 - INFO - Annotation Progress: 3672/5000 sequences (73.4%) | Elapsed: 9906.3s | ETA: 3582.7s
2025-10-05 15:32:38,669 - INFO - Starting annotation batch 307: sequences 3673-3684
2025-10-05 15:33:10,369 - INFO - Completed annotation batch 307 in 31.7s (120 results)
2025-10-05 15:33:10,370 - INFO - Annotation Progress: 3684/5000 sequences (73.7%) | Elapsed: 9938.0s | ETA: 3550.1s
2025-10-05 15:33:10,370 - INFO - Starting annotation batch 308: sequences 3685-3696
2025-10-05 15:33:33,794 - INFO - Completed annotation batch 308 in 23.4s (120 results)
2025-10-05 15:33:33,794 - INFO - Annotation Progress: 3696/5000 sequences (73.9%) | Elapsed: 9961.5s | ETA: 3514.5s
2025-10-05 15:33:33,794 - INFO - Starting annotation batch 309: sequences 3697-3708
2025-10-05 15:34:01,549 - INFO - Completed annotation batch 309 in 27.8s (120 results)
2025-10-05 15:34:01,550 - INFO - Annotation Progress: 3708/5000 sequences (74.2%) | Elapsed: 9989.2s | ETA: 3480.6s
2025-10-05 15:34:01,550 - INFO - Starting annotation batch 310: sequences 3709-3720
2025-10-05 15:34:33,549 - INFO - Completed annotation batch 310 in 32.0s (120 results)
2025-10-05 15:34:33,549 - INFO - Annotation Progress: 3720/5000 sequences (74.4%) | Elapsed: 10021.2s | ETA: 3448.2s
2025-10-05 15:34:33,549 - INFO - Starting annotation batch 311: sequences 3721-3732
2025-10-05 15:34:54,241 - INFO - Completed annotation batch 311 in 20.7s (120 results)
2025-10-05 15:34:54,241 - INFO - Annotation Progress: 3732/5000 sequences (74.6%) | Elapsed: 10041.9s | ETA: 3411.9s
2025-10-05 15:34:54,241 - INFO - Starting annotation batch 312: sequences 3733-3744
2025-10-05 15:35:32,327 - INFO - Completed annotation batch 312 in 38.1s (120 results)
2025-10-05 15:35:32,327 - INFO - Annotation Progress: 3744/5000 sequences (74.9%) | Elapsed: 10080.0s | ETA: 3381.5s
2025-10-05 15:35:32,327 - INFO - Starting annotation batch 313: sequences 3745-3756
2025-10-05 15:36:08,846 - INFO - Completed annotation batch 313 in 36.5s (120 results)
2025-10-05 15:36:08,846 - INFO - Annotation Progress: 3756/5000 sequences (75.1%) | Elapsed: 10116.5s | ETA: 3350.6s
2025-10-05 15:36:08,846 - INFO - Starting annotation batch 314: sequences 3757-3768
2025-10-05 15:36:39,687 - INFO - Completed annotation batch 314 in 30.8s (120 results)
2025-10-05 15:36:39,688 - INFO - Annotation Progress: 3768/5000 sequences (75.4%) | Elapsed: 10147.3s | ETA: 3317.8s
2025-10-05 15:36:39,688 - INFO - Starting annotation batch 315: sequences 3769-3780
2025-10-05 15:37:10,374 - INFO - Completed annotation batch 315 in 30.7s (120 results)
2025-10-05 15:37:10,374 - INFO - Annotation Progress: 3780/5000 sequences (75.6%) | Elapsed: 10178.0s | ETA: 3285.0s
2025-10-05 15:37:10,374 - INFO - Starting annotation batch 316: sequences 3781-3792
2025-10-05 15:37:40,526 - INFO - Completed annotation batch 316 in 30.2s (120 results)
2025-10-05 15:37:40,526 - INFO - Annotation Progress: 3792/5000 sequences (75.8%) | Elapsed: 10208.2s | ETA: 3252.0s
2025-10-05 15:37:40,526 - INFO - Starting annotation batch 317: sequences 3793-3804
2025-10-05 15:38:07,741 - INFO - Completed annotation batch 317 in 27.2s (120 results)
2025-10-05 15:38:07,742 - INFO - Annotation Progress: 3804/5000 sequences (76.1%) | Elapsed: 10235.4s | ETA: 3218.1s
2025-10-05 15:38:07,742 - INFO - Starting annotation batch 318: sequences 3805-3816
2025-10-05 15:38:35,747 - INFO - Completed annotation batch 318 in 28.0s (120 results)
2025-10-05 15:38:35,747 - INFO - Annotation Progress: 3816/5000 sequences (76.3%) | Elapsed: 10263.4s | ETA: 3184.5s
2025-10-05 15:38:35,747 - INFO - Starting annotation batch 319: sequences 3817-3828
2025-10-05 15:39:23,795 - INFO - Completed annotation batch 319 in 48.0s (120 results)
2025-10-05 15:39:23,795 - INFO - Annotation Progress: 3828/5000 sequences (76.6%) | Elapsed: 10311.5s | ETA: 3157.0s
2025-10-05 15:39:23,795 - INFO - Starting annotation batch 320: sequences 3829-3840
2025-10-05 15:39:50,787 - INFO - Completed annotation batch 320 in 27.0s (120 results)
2025-10-05 15:39:50,787 - INFO - Annotation Progress: 3840/5000 sequences (76.8%) | Elapsed: 10338.4s | ETA: 3123.1s
2025-10-05 15:39:50,787 - INFO - Starting annotation batch 321: sequences 3841-3852
2025-10-05 15:40:13,969 - INFO - Completed annotation batch 321 in 23.2s (120 results)
2025-10-05 15:40:13,969 - INFO - Annotation Progress: 3852/5000 sequences (77.0%) | Elapsed: 10361.6s | ETA: 3088.0s
2025-10-05 15:40:13,969 - INFO - Starting annotation batch 322: sequences 3853-3864
2025-10-05 15:40:34,655 - INFO - Completed annotation batch 322 in 20.7s (120 results)
2025-10-05 15:40:34,655 - INFO - Annotation Progress: 3864/5000 sequences (77.3%) | Elapsed: 10382.3s | ETA: 3052.4s
2025-10-05 15:40:34,655 - INFO - Starting annotation batch 323: sequences 3865-3876
2025-10-05 15:41:04,837 - INFO - Completed annotation batch 323 in 30.2s (120 results)
2025-10-05 15:41:04,838 - INFO - Annotation Progress: 3876/5000 sequences (77.5%) | Elapsed: 10412.5s | ETA: 3019.5s
2025-10-05 15:41:04,838 - INFO - Starting annotation batch 324: sequences 3877-3888
2025-10-05 15:41:30,481 - INFO - Completed annotation batch 324 in 25.6s (120 results)
2025-10-05 15:41:30,481 - INFO - Annotation Progress: 3888/5000 sequences (77.8%) | Elapsed: 10438.1s | ETA: 2985.4s
2025-10-05 15:41:30,481 - INFO - Starting annotation batch 325: sequences 3889-3900
2025-10-05 15:41:58,601 - INFO - Completed annotation batch 325 in 28.1s (120 results)
2025-10-05 15:41:58,602 - INFO - Annotation Progress: 3900/5000 sequences (78.0%) | Elapsed: 10466.3s | ETA: 2952.0s
2025-10-05 15:41:58,602 - INFO - Starting annotation batch 326: sequences 3901-3912
2025-10-05 15:42:30,399 - INFO - Completed annotation batch 326 in 31.8s (120 results)
2025-10-05 15:42:30,399 - INFO - Annotation Progress: 3912/5000 sequences (78.2%) | Elapsed: 10498.1s | ETA: 2919.7s
2025-10-05 15:42:30,399 - INFO - Starting annotation batch 327: sequences 3913-3924
2025-10-05 15:43:00,387 - INFO - Completed annotation batch 327 in 30.0s (120 results)
2025-10-05 15:43:00,387 - INFO - Annotation Progress: 3924/5000 sequences (78.5%) | Elapsed: 10528.0s | ETA: 2886.9s
2025-10-05 15:43:00,387 - INFO - Starting annotation batch 328: sequences 3925-3936
2025-10-05 15:43:27,153 - INFO - Completed annotation batch 328 in 26.8s (120 results)
2025-10-05 15:43:27,153 - INFO - Annotation Progress: 3936/5000 sequences (78.7%) | Elapsed: 10554.8s | ETA: 2853.2s
2025-10-05 15:43:27,153 - INFO - Starting annotation batch 329: sequences 3937-3948
2025-10-05 15:43:55,690 - INFO - Completed annotation batch 329 in 28.5s (120 results)
2025-10-05 15:43:55,690 - INFO - Annotation Progress: 3948/5000 sequences (79.0%) | Elapsed: 10583.3s | ETA: 2820.1s
2025-10-05 15:43:55,690 - INFO - Starting annotation batch 330: sequences 3949-3960
2025-10-05 15:44:48,855 - INFO - Completed annotation batch 330 in 53.2s (120 results)
2025-10-05 15:44:48,855 - INFO - Annotation Progress: 3960/5000 sequences (79.2%) | Elapsed: 10636.5s | ETA: 2793.4s
2025-10-05 15:44:48,855 - INFO - Starting annotation batch 331: sequences 3961-3972
2025-10-05 15:45:14,403 - INFO - Completed annotation batch 331 in 25.5s (120 results)
2025-10-05 15:45:14,403 - INFO - Annotation Progress: 3972/5000 sequences (79.4%) | Elapsed: 10662.1s | ETA: 2759.5s
2025-10-05 15:45:14,403 - INFO - Starting annotation batch 332: sequences 3973-3984
2025-10-05 15:45:47,166 - INFO - Completed annotation batch 332 in 32.8s (120 results)
2025-10-05 15:45:47,167 - INFO - Annotation Progress: 3984/5000 sequences (79.7%) | Elapsed: 10694.8s | ETA: 2727.4s
2025-10-05 15:45:47,167 - INFO - Starting annotation batch 333: sequences 3985-3996
2025-10-05 15:46:23,220 - INFO - Completed annotation batch 333 in 36.1s (120 results)
2025-10-05 15:46:23,220 - INFO - Annotation Progress: 3996/5000 sequences (79.9%) | Elapsed: 10730.9s | ETA: 2696.1s
2025-10-05 15:46:23,220 - INFO - Starting annotation batch 334: sequences 3997-4008
2025-10-05 15:47:01,040 - INFO - Completed annotation batch 334 in 37.8s (120 results)
2025-10-05 15:47:01,040 - INFO - Annotation Progress: 4008/5000 sequences (80.2%) | Elapsed: 10768.7s | ETA: 2665.3s
2025-10-05 15:47:01,040 - INFO - Starting annotation batch 335: sequences 4009-4020
2025-10-05 15:47:21,399 - INFO - Completed annotation batch 335 in 20.4s (120 results)
2025-10-05 15:47:21,400 - INFO - Annotation Progress: 4020/5000 sequences (80.4%) | Elapsed: 10789.1s | ETA: 2630.2s
2025-10-05 15:47:21,400 - INFO - Starting annotation batch 336: sequences 4021-4032
2025-10-05 15:47:45,286 - INFO - Completed annotation batch 336 in 23.9s (120 results)
2025-10-05 15:47:45,287 - INFO - Annotation Progress: 4032/5000 sequences (80.6%) | Elapsed: 10812.9s | ETA: 2596.0s
2025-10-05 15:47:45,287 - INFO - Starting annotation batch 337: sequences 4033-4044
2025-10-05 15:48:40,655 - INFO - Completed annotation batch 337 in 55.4s (120 results)
2025-10-05 15:48:40,656 - INFO - Annotation Progress: 4044/5000 sequences (80.9%) | Elapsed: 10868.3s | ETA: 2569.3s
2025-10-05 15:48:40,656 - INFO - Starting annotation batch 338: sequences 4045-4056
2025-10-05 15:49:03,403 - INFO - Completed annotation batch 338 in 22.7s (120 results)
2025-10-05 15:49:03,403 - INFO - Annotation Progress: 4056/5000 sequences (81.1%) | Elapsed: 10891.1s | ETA: 2534.8s
2025-10-05 15:49:03,403 - INFO - Starting annotation batch 339: sequences 4057-4068
2025-10-05 15:49:34,366 - INFO - Completed annotation batch 339 in 31.0s (120 results)
2025-10-05 15:49:34,367 - INFO - Annotation Progress: 4068/5000 sequences (81.4%) | Elapsed: 10922.0s | ETA: 2502.3s
2025-10-05 15:49:34,367 - INFO - Starting annotation batch 340: sequences 4069-4080
2025-10-05 15:50:00,420 - INFO - Completed annotation batch 340 in 26.1s (120 results)
2025-10-05 15:50:00,421 - INFO - Annotation Progress: 4080/5000 sequences (81.6%) | Elapsed: 10948.1s | ETA: 2468.7s
2025-10-05 15:50:00,421 - INFO - Starting annotation batch 341: sequences 4081-4092
2025-10-05 15:50:21,089 - INFO - Completed annotation batch 341 in 20.7s (120 results)
2025-10-05 15:50:21,089 - INFO - Annotation Progress: 4092/5000 sequences (81.8%) | Elapsed: 10968.7s | ETA: 2433.9s
2025-10-05 15:50:21,089 - INFO - Starting annotation batch 342: sequences 4093-4104
2025-10-05 15:50:57,900 - INFO - Completed annotation batch 342 in 36.8s (120 results)
2025-10-05 15:50:57,900 - INFO - Annotation Progress: 4104/5000 sequences (82.1%) | Elapsed: 11005.6s | ETA: 2402.8s
2025-10-05 15:50:57,900 - INFO - Starting annotation batch 343: sequences 4105-4116
2025-10-05 15:51:33,613 - INFO - Completed annotation batch 343 in 35.7s (120 results)
2025-10-05 15:51:33,613 - INFO - Annotation Progress: 4116/5000 sequences (82.3%) | Elapsed: 11041.3s | ETA: 2371.4s
2025-10-05 15:51:33,613 - INFO - Starting annotation batch 344: sequences 4117-4128
2025-10-05 15:52:08,808 - INFO - Completed annotation batch 344 in 35.2s (120 results)
2025-10-05 15:52:08,808 - INFO - Annotation Progress: 4128/5000 sequences (82.6%) | Elapsed: 11076.5s | ETA: 2339.8s
2025-10-05 15:52:08,808 - INFO - Starting annotation batch 345: sequences 4129-4140
2025-10-05 15:52:43,297 - INFO - Completed annotation batch 345 in 34.5s (120 results)
2025-10-05 15:52:43,298 - INFO - Annotation Progress: 4140/5000 sequences (82.8%) | Elapsed: 11111.0s | ETA: 2308.1s
2025-10-05 15:52:43,298 - INFO - Starting annotation batch 346: sequences 4141-4152
2025-10-05 15:53:35,482 - INFO - Completed annotation batch 346 in 52.2s (120 results)
2025-10-05 15:53:35,483 - INFO - Annotation Progress: 4152/5000 sequences (83.0%) | Elapsed: 11163.1s | ETA: 2279.9s
2025-10-05 15:53:35,483 - INFO - Starting annotation batch 347: sequences 4153-4164
2025-10-05 15:54:06,456 - INFO - Completed annotation batch 347 in 31.0s (120 results)
2025-10-05 15:54:06,456 - INFO - Annotation Progress: 4164/5000 sequences (83.3%) | Elapsed: 11194.1s | ETA: 2247.4s
2025-10-05 15:54:06,456 - INFO - Starting annotation batch 348: sequences 4165-4176
2025-10-05 15:54:34,001 - INFO - Completed annotation batch 348 in 27.5s (120 results)
2025-10-05 15:54:34,001 - INFO - Annotation Progress: 4176/5000 sequences (83.5%) | Elapsed: 11221.7s | ETA: 2214.2s
2025-10-05 15:54:34,002 - INFO - Starting annotation batch 349: sequences 4177-4188
2025-10-05 15:55:25,010 - INFO - Completed annotation batch 349 in 51.0s (120 results)
2025-10-05 15:55:25,010 - INFO - Annotation Progress: 4188/5000 sequences (83.8%) | Elapsed: 11272.7s | ETA: 2185.6s
2025-10-05 15:55:25,010 - INFO - Starting annotation batch 350: sequences 4189-4200
2025-10-05 15:55:54,443 - INFO - Completed annotation batch 350 in 29.4s (120 results)
2025-10-05 15:55:54,443 - INFO - Annotation Progress: 4200/5000 sequences (84.0%) | Elapsed: 11302.1s | ETA: 2152.8s
2025-10-05 15:55:54,443 - INFO - Starting annotation batch 351: sequences 4201-4212
2025-10-05 15:56:11,981 - INFO - Completed annotation batch 351 in 17.5s (120 results)
2025-10-05 15:56:11,981 - INFO - Annotation Progress: 4212/5000 sequences (84.2%) | Elapsed: 11319.6s | ETA: 2117.7s
2025-10-05 15:56:11,981 - INFO - Starting annotation batch 352: sequences 4213-4224
2025-10-05 15:56:49,962 - INFO - Completed annotation batch 352 in 38.0s (120 results)
2025-10-05 15:56:49,963 - INFO - Annotation Progress: 4224/5000 sequences (84.5%) | Elapsed: 11357.6s | ETA: 2086.5s
2025-10-05 15:56:49,963 - INFO - Starting annotation batch 353: sequences 4225-4236
2025-10-05 15:57:21,784 - INFO - Completed annotation batch 353 in 31.8s (120 results)
2025-10-05 15:57:21,785 - INFO - Annotation Progress: 4236/5000 sequences (84.7%) | Elapsed: 11389.4s | ETA: 2054.2s
2025-10-05 15:57:21,785 - INFO - Starting annotation batch 354: sequences 4237-4248
2025-10-05 15:57:57,422 - INFO - Completed annotation batch 354 in 35.6s (120 results)
2025-10-05 15:57:57,422 - INFO - Annotation Progress: 4248/5000 sequences (85.0%) | Elapsed: 11425.1s | ETA: 2022.5s
2025-10-05 15:57:57,422 - INFO - Starting annotation batch 355: sequences 4249-4260
2025-10-05 15:58:48,630 - INFO - Completed annotation batch 355 in 51.2s (120 results)
2025-10-05 15:58:48,630 - INFO - Annotation Progress: 4260/5000 sequences (85.2%) | Elapsed: 11476.3s | ETA: 1993.5s
2025-10-05 15:58:48,630 - INFO - Starting annotation batch 356: sequences 4261-4272
2025-10-05 15:59:21,136 - INFO - Completed annotation batch 356 in 32.5s (120 results)
2025-10-05 15:59:21,136 - INFO - Annotation Progress: 4272/5000 sequences (85.4%) | Elapsed: 11508.8s | ETA: 1961.2s
2025-10-05 15:59:21,136 - INFO - Starting annotation batch 357: sequences 4273-4284
2025-10-05 16:00:21,890 - INFO - Completed annotation batch 357 in 60.8s (120 results)
2025-10-05 16:00:21,890 - INFO - Annotation Progress: 4284/5000 sequences (85.7%) | Elapsed: 11569.5s | ETA: 1933.7s
2025-10-05 16:00:21,890 - INFO - Starting annotation batch 358: sequences 4285-4296
2025-10-05 16:01:44,014 - INFO - Completed annotation batch 358 in 82.1s (120 results)
2025-10-05 16:01:44,015 - INFO - Annotation Progress: 4296/5000 sequences (85.9%) | Elapsed: 11651.7s | ETA: 1909.4s
2025-10-05 16:01:44,015 - INFO - Starting annotation batch 359: sequences 4297-4308
2025-10-05 16:02:10,722 - INFO - Completed annotation batch 359 in 26.7s (120 results)
2025-10-05 16:02:10,722 - INFO - Annotation Progress: 4308/5000 sequences (86.2%) | Elapsed: 11678.4s | ETA: 1875.9s
2025-10-05 16:02:10,722 - INFO - Starting annotation batch 360: sequences 4309-4320
2025-10-05 16:02:37,767 - INFO - Completed annotation batch 360 in 27.0s (120 results)
2025-10-05 16:02:37,767 - INFO - Annotation Progress: 4320/5000 sequences (86.4%) | Elapsed: 11705.4s | ETA: 1842.5s
2025-10-05 16:02:37,767 - INFO - Starting annotation batch 361: sequences 4321-4332
2025-10-05 16:03:33,374 - INFO - Completed annotation batch 361 in 55.6s (120 results)
2025-10-05 16:03:33,374 - INFO - Annotation Progress: 4332/5000 sequences (86.6%) | Elapsed: 11761.0s | ETA: 1813.6s
2025-10-05 16:03:33,374 - INFO - Starting annotation batch 362: sequences 4333-4344
2025-10-05 16:03:58,335 - INFO - Completed annotation batch 362 in 25.0s (120 results)
2025-10-05 16:03:58,335 - INFO - Annotation Progress: 4344/5000 sequences (86.9%) | Elapsed: 11786.0s | ETA: 1779.8s
2025-10-05 16:03:58,335 - INFO - Starting annotation batch 363: sequences 4345-4356
2025-10-05 16:04:34,679 - INFO - Completed annotation batch 363 in 36.3s (120 results)
2025-10-05 16:04:34,680 - INFO - Annotation Progress: 4356/5000 sequences (87.1%) | Elapsed: 11822.3s | ETA: 1747.8s
2025-10-05 16:04:34,680 - INFO - Starting annotation batch 364: sequences 4357-4368
2025-10-05 16:04:55,663 - INFO - Completed annotation batch 364 in 21.0s (120 results)
2025-10-05 16:04:55,663 - INFO - Annotation Progress: 4368/5000 sequences (87.4%) | Elapsed: 11843.3s | ETA: 1713.6s
2025-10-05 16:04:55,663 - INFO - Starting annotation batch 365: sequences 4369-4380
2025-10-05 16:05:18,826 - INFO - Completed annotation batch 365 in 23.2s (120 results)
2025-10-05 16:05:18,827 - INFO - Annotation Progress: 4380/5000 sequences (87.6%) | Elapsed: 11866.5s | ETA: 1679.7s
2025-10-05 16:05:18,827 - INFO - Starting annotation batch 366: sequences 4381-4392
2025-10-05 16:05:42,736 - INFO - Completed annotation batch 366 in 23.9s (120 results)
2025-10-05 16:05:42,737 - INFO - Annotation Progress: 4392/5000 sequences (87.8%) | Elapsed: 11890.4s | ETA: 1646.0s
2025-10-05 16:05:42,737 - INFO - Starting annotation batch 367: sequences 4393-4404
2025-10-05 16:07:45,521 - INFO - Completed annotation batch 367 in 122.8s (120 results)
2025-10-05 16:07:45,521 - INFO - Annotation Progress: 4404/5000 sequences (88.1%) | Elapsed: 12013.2s | ETA: 1625.8s
2025-10-05 16:07:45,521 - INFO - Starting annotation batch 368: sequences 4405-4416
2025-10-05 16:08:25,322 - INFO - Completed annotation batch 368 in 39.8s (120 results)
2025-10-05 16:08:25,323 - INFO - Annotation Progress: 4416/5000 sequences (88.3%) | Elapsed: 12053.0s | ETA: 1594.0s
2025-10-05 16:08:25,323 - INFO - Starting annotation batch 369: sequences 4417-4428
2025-10-05 16:08:50,660 - INFO - Completed annotation batch 369 in 25.3s (120 results)
2025-10-05 16:08:50,660 - INFO - Annotation Progress: 4428/5000 sequences (88.6%) | Elapsed: 12078.3s | ETA: 1560.3s
2025-10-05 16:08:50,661 - INFO - Starting annotation batch 370: sequences 4429-4440
2025-10-05 16:09:35,436 - INFO - Completed annotation batch 370 in 44.8s (120 results)
2025-10-05 16:09:35,437 - INFO - Annotation Progress: 4440/5000 sequences (88.8%) | Elapsed: 12123.1s | ETA: 1529.0s
2025-10-05 16:09:35,437 - INFO - Starting annotation batch 371: sequences 4441-4452
2025-10-05 16:12:18,937 - INFO - Completed annotation batch 371 in 163.5s (120 results)
2025-10-05 16:12:18,937 - INFO - Annotation Progress: 4452/5000 sequences (89.0%) | Elapsed: 12286.6s | ETA: 1512.4s
2025-10-05 16:12:18,937 - INFO - Starting annotation batch 372: sequences 4453-4464
2025-10-05 16:12:47,389 - INFO - Completed annotation batch 372 in 28.5s (120 results)
2025-10-05 16:12:47,390 - INFO - Annotation Progress: 4464/5000 sequences (89.3%) | Elapsed: 12315.0s | ETA: 1478.7s
2025-10-05 16:12:47,390 - INFO - Starting annotation batch 373: sequences 4465-4476
2025-10-05 16:13:23,278 - INFO - Completed annotation batch 373 in 35.9s (120 results)
2025-10-05 16:13:23,278 - INFO - Annotation Progress: 4476/5000 sequences (89.5%) | Elapsed: 12350.9s | ETA: 1445.9s
2025-10-05 16:13:23,278 - INFO - Starting annotation batch 374: sequences 4477-4488
2025-10-05 16:14:36,107 - INFO - Completed annotation batch 374 in 72.8s (120 results)
2025-10-05 16:14:36,107 - INFO - Annotation Progress: 4488/5000 sequences (89.8%) | Elapsed: 12423.8s | ETA: 1417.3s
2025-10-05 16:14:36,107 - INFO - Starting annotation batch 375: sequences 4489-4500
2025-10-05 16:15:15,340 - INFO - Completed annotation batch 375 in 39.2s (120 results)
2025-10-05 16:15:15,340 - INFO - Annotation Progress: 4500/5000 sequences (90.0%) | Elapsed: 12463.0s | ETA: 1384.8s
2025-10-05 16:15:15,340 - INFO - Starting annotation batch 376: sequences 4501-4512
2025-10-05 16:16:00,113 - INFO - Completed annotation batch 376 in 44.8s (120 results)
2025-10-05 16:16:00,113 - INFO - Annotation Progress: 4512/5000 sequences (90.2%) | Elapsed: 12507.8s | ETA: 1352.8s
2025-10-05 16:16:00,113 - INFO - Starting annotation batch 377: sequences 4513-4524
2025-10-05 16:16:25,381 - INFO - Completed annotation batch 377 in 25.3s (120 results)
2025-10-05 16:16:25,381 - INFO - Annotation Progress: 4524/5000 sequences (90.5%) | Elapsed: 12533.0s | ETA: 1318.7s
2025-10-05 16:16:25,381 - INFO - Starting annotation batch 378: sequences 4525-4536
2025-10-05 16:16:58,155 - INFO - Completed annotation batch 378 in 32.8s (120 results)
2025-10-05 16:16:58,156 - INFO - Annotation Progress: 4536/5000 sequences (90.7%) | Elapsed: 12565.8s | ETA: 1285.4s
2025-10-05 16:16:58,156 - INFO - Starting annotation batch 379: sequences 4537-4548
2025-10-05 16:17:46,706 - INFO - Completed annotation batch 379 in 48.5s (120 results)
2025-10-05 16:17:46,706 - INFO - Annotation Progress: 4548/5000 sequences (91.0%) | Elapsed: 12614.4s | ETA: 1253.7s
2025-10-05 16:17:46,706 - INFO - Starting annotation batch 380: sequences 4549-4560
2025-10-05 16:18:20,257 - INFO - Completed annotation batch 380 in 33.6s (120 results)
2025-10-05 16:18:20,257 - INFO - Annotation Progress: 4560/5000 sequences (91.2%) | Elapsed: 12647.9s | ETA: 1220.4s
2025-10-05 16:18:20,257 - INFO - Starting annotation batch 381: sequences 4561-4572
2025-10-05 16:19:15,018 - INFO - Completed annotation batch 381 in 54.8s (120 results)
2025-10-05 16:19:15,018 - INFO - Annotation Progress: 4572/5000 sequences (91.4%) | Elapsed: 12702.7s | ETA: 1189.1s
2025-10-05 16:19:15,018 - INFO - Starting annotation batch 382: sequences 4573-4584
2025-10-05 16:19:44,767 - INFO - Completed annotation batch 382 in 29.7s (120 results)
2025-10-05 16:19:44,767 - INFO - Annotation Progress: 4584/5000 sequences (91.7%) | Elapsed: 12732.4s | ETA: 1155.5s
2025-10-05 16:19:44,767 - INFO - Starting annotation batch 383: sequences 4585-4596
2025-10-05 16:20:08,011 - INFO - Completed annotation batch 383 in 23.2s (120 results)
2025-10-05 16:20:08,011 - INFO - Annotation Progress: 4596/5000 sequences (91.9%) | Elapsed: 12755.7s | ETA: 1121.3s
2025-10-05 16:20:08,011 - INFO - Starting annotation batch 384: sequences 4597-4608
2025-10-05 16:20:38,799 - INFO - Completed annotation batch 384 in 30.8s (120 results)
2025-10-05 16:20:38,799 - INFO - Annotation Progress: 4608/5000 sequences (92.2%) | Elapsed: 12786.5s | ETA: 1087.7s
2025-10-05 16:20:38,799 - INFO - Starting annotation batch 385: sequences 4609-4620
2025-10-05 16:21:11,088 - INFO - Completed annotation batch 385 in 32.3s (120 results)
2025-10-05 16:21:11,088 - INFO - Annotation Progress: 4620/5000 sequences (92.4%) | Elapsed: 12818.7s | ETA: 1054.4s
2025-10-05 16:21:11,088 - INFO - Starting annotation batch 386: sequences 4621-4632
2025-10-05 16:21:49,738 - INFO - Completed annotation batch 386 in 38.7s (120 results)
2025-10-05 16:21:49,738 - INFO - Annotation Progress: 4632/5000 sequences (92.6%) | Elapsed: 12857.4s | ETA: 1021.5s
2025-10-05 16:21:49,739 - INFO - Starting annotation batch 387: sequences 4633-4644
2025-10-05 16:22:40,601 - INFO - Completed annotation batch 387 in 50.9s (120 results)
2025-10-05 16:22:40,602 - INFO - Annotation Progress: 4644/5000 sequences (92.9%) | Elapsed: 12908.3s | ETA: 989.5s
2025-10-05 16:22:40,602 - INFO - Starting annotation batch 388: sequences 4645-4656
2025-10-05 16:23:29,356 - INFO - Completed annotation batch 388 in 48.8s (120 results)
2025-10-05 16:23:29,356 - INFO - Annotation Progress: 4656/5000 sequences (93.1%) | Elapsed: 12957.0s | ETA: 957.3s
2025-10-05 16:23:29,356 - INFO - Starting annotation batch 389: sequences 4657-4668
2025-10-05 16:24:30,994 - INFO - Completed annotation batch 389 in 61.6s (120 results)
2025-10-05 16:24:30,994 - INFO - Annotation Progress: 4668/5000 sequences (93.4%) | Elapsed: 13018.7s | ETA: 925.9s
2025-10-05 16:24:30,994 - INFO - Starting annotation batch 390: sequences 4669-4680
2025-10-05 16:25:09,961 - INFO - Completed annotation batch 390 in 39.0s (120 results)
2025-10-05 16:25:09,961 - INFO - Annotation Progress: 4680/5000 sequences (93.6%) | Elapsed: 13057.6s | ETA: 892.8s
2025-10-05 16:25:09,962 - INFO - Starting annotation batch 391: sequences 4681-4692
2025-10-05 16:25:37,361 - INFO - Completed annotation batch 391 in 27.4s (120 results)
2025-10-05 16:25:37,362 - INFO - Annotation Progress: 4692/5000 sequences (93.8%) | Elapsed: 13085.0s | ETA: 858.9s
2025-10-05 16:25:37,362 - INFO - Starting annotation batch 392: sequences 4693-4704
2025-10-05 16:26:13,480 - INFO - Completed annotation batch 392 in 36.1s (120 results)
2025-10-05 16:26:13,480 - INFO - Annotation Progress: 4704/5000 sequences (94.1%) | Elapsed: 13121.1s | ETA: 825.6s
2025-10-05 16:26:13,480 - INFO - Starting annotation batch 393: sequences 4705-4716
2025-10-05 16:26:40,566 - INFO - Completed annotation batch 393 in 27.1s (120 results)
2025-10-05 16:26:40,567 - INFO - Annotation Progress: 4716/5000 sequences (94.3%) | Elapsed: 13148.2s | ETA: 791.8s
2025-10-05 16:26:40,567 - INFO - Starting annotation batch 394: sequences 4717-4728
2025-10-05 16:27:13,800 - INFO - Completed annotation batch 394 in 33.2s (120 results)
2025-10-05 16:27:13,800 - INFO - Annotation Progress: 4728/5000 sequences (94.6%) | Elapsed: 13181.5s | ETA: 758.3s
2025-10-05 16:27:13,800 - INFO - Starting annotation batch 395: sequences 4729-4740
2025-10-05 16:27:50,050 - INFO - Completed annotation batch 395 in 36.2s (120 results)
2025-10-05 16:27:50,050 - INFO - Annotation Progress: 4740/5000 sequences (94.8%) | Elapsed: 13217.7s | ETA: 725.0s
2025-10-05 16:27:50,050 - INFO - Starting annotation batch 396: sequences 4741-4752
2025-10-05 16:28:17,661 - INFO - Completed annotation batch 396 in 27.6s (120 results)
2025-10-05 16:28:17,661 - INFO - Annotation Progress: 4752/5000 sequences (95.0%) | Elapsed: 13245.3s | ETA: 691.3s
2025-10-05 16:28:17,661 - INFO - Starting annotation batch 397: sequences 4753-4764
2025-10-05 16:28:51,381 - INFO - Completed annotation batch 397 in 33.7s (120 results)
2025-10-05 16:28:51,382 - INFO - Annotation Progress: 4764/5000 sequences (95.3%) | Elapsed: 13279.0s | ETA: 657.8s
2025-10-05 16:28:51,382 - INFO - Starting annotation batch 398: sequences 4765-4776
2025-10-05 16:29:33,604 - INFO - Completed annotation batch 398 in 42.2s (120 results)
2025-10-05 16:29:33,604 - INFO - Annotation Progress: 4776/5000 sequences (95.5%) | Elapsed: 13321.3s | ETA: 624.8s
2025-10-05 16:29:33,604 - INFO - Starting annotation batch 399: sequences 4777-4788
2025-10-05 16:30:03,701 - INFO - Completed annotation batch 399 in 30.1s (120 results)
2025-10-05 16:30:03,701 - INFO - Annotation Progress: 4788/5000 sequences (95.8%) | Elapsed: 13351.4s | ETA: 591.2s
2025-10-05 16:30:03,701 - INFO - Starting annotation batch 400: sequences 4789-4800
2025-10-05 16:30:38,553 - INFO - Completed annotation batch 400 in 34.9s (120 results)
2025-10-05 16:30:38,553 - INFO - Annotation Progress: 4800/5000 sequences (96.0%) | Elapsed: 13386.2s | ETA: 557.8s
2025-10-05 16:30:38,554 - INFO - Starting annotation batch 401: sequences 4801-4812
2025-10-05 16:31:59,793 - INFO - Completed annotation batch 401 in 81.2s (120 results)
2025-10-05 16:31:59,794 - INFO - Annotation Progress: 4812/5000 sequences (96.2%) | Elapsed: 13467.5s | ETA: 526.2s
2025-10-05 16:31:59,794 - INFO - Starting annotation batch 402: sequences 4813-4824
2025-10-05 16:32:38,777 - INFO - Completed annotation batch 402 in 39.0s (120 results)
2025-10-05 16:32:38,778 - INFO - Annotation Progress: 4824/5000 sequences (96.5%) | Elapsed: 13506.4s | ETA: 492.8s
2025-10-05 16:32:38,778 - INFO - Starting annotation batch 403: sequences 4825-4836
2025-10-05 16:33:04,506 - INFO - Completed annotation batch 403 in 25.7s (120 results)
2025-10-05 16:33:04,506 - INFO - Annotation Progress: 4836/5000 sequences (96.7%) | Elapsed: 13532.2s | ETA: 458.9s
2025-10-05 16:33:04,506 - INFO - Starting annotation batch 404: sequences 4837-4848
2025-10-05 16:33:38,341 - INFO - Completed annotation batch 404 in 33.8s (120 results)
2025-10-05 16:33:38,341 - INFO - Annotation Progress: 4848/5000 sequences (97.0%) | Elapsed: 13566.0s | ETA: 425.3s
2025-10-05 16:33:38,341 - INFO - Starting annotation batch 405: sequences 4849-4860
2025-10-05 16:34:06,734 - INFO - Completed annotation batch 405 in 28.4s (120 results)
2025-10-05 16:34:06,734 - INFO - Annotation Progress: 4860/5000 sequences (97.2%) | Elapsed: 13594.4s | ETA: 391.6s
2025-10-05 16:34:06,735 - INFO - Starting annotation batch 406: sequences 4861-4872
2025-10-05 16:34:47,950 - INFO - Completed annotation batch 406 in 41.2s (120 results)
2025-10-05 16:34:47,950 - INFO - Annotation Progress: 4872/5000 sequences (97.4%) | Elapsed: 13635.6s | ETA: 358.2s
2025-10-05 16:34:47,950 - INFO - Starting annotation batch 407: sequences 4873-4884
2025-10-05 16:35:27,731 - INFO - Completed annotation batch 407 in 39.8s (120 results)
2025-10-05 16:35:27,732 - INFO - Annotation Progress: 4884/5000 sequences (97.7%) | Elapsed: 13675.4s | ETA: 324.8s
2025-10-05 16:35:27,732 - INFO - Starting annotation batch 408: sequences 4885-4896
2025-10-05 16:36:01,140 - INFO - Completed annotation batch 408 in 33.4s (120 results)
2025-10-05 16:36:01,141 - INFO - Annotation Progress: 4896/5000 sequences (97.9%) | Elapsed: 13708.8s | ETA: 291.2s
2025-10-05 16:36:01,141 - INFO - Starting annotation batch 409: sequences 4897-4908
2025-10-05 16:36:38,004 - INFO - Completed annotation batch 409 in 36.9s (120 results)
2025-10-05 16:36:38,005 - INFO - Annotation Progress: 4908/5000 sequences (98.2%) | Elapsed: 13745.7s | ETA: 257.7s
2025-10-05 16:36:38,005 - INFO - Starting annotation batch 410: sequences 4909-4920
2025-10-05 16:37:21,704 - INFO - Completed annotation batch 410 in 43.7s (120 results)
2025-10-05 16:37:21,704 - INFO - Annotation Progress: 4920/5000 sequences (98.4%) | Elapsed: 13789.4s | ETA: 224.2s
2025-10-05 16:37:21,704 - INFO - Starting annotation batch 411: sequences 4921-4932
2025-10-05 16:37:52,026 - INFO - Completed annotation batch 411 in 30.3s (120 results)
2025-10-05 16:37:52,026 - INFO - Annotation Progress: 4932/5000 sequences (98.6%) | Elapsed: 13819.7s | ETA: 190.5s
2025-10-05 16:37:52,026 - INFO - Starting annotation batch 412: sequences 4933-4944
2025-10-05 16:38:27,090 - INFO - Completed annotation batch 412 in 35.1s (120 results)
2025-10-05 16:38:27,090 - INFO - Annotation Progress: 4944/5000 sequences (98.9%) | Elapsed: 13854.7s | ETA: 156.9s
2025-10-05 16:38:27,090 - INFO - Starting annotation batch 413: sequences 4945-4956
2025-10-05 16:38:52,805 - INFO - Completed annotation batch 413 in 25.7s (120 results)
2025-10-05 16:38:52,806 - INFO - Annotation Progress: 4956/5000 sequences (99.1%) | Elapsed: 13880.5s | ETA: 123.2s
2025-10-05 16:38:52,806 - INFO - Starting annotation batch 414: sequences 4957-4968
2025-10-05 16:39:20,364 - INFO - Completed annotation batch 414 in 27.6s (120 results)
2025-10-05 16:39:20,364 - INFO - Annotation Progress: 4968/5000 sequences (99.4%) | Elapsed: 13908.0s | ETA: 89.6s
2025-10-05 16:39:20,364 - INFO - Starting annotation batch 415: sequences 4969-4980
2025-10-05 16:40:03,399 - INFO - Completed annotation batch 415 in 43.0s (120 results)
2025-10-05 16:40:03,399 - INFO - Annotation Progress: 4980/5000 sequences (99.6%) | Elapsed: 13951.1s | ETA: 56.0s
2025-10-05 16:40:03,399 - INFO - Starting annotation batch 416: sequences 4981-4992
2025-10-05 16:40:37,107 - INFO - Completed annotation batch 416 in 33.7s (120 results)
2025-10-05 16:40:37,108 - INFO - Annotation Progress: 4992/5000 sequences (99.8%) | Elapsed: 13984.8s | ETA: 22.4s
2025-10-05 16:40:37,108 - INFO - Starting annotation batch 417: sequences 4993-5000
2025-10-05 16:40:57,056 - INFO - Completed annotation batch 417 in 19.9s (80 results)
2025-10-05 16:40:57,056 - INFO - Annotation Progress: 5000/5000 sequences (100.0%) | Elapsed: 14004.7s | ETA: 0.0s
2025-10-05 16:40:57,272 - INFO - Results saved to /home/rashedul/project/ProSEC/analysis/similarity_search/GeneAnnotation/uniprot_sprot_80000_prot_t5_results.tsv
2025-10-05 16:40:57,272 - INFO - Annotation Complete: 5000/5000 sequences processed (100.0%)
2025-10-05 16:40:57,272 - INFO - Total processing time: 14004.9s | Average: 2.801s per sequence
2025-10-05 16:40:57,272 - INFO - 
Annotation Summary:
2025-10-05 16:40:57,272 - INFO - Total sequences processed: 5000
2025-10-05 16:40:57,272 - INFO - Successful annotations: 5000
2025-10-05 16:40:57,272 - INFO - Below threshold: 0
2025-10-05 16:40:57,272 - INFO - Failed sequences: 0
2025-10-05 16:40:57,272 - INFO - Empty sequences: 0
